[2026-09-29 16:11:13.472 thread:52652 info init.cc:218]:EmbOSA runtime version: V9.1.2
[2026-09-29 16:11:13.472 thread:52652 info init.h:15]:EmbOSA build version: V9.1.2
[2026-09-29 16:11:13.472 thread:52652 info dds_participant.cc:138]:set participant discovery callback.
[2026-09-29 16:11:13.472 thread:52652 info dds_participant.cc:163]:Local Interface IPs:
[2026-09-29 16:11:13.472 thread:52652 info dds_participant.cc:165]:192.168.100.88
[2026-09-29 16:11:13.472 thread:52652 info dds_participant.cc:168]:Peer List IPs:
[2026-09-29 16:11:13.472 thread:52652 info dds_participant.cc:170]:192.168.100.66
[2026-09-29 16:11:13.494 thread:52680 info topology_manager.cc:150]:discovery participant name:galbot-echo+4279_embosa_0
[2026-09-29 16:11:13.495 thread:52680 info topology_manager.cc:150]:discovery participant name:galbot-echo+3882_embosa_0
[2026-09-29 16:11:13.496 thread:52680 info topology_manager.cc:150]:discovery participant name:galbot-echo+4268_embosa_0
[2026-09-29 16:11:13.498 thread:52680 info topology_manager.cc:150]:discovery participant name:galbot-echo+4269_embosa_0
[2026-09-29 16:11:13.499 thread:52680 info topology_manager.cc:150]:discovery participant name:galbot-echo+4271_embosa_0
[2026-09-29 16:11:13.501 thread:52680 info topology_manager.cc:150]:discovery participant name:galbot-echo+4278_embosa_0
[2026-09-29 16:11:13.505 thread:52681 info topology_manager.cc:150]:discovery participant name:galbot-xcu+3951_embosa_0
[2026-09-29 16:11:13.509 thread:52681 info topology_manager.cc:150]:discovery participant name:galbot-echo+5000_embosa_0
[2026-09-29 16:11:13.512 thread:52652 info dds_node_factory.cpp:344]:Successfully created DataWriter for topic: embosa_node_change_broadcast
[2026-09-29 16:11:13.512 thread:52652 info threadpool.cpp:20]:hardware concurrency count: 12
[2026-09-29 16:11:13.512 thread:52680 info topology_manager.cc:150]:discovery participant name:galbot-echo+4264_embosa_0
[2026-09-29 16:11:13.512 thread:52652 info dds_node_factory.cpp:420]:Topic already exists: embosa_node_change_broadcast
[2026-09-29 16:11:13.514 thread:52652 info dds_pub_listener.cc:19]:DDSPubListener matched. topic: embosa_node_change_broadcast, total match count: 1, current match count: 1
[2026-09-29 16:11:13.514 thread:52680 info topology_manager.cc:150]:discovery participant name:galbot-echo+4282_embosa_0
[2026-09-29 16:11:13.515 thread:52652 info dds_sub_serialization_listener.h:573]:DDSSubSerializationListener matched. topic: embosa_node_change_broadcast, total match count: 1, current match count: 1
[2026-09-29 16:11:13.525 thread:52681 info topology_manager.cc:150]:discovery participant name:galbot-xcu+3924_embosa_0
[2026-09-29 16:11:13.528 thread:52681 info topology_manager.cc:150]:discovery participant name:galbot-xcu+3617_embosa_0
[2026-09-29 16:11:13.528 thread:52652 info dds_node_factory.cpp:526]:Successfully created DataReader for topic: embosa_node_change_broadcast
[2026-09-29 16:11:13.531 thread:52681 info topology_manager.cc:150]:discovery participant name:galbot-xcu+3517_embosa_0
[2026-09-29 16:11:13.538 thread:52681 info dds_sub_serialization_listener.h:573]:DDSSubSerializationListener matched. topic: embosa_node_change_broadcast, total match count: 2, current match count: 2
[2026-09-29 16:11:13.538 thread:52681 info dds_sub_serialization_listener.h:573]:DDSSubSerializationListener matched. topic: embosa_node_change_broadcast, total match count: 3, current match count: 3
[2026-09-29 16:11:13.538 thread:52681 info dds_pub_listener.cc:19]:DDSPubListener matched. topic: embosa_node_change_broadcast, total match count: 2, current match count: 2
[2026-09-29 16:11:13.538 thread:52680 info topology_manager.cc:150]:discovery participant name:galbot-echo+4266_embosa_0
[2026-09-29 16:11:13.540 thread:52680 info topology_manager.cc:150]:discovery participant name:galbot-echo+3889_embosa_0
[2026-09-29 16:11:13.542 thread:52680 info topology_manager.cc:150]:discovery participant name:galbot-echo+4280_embosa_0
[2026-09-29 16:11:13.543 thread:52680 info topology_manager.cc:150]:discovery participant name:galbot-echo+4270_embosa_0
[2026-09-29 16:11:13.544 thread:52652 info dds_pub_listener.cc:19]:DDSPubListener matched. topic: embosa_channel_change_broadcast, total match count: 1, current match count: 1
[2026-09-29 16:11:13.544 thread:52652 info dds_node_factory.cpp:344]:Successfully created DataWriter for topic: embosa_channel_change_broadcast
[2026-09-29 16:11:13.544 thread:52652 info dds_node_factory.cpp:420]:Topic already exists: embosa_channel_change_broadcast
[2026-09-29 16:11:13.546 thread:52652 info dds_pub_listener.cc:19]:DDSPubListener matched. topic: embosa_channel_change_broadcast, total match count: 2, current match count: 2
[2026-09-29 16:11:13.546 thread:52652 info dds_sub_serialization_listener.h:573]:DDSSubSerializationListener matched. topic: embosa_channel_change_broadcast, total match count: 1, current match count: 1
[2026-09-29 16:11:13.546 thread:52652 info dds_sub_serialization_listener.h:573]:DDSSubSerializationListener matched. topic: embosa_channel_change_broadcast, total match count: 2, current match count: 2
[2026-09-29 16:11:13.546 thread:52652 info dds_sub_serialization_listener.h:573]:DDSSubSerializationListener matched. topic: embosa_channel_change_broadcast, total match count: 3, current match count: 3
[2026-09-29 16:11:13.547 thread:52652 info dds_node_factory.cpp:526]:Successfully created DataReader for topic: embosa_channel_change_broadcast
[2026-09-29 16:11:13.549 thread:52652 info dds_pub_listener.cc:19]:DDSPubListener matched. topic: embosa_service_change_broadcast, total match count: 1, current match count: 1
[2026-09-29 16:11:13.549 thread:52652 info dds_node_factory.cpp:344]:Successfully created DataWriter for topic: embosa_service_change_broadcast
[2026-09-29 16:11:13.549 thread:52652 info dds_node_factory.cpp:420]:Topic already exists: embosa_service_change_broadcast
[2026-09-29 16:11:13.551 thread:52652 info dds_pub_listener.cc:19]:DDSPubListener matched. topic: embosa_service_change_broadcast, total match count: 2, current match count: 2
[2026-09-29 16:11:13.551 thread:52652 info dds_sub_serialization_listener.h:573]:DDSSubSerializationListener matched. topic: embosa_service_change_broadcast, total match count: 1, current match count: 1
[2026-09-29 16:11:13.551 thread:52652 info dds_sub_serialization_listener.h:573]:DDSSubSerializationListener matched. topic: embosa_service_change_broadcast, total match count: 2, current match count: 2
[2026-09-29 16:11:13.551 thread:52652 info dds_sub_serialization_listener.h:573]:DDSSubSerializationListener matched. topic: embosa_service_change_broadcast, total match count: 3, current match count: 3
[2026-09-29 16:11:13.552 thread:52652 info dds_node_factory.cpp:526]:Successfully created DataReader for topic: embosa_service_change_broadcast
[2026-09-29 16:11:13.552 thread:52652 info dds_participant.cc:99]:transport no support. Use default transport: DEFAULT_UDP_SHM_TRANSPORT.
[2026-09-29 16:11:13.556 thread:52680 info topology_manager.cc:150]:discovery participant name:galbot-echo+4281_embosa_0
[2026-09-29 16:11:13.574 thread:52680 info topology_manager.cc:150]:discovery participant name:galbot-echo+4265_embosa_0
[2026-09-29 16:11:13.576 thread:52652 info dds_node_factory.cpp:526]:Successfully created DataReader for topic: /left_arm_camera/color/image_raw
[2026-09-29 16:11:13.580 thread:52680 info topology_manager.cc:150]:discovery participant name:galbot-echo+4267_embosa_0
[2026-09-29 16:11:13.584 thread:52652 info dds_node_factory.cpp:526]:Successfully created DataReader for topic: /left_arm_camera/color/camera_info
[2026-09-29 16:11:13.584 thread:52652 info init.h:15]:EmbOSA build version: V9.1.2
[2026-09-29 16:11:13.587 thread:52680 info dds_sub_serialization_listener.h:573]:DDSSubSerializationListener matched. topic: embosa_node_change_broadcast, total match count: 4, current match count: 4
[2026-09-29 16:11:13.587 thread:52680 info dds_sub_serialization_listener.h:573]:DDSSubSerializationListener matched. topic: embosa_channel_change_broadcast, total match count: 4, current match count: 4
[2026-09-29 16:11:13.587 thread:52680 info dds_sub_serialization_listener.h:573]:DDSSubSerializationListener matched. topic: embosa_service_change_broadcast, total match count: 4, current match count: 4
[2026-09-29 16:11:13.587 thread:52680 info dds_pub_listener.cc:19]:DDSPubListener matched. topic: embosa_node_change_broadcast, total match count: 3, current match count: 3
[2026-09-29 16:11:13.588 thread:52680 info dds_pub_listener.cc:19]:DDSPubListener matched. topic: embosa_channel_change_broadcast, total match count: 3, current match count: 3
[2026-09-29 16:11:13.588 thread:52680 info dds_pub_listener.cc:19]:DDSPubListener matched. topic: embosa_service_change_broadcast, total match count: 3, current match count: 3
[2026-09-29 16:11:13.591 thread:52652 info dds_node_factory.cpp:526]:Successfully created DataReader for topic: /embosa_tf
[2026-09-29 16:11:13.593 thread:52676 warning RTPS_TRANSPORT_SHM:117]:DDS Buffer is being invalidated, segment_size may be insufficient
[2026-09-29 16:11:13.594 thread:52680 info dds_pub_listener.cc:19]:DDSPubListener matched. topic: embosa_node_change_broadcast, total match count: 4, current match count: 4
[2026-09-29 16:11:13.595 thread:52680 info dds_pub_listener.cc:19]:DDSPubListener matched. topic: embosa_channel_change_broadcast, total match count: 4, current match count: 4
[2026-09-29 16:11:13.595 thread:52680 info dds_pub_listener.cc:19]:DDSPubListener matched. topic: embosa_service_change_broadcast, total match count: 4, current match count: 4
[2026-09-29 16:11:13.596 thread:52680 info dds_sub_serialization_listener.h:573]:DDSSubSerializationListener matched. topic: embosa_node_change_broadcast, total match count: 5, current match count: 5
[2026-09-29 16:11:13.596 thread:52680 info dds_pub_listener.cc:19]:DDSPubListener matched. topic: embosa_node_change_broadcast, total match count: 5, current match count: 5
[2026-09-29 16:11:13.596 thread:52680 info dds_pub_listener.cc:19]:DDSPubListener matched. topic: embosa_channel_change_broadcast, total match count: 5, current match count: 5
[2026-09-29 16:11:13.597 thread:52680 info dds_pub_listener.cc:19]:DDSPubListener matched. topic: embosa_service_change_broadcast, total match count: 5, current match count: 5
[2026-09-29 16:11:13.597 thread:52680 info dds_sub_serialization_listener.h:573]:DDSSubSerializationListener matched. topic: embosa_node_change_broadcast, total match count: 6, current match count: 6
[2026-09-29 16:11:13.606 thread:52652 info dds_node_factory.cpp:526]:Successfully created DataReader for topic: /embosa_tf_static
[2026-09-29 16:11:13.607 thread:52681 info dds_pub_listener.cc:19]:DDSPubListener matched. topic: embosa_node_change_broadcast, total match count: 6, current match count: 6
[2026-09-29 16:11:13.608 thread:52681 info dds_sub_serialization_listener.h:573]:DDSSubSerializationListener matched. topic: embosa_node_change_broadcast, total match count: 7, current match count: 7
[2026-09-29 16:11:13.608 thread:52681 info dds_sub_serialization_listener.h:573]:DDSSubSerializationListener matched. topic: embosa_channel_change_broadcast, total match count: 5, current match count: 5
[2026-09-29 16:11:13.608 thread:52681 info dds_sub_serialization_listener.h:573]:DDSSubSerializationListener matched. topic: embosa_service_change_broadcast, total match count: 5, current match count: 5
[2026-09-29 16:11:13.608 thread:52681 info dds_pub_listener.cc:19]:DDSPubListener matched. topic: embosa_channel_change_broadcast, total match count: 6, current match count: 6
[2026-09-29 16:11:13.608 thread:52681 info dds_pub_listener.cc:19]:DDSPubListener matched. topic: embosa_node_change_broadcast, total match count: 7, current match count: 7
[2026-09-29 16:11:13.609 thread:52681 info dds_pub_listener.cc:19]:DDSPubListener matched. topic: embosa_channel_change_broadcast, total match count: 7, current match count: 7
[2026-09-29 16:11:13.609 thread:52681 info dds_pub_listener.cc:19]:DDSPubListener matched. topic: embosa_service_change_broadcast, total match count: 6, current match count: 6
[2026-09-29 16:11:13.609 thread:52681 info topology_manager.cc:150]:discovery participant name:galbot-xcu+3614_embosa_0
[2026-09-29 16:11:13.612 thread:52681 info dds_pub_listener.cc:19]:DDSPubListener matched. topic: embosa_service_change_broadcast, total match count: 7, current match count: 7
[2026-09-29 16:11:13.612 thread:52681 info topology_manager.cc:150]:discovery participant name:galbot-xcu+3615_embosa_0
[2026-09-29 16:11:13.616 thread:52652 info dds_node_factory.cpp:526]:Successfully created DataReader for topic: /galbot/mission_manager/onboard_config
[2026-09-29 16:11:13.618 thread:52681 info topology_manager.cc:150]:discovery participant name:galbot-xcu+3622_embosa_0
[2026-09-29 16:11:13.624 thread:52681 info topology_manager.cc:150]:discovery participant name:galbot-xcu+3620_embosa_0
[2026-09-29 16:11:13.629 thread:52680 info dds_sub_serialization_listener.h:573]:DDSSubSerializationListener matched. topic: embosa_node_change_broadcast, total match count: 8, current match count: 8
[2026-09-29 16:11:13.629 thread:52680 info dds_sub_serialization_listener.h:573]:DDSSubSerializationListener matched. topic: embosa_channel_change_broadcast, total match count: 6, current match count: 6
[2026-09-29 16:11:13.629 thread:52680 info dds_sub_serialization_listener.h:573]:DDSSubSerializationListener matched. topic: embosa_service_change_broadcast, total match count: 6, current match count: 6
[2026-09-29 16:11:13.629 thread:52680 info dds_sub_serialization_listener.h:573]:DDSSubSerializationListener matched. topic: embosa_channel_change_broadcast, total match count: 7, current match count: 7
[2026-09-29 16:11:13.629 thread:52680 info dds_sub_serialization_listener.h:573]:DDSSubSerializationListener matched. topic: embosa_channel_change_broadcast, total match count: 8, current match count: 8
[2026-09-29 16:11:13.630 thread:52680 info dds_sub_serialization_listener.h:573]:DDSSubSerializationListener matched. topic: embosa_service_change_broadcast, total match count: 7, current match count: 7
[2026-09-29 16:11:13.630 thread:52680 info dds_sub_serialization_listener.h:573]:DDSSubSerializationListener matched. topic: embosa_service_change_broadcast, total match count: 8, current match count: 8
[2026-09-29 16:11:13.630 thread:52680 info dds_sub_serialization_listener.h:573]:DDSSubSerializationListener matched. topic: embosa_node_change_broadcast, total match count: 9, current match count: 9
[2026-09-29 16:11:13.631 thread:52680 info dds_pub_listener.cc:19]:DDSPubListener matched. topic: embosa_node_change_broadcast, total match count: 8, current match count: 8
[2026-09-29 16:11:13.631 thread:52680 info dds_sub_serialization_listener.h:573]:DDSSubSerializationListener matched. topic: embosa_channel_change_broadcast, total match count: 9, current match count: 9
[2026-09-29 16:11:13.631 thread:52680 info dds_sub_serialization_listener.h:573]:DDSSubSerializationListener matched. topic: embosa_service_change_broadcast, total match count: 9, current match count: 9
[2026-09-29 16:11:13.631 thread:52680 info dds_sub_serialization_listener.h:573]:DDSSubSerializationListener matched. topic: embosa_node_change_broadcast, total match count: 10, current match count: 10
[2026-09-29 16:11:13.631 thread:52680 info dds_sub_serialization_listener.h:573]:DDSSubSerializationListener matched. topic: embosa_channel_change_broadcast, total match count: 10, current match count: 10
[2026-09-29 16:11:13.631 thread:52680 info dds_sub_serialization_listener.h:573]:DDSSubSerializationListener matched. topic: embosa_service_change_broadcast, total match count: 10, current match count: 10
[2026-09-29 16:11:13.632 thread:52680 info dds_pub_listener.cc:19]:DDSPubListener matched. topic: embosa_channel_change_broadcast, total match count: 8, current match count: 8
[2026-09-29 16:11:13.633 thread:52680 info dds_pub_listener.cc:19]:DDSPubListener matched. topic: embosa_node_change_broadcast, total match count: 9, current match count: 9
[2026-09-29 16:11:13.633 thread:52676 error HISTORY_DATASHARING_PAYLOADPOOL:102]:DDS Failed to open segment fast_datasharing_01.0f.5c.69.ab.10.7a.65.00.00.00.00_0.0.8.3: No such file or directory
[2026-09-29 16:11:13.633 thread:52676 error RTPS_READER:157]:DDS Failed to add Writer Proxy 01.0f.5c.69.ab.10.7a.65.00.00.00.00|0.0.8.3 to 0.0.9.4 with data sharing.
[2026-09-29 16:11:13.633 thread:52676 error HISTORY_DATASHARING_PAYLOADPOOL:102]:DDS Failed to open segment fast_datasharing_01.0f.5c.69.aa.10.1f.2d.00.00.00.00_0.0.7.3: No such file or directory
[2026-09-29 16:11:13.633 thread:52676 error RTPS_READER:157]:DDS Failed to add Writer Proxy 01.0f.5c.69.aa.10.1f.2d.00.00.00.00|0.0.7.3 to 0.0.a.4 with data sharing.
[2026-09-29 16:11:13.633 thread:52676 error HISTORY_DATASHARING_PAYLOADPOOL:102]:DDS Failed to open segment fast_datasharing_01.0f.5c.69.ab.10.7a.65.00.00.00.00_0.0.9.3: No such file or directory
[2026-09-29 16:11:13.633 thread:52676 error RTPS_READER:157]:DDS Failed to add Writer Proxy 01.0f.5c.69.ab.10.7a.65.00.00.00.00|0.0.9.3 to 0.0.a.4 with data sharing.
[2026-09-29 16:11:13.633 thread:52680 info dds_pub_listener.cc:19]:DDSPubListener matched. topic: embosa_channel_change_broadcast, total match count: 9, current match count: 9
[2026-09-29 16:11:13.634 thread:52680 info dds_pub_listener.cc:19]:DDSPubListener matched. topic: embosa_service_change_broadcast, total match count: 8, current match count: 8
[2026-09-29 16:11:13.634 thread:52680 info dds_sub_serialization_listener.h:573]:DDSSubSerializationListener matched. topic: embosa_node_change_broadcast, total match count: 11, current match count: 11
[2026-09-29 16:11:13.634 thread:52680 info dds_sub_serialization_listener.h:573]:DDSSubSerializationListener matched. topic: embosa_channel_change_broadcast, total match count: 11, current match count: 11
[2026-09-29 16:11:13.634 thread:52680 info dds_sub_serialization_listener.h:573]:DDSSubSerializationListener matched. topic: embosa_service_change_broadcast, total match count: 11, current match count: 11
[2026-09-29 16:11:13.635 thread:52680 info dds_pub_listener.cc:19]:DDSPubListener matched. topic: embosa_service_change_broadcast, total match count: 9, current match count: 9
[2026-09-29 16:11:13.635 thread:52681 info topology_manager.cc:150]:discovery participant name:galbot-xcu+3618_embosa_0
[2026-09-29 16:11:13.635 thread:52652 info dds_sub_listener.cc:511]:DDSSubListener matched. topic: bms, total match count: 1, current match count: 1
[2026-09-29 16:11:13.639 thread:52652 info dds_node_factory.cpp:526]:Successfully created DataReader for topic: bms
[2026-09-29 16:11:13.639 thread:52681 info topology_manager.cc:150]:discovery participant name:galbot-xcu+3616_embosa_0
[2026-09-29 16:11:13.642 thread:52681 info topology_manager.cc:150]:discovery participant name:galbot-xcu+3619_embosa_0
[2026-09-29 16:11:13.645 thread:52652 info init.h:15]:EmbOSA build version: V9.1.2
[2026-09-29 16:11:13.646 thread:52680 info dds_pub_listener.cc:19]:DDSPubListener matched. topic: embosa_node_change_broadcast, total match count: 10, current match count: 10
[2026-09-29 16:11:13.649 thread:52680 info dds_pub_listener.cc:19]:DDSPubListener matched. topic: embosa_channel_change_broadcast, total match count: 10, current match count: 10
[2026-09-29 16:11:13.649 thread:52680 info dds_pub_listener.cc:19]:DDSPubListener matched. topic: embosa_node_change_broadcast, total match count: 11, current match count: 11
[2026-09-29 16:11:13.649 thread:52680 info dds_pub_listener.cc:19]:DDSPubListener matched. topic: embosa_channel_change_broadcast, total match count: 11, current match count: 11
[2026-09-29 16:11:13.650 thread:52680 info dds_pub_listener.cc:19]:DDSPubListener matched. topic: embosa_service_change_broadcast, total match count: 10, current match count: 10
[2026-09-29 16:11:13.650 thread:52680 info dds_pub_listener.cc:19]:DDSPubListener matched. topic: embosa_service_change_broadcast, total match count: 11, current match count: 11
[2026-09-29 16:11:13.651 thread:52680 info dds_sub_serialization_listener.h:573]:DDSSubSerializationListener matched. topic: embosa_node_change_broadcast, total match count: 12, current match count: 12
[2026-09-29 16:11:13.651 thread:52680 info dds_sub_serialization_listener.h:573]:DDSSubSerializationListener matched. topic: embosa_channel_change_broadcast, total match count: 12, current match count: 12
[2026-09-29 16:11:13.651 thread:52680 info dds_sub_serialization_listener.h:573]:DDSSubSerializationListener matched. topic: embosa_service_change_broadcast, total match count: 12, current match count: 12
[2026-09-29 16:11:13.652 thread:52681 info topology_manager.cc:150]:discovery participant name:galbot-xcu+4492_embosa_0
[2026-09-29 16:11:13.654 thread:52681 info dds_sub_serialization_listener.h:573]:DDSSubSerializationListener matched. topic: embosa_node_change_broadcast, total match count: 13, current match count: 13
[2026-09-29 16:11:13.654 thread:52681 info dds_sub_serialization_listener.h:573]:DDSSubSerializationListener matched. topic: embosa_channel_change_broadcast, total match count: 13, current match count: 13
[2026-09-29 16:11:13.654 thread:52681 info dds_sub_serialization_listener.h:573]:DDSSubSerializationListener matched. topic: embosa_service_change_broadcast, total match count: 13, current match count: 13
[2026-09-29 16:11:13.654 thread:52681 info dds_pub_listener.cc:19]:DDSPubListener matched. topic: embosa_node_change_broadcast, total match count: 12, current match count: 12
[2026-09-29 16:11:13.654 thread:52681 info dds_pub_listener.cc:19]:DDSPubListener matched. topic: embosa_channel_change_broadcast, total match count: 12, current match count: 12
[2026-09-29 16:11:13.654 thread:52681 info dds_pub_listener.cc:19]:DDSPubListener matched. topic: embosa_service_change_broadcast, total match count: 12, current match count: 12
[2026-09-29 16:11:13.657 thread:52652 info dds_node_factory.cpp:344]:Successfully created DataWriter for topic: singorix/wbcs/target
[2026-09-29 16:11:13.658 thread:52680 info dds_pub_listener.cc:19]:DDSPubListener matched. topic: embosa_node_change_broadcast, total match count: 13, current match count: 13
[2026-09-29 16:11:13.661 thread:52652 info dds_participant.cc:99]:transport no support. Use default transport: DEFAULT_UDP_SHM_TRANSPORT.
[2026-09-29 16:11:13.666 thread:52680 info dds_pub_listener.cc:19]:DDSPubListener matched. topic: embosa_channel_change_broadcast, total match count: 13, current match count: 13
[2026-09-29 16:11:13.666 thread:52680 info dds_pub_listener.cc:19]:DDSPubListener matched. topic: embosa_service_change_broadcast, total match count: 13, current match count: 13
[2026-09-29 16:11:13.667 thread:52680 info dds_sub_serialization_listener.h:573]:DDSSubSerializationListener matched. topic: embosa_node_change_broadcast, total match count: 14, current match count: 14
[2026-09-29 16:11:13.667 thread:52680 info dds_pub_listener.cc:19]:DDSPubListener matched. topic: embosa_node_change_broadcast, total match count: 14, current match count: 14
[2026-09-29 16:11:13.667 thread:52680 info dds_sub_serialization_listener.h:573]:DDSSubSerializationListener matched. topic: embosa_channel_change_broadcast, total match count: 14, current match count: 14
[2026-09-29 16:11:13.668 thread:52680 info dds_pub_listener.cc:19]:DDSPubListener matched. topic: embosa_channel_change_broadcast, total match count: 14, current match count: 14
[2026-09-29 16:11:13.668 thread:52680 info dds_sub_serialization_listener.h:573]:DDSSubSerializationListener matched. topic: embosa_service_change_broadcast, total match count: 14, current match count: 14
[2026-09-29 16:11:13.669 thread:52680 info dds_pub_listener.cc:19]:DDSPubListener matched. topic: embosa_service_change_broadcast, total match count: 14, current match count: 14
[2026-09-29 16:11:13.672 thread:52676 error HISTORY_DATASHARING_PAYLOADPOOL:102]:DDS Failed to open segment fast_datasharing_01.0f.5c.69.b7.10.3b.e5.00.00.00.00_0.0.a.3: No such file or directory
[2026-09-29 16:11:13.672 thread:52676 error RTPS_READER:157]:DDS Failed to add Writer Proxy 01.0f.5c.69.b7.10.3b.e5.00.00.00.00|0.0.a.3 to 0.0.9.4 with data sharing.
[2026-09-29 16:11:13.672 thread:52680 info dds_sub_serialization_listener.h:573]:DDSSubSerializationListener matched. topic: embosa_node_change_broadcast, total match count: 15, current match count: 15
[2026-09-29 16:11:13.672 thread:52680 info dds_sub_serialization_listener.h:573]:DDSSubSerializationListener matched. topic: embosa_channel_change_broadcast, total match count: 15, current match count: 15
[2026-09-29 16:11:13.672 thread:52680 info dds_sub_serialization_listener.h:573]:DDSSubSerializationListener matched. topic: embosa_service_change_broadcast, total match count: 15, current match count: 15
[2026-09-29 16:11:13.673 thread:52680 info dds_pub_listener.cc:19]:DDSPubListener matched. topic: embosa_node_change_broadcast, total match count: 15, current match count: 15
[2026-09-29 16:11:13.674 thread:52680 info dds_pub_listener.cc:19]:DDSPubListener matched. topic: embosa_channel_change_broadcast, total match count: 15, current match count: 15
[2026-09-29 16:11:13.675 thread:52680 info dds_pub_listener.cc:19]:DDSPubListener matched. topic: embosa_service_change_broadcast, total match count: 15, current match count: 15
[2026-09-29 16:11:13.675 thread:52680 info dds_pub_listener.cc:19]:DDSPubListener matched. topic: embosa_node_change_broadcast, total match count: 16, current match count: 16
[2026-09-29 16:11:13.676 thread:52680 info dds_pub_listener.cc:19]:DDSPubListener matched. topic: embosa_channel_change_broadcast, total match count: 16, current match count: 16
[2026-09-29 16:11:13.678 thread:52652 info dds_node_factory.cpp:344]:Successfully created DataWriter for topic: singorix/wbcs/target_server__RPC__REQUEST
[2026-09-29 16:11:13.678 thread:52652 info dds_participant.cc:99]:transport no support. Use default transport: DEFAULT_UDP_SHM_TRANSPORT.
[2026-09-29 16:11:13.678 thread:52680 info dds_pub_listener.cc:19]:DDSPubListener matched. topic: embosa_service_change_broadcast, total match count: 16, current match count: 16
[2026-09-29 16:11:13.680 thread:52680 info dds_sub_serialization_listener.h:573]:DDSSubSerializationListener matched. topic: embosa_node_change_broadcast, total match count: 16, current match count: 16
[2026-09-29 16:11:13.681 thread:52680 info dds_sub_serialization_listener.h:573]:DDSSubSerializationListener matched. topic: embosa_channel_change_broadcast, total match count: 16, current match count: 16
[2026-09-29 16:11:13.681 thread:52680 info dds_sub_serialization_listener.h:573]:DDSSubSerializationListener matched. topic: embosa_service_change_broadcast, total match count: 16, current match count: 16
[2026-09-29 16:11:13.714 thread:52652 info dds_node_factory.cpp:526]:Successfully created DataReader for topic: singorix/wbcs/target_server__RPC__RESPONSE
[2026-09-29 16:11:13.718 thread:52652 info dds_participant.cc:99]:transport no support. Use default transport: DEFAULT_UDP_SHM_TRANSPORT.
[2026-09-29 16:11:13.721 thread:52680 info dds_pub_listener.cc:19]:DDSPubListener matched. topic: embosa_node_change_broadcast, total match count: 17, current match count: 17
[2026-09-29 16:11:13.722 thread:52680 info dds_pub_listener.cc:19]:DDSPubListener matched. topic: embosa_channel_change_broadcast, total match count: 17, current match count: 17
[2026-09-29 16:11:13.723 thread:52681 info dds_sub_serialization_listener.h:573]:DDSSubSerializationListener matched. topic: embosa_node_change_broadcast, total match count: 17, current match count: 17
[2026-09-29 16:11:13.723 thread:52681 info dds_sub_serialization_listener.h:573]:DDSSubSerializationListener matched. topic: embosa_channel_change_broadcast, total match count: 17, current match count: 17
[2026-09-29 16:11:13.723 thread:52681 info dds_sub_serialization_listener.h:573]:DDSSubSerializationListener matched. topic: embosa_service_change_broadcast, total match count: 17, current match count: 17
[2026-09-29 16:11:13.723 thread:52681 info dds_pub_listener.cc:19]:DDSPubListener matched. topic: embosa_node_change_broadcast, total match count: 18, current match count: 18
[2026-09-29 16:11:13.723 thread:52681 info dds_pub_listener.cc:19]:DDSPubListener matched. topic: embosa_channel_change_broadcast, total match count: 18, current match count: 18
[2026-09-29 16:11:13.723 thread:52681 info dds_pub_listener.cc:19]:DDSPubListener matched. topic: embosa_service_change_broadcast, total match count: 17, current match count: 17
[2026-09-29 16:11:13.724 thread:52680 info dds_pub_listener.cc:19]:DDSPubListener matched. topic: embosa_service_change_broadcast, total match count: 18, current match count: 18
[2026-09-29 16:11:13.728 thread:52680 info dds_sub_serialization_listener.h:573]:DDSSubSerializationListener matched. topic: embosa_node_change_broadcast, total match count: 18, current match count: 18
[2026-09-29 16:11:13.728 thread:52680 info dds_sub_serialization_listener.h:573]:DDSSubSerializationListener matched. topic: embosa_channel_change_broadcast, total match count: 18, current match count: 18
[2026-09-29 16:11:13.728 thread:52680 info dds_sub_serialization_listener.h:573]:DDSSubSerializationListener matched. topic: embosa_service_change_broadcast, total match count: 18, current match count: 18
[2026-09-29 16:11:13.749 thread:52676 error HISTORY_DATASHARING_PAYLOADPOOL:102]:DDS Failed to open segment fast_datasharing_01.0f.5c.69.ba.10.63.2b.00.00.00.00_0.0.a.3: No such file or directory
[2026-09-29 16:11:13.749 thread:52676 error RTPS_READER:157]:DDS Failed to add Writer Proxy 01.0f.5c.69.ba.10.63.2b.00.00.00.00|0.0.a.3 to 0.0.9.4 with data sharing.
[2026-09-29 16:11:13.751 thread:52680 info dds_sub_serialization_listener.h:573]:DDSSubSerializationListener matched. topic: embosa_node_change_broadcast, total match count: 19, current match count: 19
[2026-09-29 16:11:13.751 thread:52680 info dds_sub_serialization_listener.h:573]:DDSSubSerializationListener matched. topic: embosa_channel_change_broadcast, total match count: 19, current match count: 19
[2026-09-29 16:11:13.751 thread:52680 info dds_sub_serialization_listener.h:573]:DDSSubSerializationListener matched. topic: embosa_service_change_broadcast, total match count: 19, current match count: 19
[2026-09-29 16:11:13.752 thread:52676 error HISTORY_DATASHARING_PAYLOADPOOL:102]:DDS Failed to open segment fast_datasharing_01.0f.5c.69.ba.10.63.2b.00.00.00.00_0.0.c.3: No such file or directory
[2026-09-29 16:11:13.752 thread:52676 error RTPS_READER:300]:DDS Failed to add Writer Proxy 01.0f.5c.69.ba.10.63.2b.00.00.00.00|0.0.c.3 to 0.0.7.4 with data sharing.
[2026-09-29 16:11:13.752 thread:52676 error HISTORY_DATASHARING_PAYLOADPOOL:102]:DDS Failed to open segment fast_datasharing_01.0f.5c.69.ba.10.63.2b.00.00.00.00_0.0.10.3: No such file or directory
[2026-09-29 16:11:13.752 thread:52676 error RTPS_READER:157]:DDS Failed to add Writer Proxy 01.0f.5c.69.ba.10.63.2b.00.00.00.00|0.0.10.3 to 0.0.8.4 with data sharing.
[2026-09-29 16:11:13.752 thread:52676 error HISTORY_DATASHARING_PAYLOADPOOL:102]:DDS Failed to open segment fast_datasharing_01.0f.5c.69.ae.10.1f.e4.00.00.00.00_0.0.7.3: No such file or directory
[2026-09-29 16:11:13.752 thread:52676 error RTPS_READER:157]:DDS Failed to add Writer Proxy 01.0f.5c.69.ae.10.1f.e4.00.00.00.00|0.0.7.3 to 0.0.9.4 with data sharing.
[2026-09-29 16:11:13.753 thread:52652 info dds_node_factory.cpp:344]:Successfully created DataWriter for topic: singorix/wbcs/controller_server__RPC__REQUEST
[2026-09-29 16:11:13.753 thread:52652 info dds_participant.cc:99]:transport no support. Use default transport: DEFAULT_UDP_SHM_TRANSPORT.
[2026-09-29 16:11:13.774 thread:52697 error channel_manager.cc:394]:newly added reader(belongs to node[gateway_server|gateway_service|3619])'s message type[embosa_plain_message_type] does not match the exsited reader(belongs to node[diagnose_demo_node|galbot_chassis_service|3924])'s message type[galbot.gateway_proto.BusinessFrame].
[2026-09-29 16:11:13.778 thread:52680 info dds_pub_listener.cc:19]:DDSPubListener matched. topic: embosa_node_change_broadcast, total match count: 19, current match count: 19
[2026-09-29 16:11:13.779 thread:52680 info dds_pub_listener.cc:19]:DDSPubListener matched. topic: embosa_channel_change_broadcast, total match count: 19, current match count: 19
[2026-09-29 16:11:13.780 thread:52680 info dds_pub_listener.cc:19]:DDSPubListener matched. topic: embosa_service_change_broadcast, total match count: 19, current match count: 19
[2026-09-29 16:11:13.782 thread:52652 info dds_node_factory.cpp:526]:Successfully created DataReader for topic: singorix/wbcs/controller_server__RPC__RESPONSE
[2026-09-29 16:11:13.791 thread:52680 info dds_pub_listener.cc:19]:DDSPubListener matched. topic: embosa_node_change_broadcast, total match count: 20, current match count: 20
[2026-09-29 16:11:13.792 thread:52680 info dds_pub_listener.cc:19]:DDSPubListener matched. topic: embosa_channel_change_broadcast, total match count: 20, current match count: 20
[2026-09-29 16:11:13.797 thread:52681 info dds_pub_listener.cc:19]:DDSPubListener matched. topic: embosa_node_change_broadcast, total match count: 21, current match count: 21
[2026-09-29 16:11:13.797 thread:52681 info dds_pub_listener.cc:19]:DDSPubListener matched. topic: embosa_channel_change_broadcast, total match count: 21, current match count: 21
[2026-09-29 16:11:13.798 thread:52681 info dds_pub_listener.cc:19]:DDSPubListener matched. topic: embosa_service_change_broadcast, total match count: 20, current match count: 20
[2026-09-29 16:11:13.798 thread:52681 info dds_sub_serialization_listener.h:573]:DDSSubSerializationListener matched. topic: embosa_node_change_broadcast, total match count: 20, current match count: 20
[2026-09-29 16:11:13.798 thread:52681 info dds_sub_serialization_listener.h:573]:DDSSubSerializationListener matched. topic: embosa_channel_change_broadcast, total match count: 20, current match count: 20
[2026-09-29 16:11:13.798 thread:52681 info dds_sub_serialization_listener.h:573]:DDSSubSerializationListener matched. topic: embosa_service_change_broadcast, total match count: 20, current match count: 20
[2026-09-29 16:11:13.798 thread:52652 info dds_node_factory.cpp:526]:Successfully created DataReader for topic: singorix/wbcs/error
[2026-09-29 16:11:13.814 thread:52652 info dds_node_factory.cpp:526]:Successfully created DataReader for topic: singorix/wbcs/wbc_info
[2026-09-29 16:11:13.823 thread:52680 info dds_pub_listener.cc:19]:DDSPubListener matched. topic: embosa_service_change_broadcast, total match count: 21, current match count: 21
[2026-09-29 16:11:13.825 thread:52680 info dds_sub_serialization_listener.h:573]:DDSSubSerializationListener matched. topic: embosa_node_change_broadcast, total match count: 21, current match count: 21
[2026-09-29 16:11:13.825 thread:52680 info dds_sub_serialization_listener.h:573]:DDSSubSerializationListener matched. topic: embosa_channel_change_broadcast, total match count: 21, current match count: 21
[2026-09-29 16:11:13.826 thread:52680 info dds_sub_serialization_listener.h:573]:DDSSubSerializationListener matched. topic: embosa_service_change_broadcast, total match count: 21, current match count: 21
[2026-09-29 16:11:13.830 thread:52681 info dds_pub_listener.cc:19]:DDSPubListener matched. topic: embosa_node_change_broadcast, total match count: 22, current match count: 22
[2026-09-29 16:11:13.830 thread:52681 info dds_pub_listener.cc:19]:DDSPubListener matched. topic: embosa_channel_change_broadcast, total match count: 22, current match count: 22
[2026-09-29 16:11:13.830 thread:52681 info dds_pub_listener.cc:19]:DDSPubListener matched. topic: embosa_service_change_broadcast, total match count: 22, current match count: 22
[2026-09-29 16:11:13.832 thread:52652 info dds_node_factory.cpp:526]:Successfully created DataReader for topic: singorix/wbcs/sensor
[2026-09-29 16:11:13.837 thread:52681 info dds_sub_serialization_listener.h:573]:DDSSubSerializationListener matched. topic: embosa_node_change_broadcast, total match count: 22, current match count: 22
[2026-09-29 16:11:13.840 thread:52681 info dds_sub_serialization_listener.h:573]:DDSSubSerializationListener matched. topic: embosa_channel_change_broadcast, total match count: 22, current match count: 22
[2026-09-29 16:11:13.840 thread:52681 info dds_sub_serialization_listener.h:573]:DDSSubSerializationListener matched. topic: embosa_service_change_broadcast, total match count: 22, current match count: 22
[2026-09-29 16:11:13.843 thread:52681 info dds_pub_listener.cc:19]:DDSPubListener matched. topic: embosa_node_change_broadcast, total match count: 23, current match count: 23
[2026-09-29 16:11:13.843 thread:52681 info dds_pub_listener.cc:19]:DDSPubListener matched. topic: embosa_channel_change_broadcast, total match count: 23, current match count: 23
[2026-09-29 16:11:13.843 thread:52681 info dds_pub_listener.cc:19]:DDSPubListener matched. topic: embosa_service_change_broadcast, total match count: 23, current match count: 23
[2026-09-29 16:11:13.843 thread:52681 info dds_pub_listener.cc:19]:DDSPubListener matched. topic: embosa_node_change_broadcast, total match count: 24, current match count: 24
[2026-09-29 16:11:13.844 thread:52681 info dds_pub_listener.cc:19]:DDSPubListener matched. topic: embosa_channel_change_broadcast, total match count: 24, current match count: 24
[2026-09-29 16:11:13.844 thread:52681 info dds_pub_listener.cc:19]:DDSPubListener matched. topic: embosa_service_change_broadcast, total match count: 24, current match count: 24
[2026-09-29 16:11:13.849 thread:52680 info topology_manager.cc:150]:discovery participant name:galbot-echo+3801_embosa_0
[2026-09-29 16:11:13.853 thread:52652 info dds_sub_serialization_listener.h:573]:DDSSubSerializationListener matched. topic: /odom/base_link, total match count: 1, current match count: 1
[2026-09-29 16:11:13.854 thread:52652 info dds_node_factory.cpp:526]:Successfully created DataReader for topic: /odom/base_link
[2026-09-29 16:11:13.865 thread:52681 info dds_sub_serialization_listener.h:573]:DDSSubSerializationListener matched. topic: embosa_node_change_broadcast, total match count: 23, current match count: 23
[2026-09-29 16:11:13.865 thread:52681 info dds_sub_serialization_listener.h:573]:DDSSubSerializationListener matched. topic: embosa_channel_change_broadcast, total match count: 23, current match count: 23
[2026-09-29 16:11:13.865 thread:52681 info dds_sub_serialization_listener.h:573]:DDSSubSerializationListener matched. topic: embosa_service_change_broadcast, total match count: 23, current match count: 23
[2026-09-29 16:11:13.944 thread:52681 info dds_pub_listener.cc:19]:DDSPubListener matched. topic: embosa_node_change_broadcast, total match count: 25, current match count: 25
[2026-09-29 16:11:13.950 thread:52681 info dds_pub_listener.cc:19]:DDSPubListener matched. topic: embosa_channel_change_broadcast, total match count: 25, current match count: 25
[2026-09-29 16:11:13.950 thread:52681 info dds_pub_listener.cc:19]:DDSPubListener matched. topic: embosa_service_change_broadcast, total match count: 25, current match count: 25
[2026-09-29 16:11:13.950 thread:52681 info dds_client_pub_listener.cc:20]:DDSClientPubListener matched. topic: singorix/wbcs/controller_server__RPC__REQUEST, total match count: 1, current match count: 1
[2026-09-29 16:11:13.950 thread:52681 info dds_client_pub_listener.cc:20]:DDSClientPubListener matched. topic: singorix/wbcs/target_server__RPC__REQUEST, total match count: 1, current match count: 1
[2026-09-29 16:11:13.950 thread:52681 info dds_pub_listener.cc:19]:DDSPubListener matched. topic: singorix/wbcs/target, total match count: 1, current match count: 1
[2026-09-29 16:11:13.950 thread:52681 info dds_sub_serialization_listener.h:573]:DDSSubSerializationListener matched. topic: embosa_node_change_broadcast, total match count: 24, current match count: 24
[2026-09-29 16:11:13.951 thread:52681 info dds_sub_serialization_listener.h:573]:DDSSubSerializationListener matched. topic: embosa_channel_change_broadcast, total match count: 24, current match count: 24
[2026-09-29 16:11:13.951 thread:52681 info dds_sub_serialization_listener.h:573]:DDSSubSerializationListener matched. topic: embosa_service_change_broadcast, total match count: 24, current match count: 24
[2026-09-29 16:11:13.951 thread:52681 info dds_sub_serialization_listener.h:573]:DDSSubSerializationListener matched. topic: singorix/wbcs/sensor, total match count: 1, current match count: 1
[2026-09-29 16:11:13.951 thread:52681 info dds_sub_serialization_listener.h:573]:DDSSubSerializationListener matched. topic: singorix/wbcs/error, total match count: 1, current match count: 1
[2026-09-29 16:11:13.951 thread:52681 info dds_sub_serialization_listener.h:573]:DDSSubSerializationListener matched. topic: singorix/wbcs/wbc_info, total match count: 1, current match count: 1
[2026-09-29 16:11:13.951 thread:52681 info dds_client_sub_serialization_listener.h:383]:DDSClientSubSerializationListener matched. topic: singorix/wbcs/controller_server__RPC__RESPONSE, total match count: 1, current match count: 1
[2026-09-29 16:11:13.951 thread:52681 info dds_client_sub_serialization_listener.h:383]:DDSClientSubSerializationListener matched. topic: singorix/wbcs/target_server__RPC__RESPONSE, total match count: 1, current match count: 1
[2026-09-29 16:11:13.963 thread:52652 info dds_serialization_dataclient.hpp:409]:Matched server, count: 1, topic: singorix/wbcs/target_server
[2026-09-29 16:11:13.963 thread:52680 info dds_pub_listener.cc:19]:DDSPubListener matched. topic: embosa_node_change_broadcast, total match count: 26, current match count: 26
[2026-09-29 16:11:14.006 thread:52680 info dds_pub_listener.cc:19]:DDSPubListener matched. topic: embosa_channel_change_broadcast, total match count: 26, current match count: 26
[2026-09-29 16:11:14.026 thread:52680 info dds_pub_listener.cc:19]:DDSPubListener matched. topic: embosa_service_change_broadcast, total match count: 26, current match count: 26
[2026-09-29 16:11:14.026 thread:52680 info dds_sub_serialization_listener.h:573]:DDSSubSerializationListener matched. topic: embosa_node_change_broadcast, total match count: 25, current match count: 25
[2026-09-29 16:11:14.039 thread:52680 info dds_sub_serialization_listener.h:573]:DDSSubSerializationListener matched. topic: embosa_channel_change_broadcast, total match count: 25, current match count: 25
[2026-09-29 16:11:14.041 thread:52694 error channel_manager.cc:394]:newly added writer(belongs to node[diagnose_process_node|diagnose|3616])'s message type[galbot.gateway_proto.BusinessFrame] does not match the exsited reader(belongs to node[gateway_server|gateway_service|3619])'s message type[embosa_plain_message_type].
[2026-09-29 16:11:14.041 thread:52683 warning dds_sub_serialization_listener.h:520]:DDSSubSerializationListener: data used time 68 ms, over sub threshold 50 ms, topic: /odom/base_link, index: 59137
[2026-09-29 16:11:14.041 thread:52683 warning dds_sub_serialization_listener.h:520]:DDSSubSerializationListener: data used time 59 ms, over sub threshold 50 ms, topic: /odom/base_link, index: 59138
[2026-09-29 16:11:14.041 thread:52683 warning dds_sub_listener.cc:415]:DDSSubListener: data used time 55 ms, over sub threshold 50 ms, topic: bms, index: 593
[2026-09-29 16:11:14.065 thread:52652 info dds_serialization_dataclient.hpp:409]:Matched server, count: 1, topic: singorix/wbcs/controller_server
[2026-09-29 16:11:14.078 thread:52680 info dds_sub_serialization_listener.h:573]:DDSSubSerializationListener matched. topic: embosa_service_change_broadcast, total match count: 25, current match count: 25
[2026-09-29 16:11:14.079 thread:52680 info topology_manager.cc:150]:discovery participant name:galbot-echo+3881_embosa_0
[2026-09-29 16:11:14.085 thread:52681 info dds_sub_serialization_listener.h:573]:DDSSubSerializationListener matched. topic: embosa_node_change_broadcast, total match count: 26, current match count: 26
[2026-09-29 16:11:14.093 thread:52681 info dds_sub_serialization_listener.h:573]:DDSSubSerializationListener matched. topic: embosa_channel_change_broadcast, total match count: 26, current match count: 26
[2026-09-29 16:11:14.093 thread:52681 info dds_sub_serialization_listener.h:573]:DDSSubSerializationListener matched. topic: embosa_service_change_broadcast, total match count: 26, current match count: 26
[2026-09-29 16:11:14.094 thread:52681 info dds_sub_serialization_listener.h:573]:DDSSubSerializationListener matched. topic: /galbot/mission_manager/onboard_config, total match count: 1, current match count: 1
[2026-09-29 16:11:14.108 thread:52681 info dds_pub_listener.cc:19]:DDSPubListener matched. topic: embosa_node_change_broadcast, total match count: 27, current match count: 27
[2026-09-29 16:11:14.113 thread:52681 info dds_pub_listener.cc:19]:DDSPubListener matched. topic: embosa_channel_change_broadcast, total match count: 27, current match count: 27
[2026-09-29 16:11:14.113 thread:52681 info dds_pub_listener.cc:19]:DDSPubListener matched. topic: embosa_service_change_broadcast, total match count: 27, current match count: 27
[2026-09-29 16:11:14.117 thread:52681 info dds_sub_serialization_listener.h:573]:DDSSubSerializationListener matched. topic: embosa_node_change_broadcast, total match count: 27, current match count: 27
[2026-09-29 16:11:14.117 thread:52681 info dds_sub_serialization_listener.h:573]:DDSSubSerializationListener matched. topic: embosa_channel_change_broadcast, total match count: 27, current match count: 27
[2026-09-29 16:11:14.117 thread:52681 info dds_sub_serialization_listener.h:573]:DDSSubSerializationListener matched. topic: embosa_service_change_broadcast, total match count: 27, current match count: 27
[2026-09-29 16:11:14.117 thread:52681 info dds_sub_serialization_listener.h:573]:DDSSubSerializationListener matched. topic: embosa_node_change_broadcast, total match count: 28, current match count: 28
[2026-09-29 16:11:14.117 thread:52681 info dds_sub_serialization_listener.h:573]:DDSSubSerializationListener matched. topic: embosa_channel_change_broadcast, total match count: 28, current match count: 28
[2026-09-29 16:11:14.117 thread:52681 info dds_sub_serialization_listener.h:573]:DDSSubSerializationListener matched. topic: embosa_service_change_broadcast, total match count: 28, current match count: 28
[2026-09-29 16:11:14.118 thread:52681 info dds_sub_serialization_listener.h:573]:DDSSubSerializationListener matched. topic: /galbot/mission_manager/onboard_config, total match count: 2, current match count: 2
[2026-09-29 16:11:14.119 thread:52681 info dds_pub_listener.cc:19]:DDSPubListener matched. topic: embosa_node_change_broadcast, total match count: 28, current match count: 28
[2026-09-29 16:11:14.127 thread:52681 info dds_pub_listener.cc:19]:DDSPubListener matched. topic: embosa_channel_change_broadcast, total match count: 28, current match count: 28
[2026-09-29 16:11:14.127 thread:52681 info dds_pub_listener.cc:19]:DDSPubListener matched. topic: embosa_service_change_broadcast, total match count: 28, current match count: 28
[2026-09-29 16:11:14.128 thread:52683 warning dds_sub_serialization_listener.h:520]:DDSSubSerializationListener: data used time 75 ms, over sub threshold 50 ms, topic: singorix/wbcs/wbc_info, index: 34397
[2026-09-29 16:11:14.128 thread:52683 warning dds_sub_serialization_listener.h:520]:DDSSubSerializationListener: data used time 71 ms, over sub threshold 50 ms, topic: singorix/wbcs/error, index: 68794
[2026-09-29 16:11:14.128 thread:52683 warning dds_sub_serialization_listener.h:520]:DDSSubSerializationListener: data used time 68 ms, over sub threshold 50 ms, topic: singorix/wbcs/sensor, index: 68795
[2026-09-29 16:11:14.128 thread:52683 warning dds_sub_serialization_listener.h:520]:DDSSubSerializationListener: data used time 65 ms, over sub threshold 50 ms, topic: /odom/base_link, index: 59146
[2026-09-29 16:11:14.128 thread:52683 warning dds_sub_serialization_listener.h:520]:DDSSubSerializationListener: data used time 66 ms, over sub threshold 50 ms, topic: singorix/wbcs/error, index: 68795
[2026-09-29 16:11:14.128 thread:52683 warning dds_sub_serialization_listener.h:520]:DDSSubSerializationListener: data used time 56 ms, over sub threshold 50 ms, topic: /odom/base_link, index: 59147
[2026-09-29 16:11:14.128 thread:52683 warning dds_sub_serialization_listener.h:520]:DDSSubSerializationListener: data used time 57 ms, over sub threshold 50 ms, topic: singorix/wbcs/sensor, index: 68796
[2026-09-29 16:11:14.136 thread:52683 warning dds_sub_serialization_listener.h:520]:DDSSubSerializationListener: data used time 55 ms, over sub threshold 50 ms, topic: /odom/base_link, index: 59148
[2026-09-29 16:11:14.139 thread:52681 info dds_pub_listener.cc:19]:DDSPubListener matched. topic: embosa_node_change_broadcast, total match count: 29, current match count: 29
[2026-09-29 16:11:14.139 thread:52681 info dds_pub_listener.cc:19]:DDSPubListener matched. topic: embosa_channel_change_broadcast, total match count: 29, current match count: 29
[2026-09-29 16:11:14.139 thread:52681 info dds_pub_listener.cc:19]:DDSPubListener matched. topic: embosa_service_change_broadcast, total match count: 29, current match count: 29
[2026-09-29 16:11:14.139 thread:52681 info dds_sub_serialization_listener.h:573]:DDSSubSerializationListener matched. topic: embosa_node_change_broadcast, total match count: 29, current match count: 29
[2026-09-29 16:11:14.139 thread:52681 info dds_sub_serialization_listener.h:573]:DDSSubSerializationListener matched. topic: embosa_channel_change_broadcast, total match count: 29, current match count: 29
[2026-09-29 16:11:14.139 thread:52681 info dds_sub_serialization_listener.h:573]:DDSSubSerializationListener matched. topic: embosa_service_change_broadcast, total match count: 29, current match count: 29
[2026-09-29 16:11:14.166 thread:52652 info init.h:15]:EmbOSA build version: V9.1.2
[2026-09-29 16:11:14.212 thread:52652 info dds_node_factory.cpp:526]:Successfully created DataReader for topic: /galbot/mic
[2026-09-29 16:11:14.226 thread:52652 info dds_node_factory.cpp:344]:Successfully created DataWriter for topic: /galbot/spk
[2026-09-29 16:11:14.251 thread:52680 info dds_pub_listener.cc:19]:DDSPubListener matched. topic: embosa_node_change_broadcast, total match count: 30, current match count: 30
[2026-09-29 16:11:14.251 thread:52683 warning dds_sub_serialization_listener.h:520]:DDSSubSerializationListener: data used time 68 ms, over sub threshold 50 ms, topic: /odom/base_link, index: 59158
[2026-09-29 16:11:14.251 thread:52683 warning dds_sub_serialization_listener.h:520]:DDSSubSerializationListener: data used time 59 ms, over sub threshold 50 ms, topic: /odom/base_link, index: 59159
[2026-09-29 16:11:14.253 thread:52680 info dds_pub_listener.cc:19]:DDSPubListener matched. topic: embosa_channel_change_broadcast, total match count: 30, current match count: 30
[2026-09-29 16:11:14.254 thread:52680 info dds_pub_listener.cc:19]:DDSPubListener matched. topic: embosa_service_change_broadcast, total match count: 30, current match count: 30
[2026-09-29 16:11:14.254 thread:52680 info dds_sub_serialization_listener.h:573]:DDSSubSerializationListener matched. topic: embosa_node_change_broadcast, total match count: 30, current match count: 30
[2026-09-29 16:11:14.254 thread:52680 info dds_sub_serialization_listener.h:573]:DDSSubSerializationListener matched. topic: embosa_channel_change_broadcast, total match count: 30, current match count: 30
[2026-09-29 16:11:14.254 thread:52680 info dds_sub_serialization_listener.h:573]:DDSSubSerializationListener matched. topic: embosa_service_change_broadcast, total match count: 30, current match count: 30
[2026-09-29 16:11:14.256 thread:52683 warning dds_sub_serialization_listener.h:520]:DDSSubSerializationListener: data used time 53 ms, over sub threshold 50 ms, topic: /odom/base_link, index: 59160
[2026-09-29 16:11:14.256 thread:52683 warning dds_sub_serialization_listener.h:520]:DDSSubSerializationListener: data used time 52 ms, over sub threshold 50 ms, topic: singorix/wbcs/error, index: 68796
[2026-09-29 16:11:14.256 thread:52683 warning dds_sub_serialization_listener.h:520]:DDSSubSerializationListener: data used time 51 ms, over sub threshold 50 ms, topic: singorix/wbcs/sensor, index: 68797
[2026-09-29 16:11:14.340 thread:52683 warning dds_sub_serialization_listener.h:520]:DDSSubSerializationListener: data used time 118 ms, over sub threshold 50 ms, topic: /odom/base_link, index: 59162
[2026-09-29 16:11:14.343 thread:52683 warning dds_sub_serialization_listener.h:520]:DDSSubSerializationListener: data used time 112 ms, over sub threshold 50 ms, topic: /odom/base_link, index: 59163
[2026-09-29 16:11:14.344 thread:52683 warning dds_sub_serialization_listener.h:520]:DDSSubSerializationListener: data used time 100 ms, over sub threshold 50 ms, topic: /odom/base_link, index: 59164
[2026-09-29 16:11:14.344 thread:52683 warning dds_sub_serialization_listener.h:520]:DDSSubSerializationListener: data used time 92 ms, over sub threshold 50 ms, topic: /odom/base_link, index: 59165
[2026-09-29 16:11:14.344 thread:52683 warning dds_sub_serialization_listener.h:520]:DDSSubSerializationListener: data used time 82 ms, over sub threshold 50 ms, topic: /odom/base_link, index: 59166
[2026-09-29 16:11:14.344 thread:52683 warning dds_sub_serialization_listener.h:520]:DDSSubSerializationListener: data used time 72 ms, over sub threshold 50 ms, topic: /odom/base_link, index: 59167
[2026-09-29 16:11:14.344 thread:52683 warning dds_sub_serialization_listener.h:520]:DDSSubSerializationListener: data used time 62 ms, over sub threshold 50 ms, topic: /odom/base_link, index: 59168
[2026-09-29 16:11:14.344 thread:52683 warning dds_sub_serialization_listener.h:520]:DDSSubSerializationListener: data used time 59 ms, over sub threshold 50 ms, topic: singorix/wbcs/error, index: 68797
[2026-09-29 16:11:14.344 thread:52683 warning dds_sub_serialization_listener.h:520]:DDSSubSerializationListener: data used time 59 ms, over sub threshold 50 ms, topic: singorix/wbcs/sensor, index: 68798
[2026-09-29 16:11:14.346 thread:52683 warning dds_sub_serialization_listener.h:520]:DDSSubSerializationListener: data used time 59 ms, over sub threshold 50 ms, topic: singorix/wbcs/wbc_info, index: 34399
[2026-09-29 16:11:14.346 thread:52683 warning dds_sub_serialization_listener.h:520]:DDSSubSerializationListener: data used time 59 ms, over sub threshold 50 ms, topic: singorix/wbcs/error, index: 68798
[2026-09-29 16:11:14.346 thread:52683 warning dds_sub_serialization_listener.h:520]:DDSSubSerializationListener: data used time 54 ms, over sub threshold 50 ms, topic: singorix/wbcs/sensor, index: 68799
[2026-09-29 16:11:14.346 thread:52683 error dds_sub_serialization_listener.h:553]:DDSSubSerializationListener: on_sample_lost, topic: singorix/wbcs/sensor, total_count 5, total_count_change: 5
[2026-09-29 16:11:14.346 thread:52683 error dds_sub_serialization_listener.h:553]:DDSSubSerializationListener: on_sample_lost, topic: singorix/wbcs/error, total_count 6, total_count_change: 6
[2026-09-29 16:11:14.346 thread:52683 error dds_sub_serialization_listener.h:553]:DDSSubSerializationListener: on_sample_lost, topic: /odom/base_link, total_count 5, total_count_change: 5
[2026-09-29 16:11:14.349 thread:52683 error dds_sub_serialization_listener.h:553]:DDSSubSerializationListener: on_sample_lost, topic: singorix/wbcs/wbc_info, total_count 3, total_count_change: 3
[2026-09-29 16:11:14.440 thread:52683 warning dds_sub_serialization_listener.h:520]:DDSSubSerializationListener: data used time 76 ms, over sub threshold 50 ms, topic: singorix/wbcs/sensor, index: 68808
[2026-09-29 16:11:14.440 thread:52683 warning dds_sub_serialization_listener.h:520]:DDSSubSerializationListener: data used time 75 ms, over sub threshold 50 ms, topic: /odom/base_link, index: 59176
[2026-09-29 16:11:14.440 thread:52683 warning dds_sub_serialization_listener.h:520]:DDSSubSerializationListener: data used time 75 ms, over sub threshold 50 ms, topic: singorix/wbcs/wbc_info, index: 34404
[2026-09-29 16:11:14.440 thread:52683 warning dds_sub_serialization_listener.h:520]:DDSSubSerializationListener: data used time 74 ms, over sub threshold 50 ms, topic: singorix/wbcs/error, index: 68808
[2026-09-29 16:11:14.440 thread:52683 warning dds_sub_serialization_listener.h:520]:DDSSubSerializationListener: data used time 69 ms, over sub threshold 50 ms, topic: singorix/wbcs/sensor, index: 68809
[2026-09-29 16:11:14.440 thread:52683 warning dds_sub_serialization_listener.h:520]:DDSSubSerializationListener: data used time 68 ms, over sub threshold 50 ms, topic: singorix/wbcs/error, index: 68809
[2026-09-29 16:11:14.440 thread:52683 warning dds_sub_serialization_listener.h:520]:DDSSubSerializationListener: data used time 66 ms, over sub threshold 50 ms, topic: /odom/base_link, index: 59177
[2026-09-29 16:11:14.440 thread:52683 warning dds_sub_serialization_listener.h:520]:DDSSubSerializationListener: data used time 61 ms, over sub threshold 50 ms, topic: singorix/wbcs/sensor, index: 68810
[2026-09-29 16:11:14.440 thread:52683 warning dds_sub_serialization_listener.h:520]:DDSSubSerializationListener: data used time 60 ms, over sub threshold 50 ms, topic: singorix/wbcs/wbc_info, index: 34405
[2026-09-29 16:11:14.440 thread:52683 warning dds_sub_serialization_listener.h:520]:DDSSubSerializationListener: data used time 59 ms, over sub threshold 50 ms, topic: singorix/wbcs/error, index: 68810
[2026-09-29 16:11:14.440 thread:52683 warning dds_sub_serialization_listener.h:520]:DDSSubSerializationListener: data used time 58 ms, over sub threshold 50 ms, topic: /odom/base_link, index: 59178
[2026-09-29 16:11:14.440 thread:52683 warning dds_sub_serialization_listener.h:520]:DDSSubSerializationListener: data used time 53 ms, over sub threshold 50 ms, topic: singorix/wbcs/sensor, index: 68811
[2026-09-29 16:11:14.440 thread:52683 warning dds_sub_serialization_listener.h:520]:DDSSubSerializationListener: data used time 52 ms, over sub threshold 50 ms, topic: singorix/wbcs/error, index: 68811
[2026-09-29 16:11:14.463 thread:52683 warning dds_sub_serialization_listener.h:520]:DDSSubSerializationListener: data used time 67 ms, over sub threshold 50 ms, topic: singorix/wbcs/sensor, index: 68812
[2026-09-29 16:11:14.463 thread:52683 warning dds_sub_serialization_listener.h:520]:DDSSubSerializationListener: data used time 66 ms, over sub threshold 50 ms, topic: singorix/wbcs/wbc_info, index: 34406
[2026-09-29 16:11:14.463 thread:52683 warning dds_sub_serialization_listener.h:520]:DDSSubSerializationListener: data used time 66 ms, over sub threshold 50 ms, topic: singorix/wbcs/error, index: 68812
[2026-09-29 16:11:14.474 thread:52683 warning dds_sub_serialization_listener.h:520]:DDSSubSerializationListener: data used time 72 ms, over sub threshold 50 ms, topic: /odom/base_link, index: 59180
[2026-09-29 16:11:14.474 thread:52683 warning dds_sub_serialization_listener.h:520]:DDSSubSerializationListener: data used time 71 ms, over sub threshold 50 ms, topic: singorix/wbcs/sensor, index: 68813
[2026-09-29 16:11:14.474 thread:52683 warning dds_sub_serialization_listener.h:520]:DDSSubSerializationListener: data used time 69 ms, over sub threshold 50 ms, topic: singorix/wbcs/error, index: 68813
[2026-09-29 16:11:14.474 thread:52683 warning dds_sub_serialization_listener.h:520]:DDSSubSerializationListener: data used time 63 ms, over sub threshold 50 ms, topic: singorix/wbcs/sensor, index: 68814
[2026-09-29 16:11:14.474 thread:52683 warning dds_sub_serialization_listener.h:520]:DDSSubSerializationListener: data used time 62 ms, over sub threshold 50 ms, topic: /odom/base_link, index: 59181
[2026-09-29 16:11:14.474 thread:52683 warning dds_sub_serialization_listener.h:520]:DDSSubSerializationListener: data used time 62 ms, over sub threshold 50 ms, topic: singorix/wbcs/wbc_info, index: 34407
[2026-09-29 16:11:14.474 thread:52683 warning dds_sub_serialization_listener.h:520]:DDSSubSerializationListener: data used time 61 ms, over sub threshold 50 ms, topic: singorix/wbcs/error, index: 68814
[2026-09-29 16:11:14.474 thread:52683 error dds_sub_serialization_listener.h:553]:DDSSubSerializationListener: on_sample_lost, topic: /odom/base_link, total_count 7, total_count_change: 2
[2026-09-29 16:11:14.474 thread:52683 error dds_sub_serialization_listener.h:553]:DDSSubSerializationListener: on_sample_lost, topic: singorix/wbcs/sensor, total_count 8, total_count_change: 3
[2026-09-29 16:11:14.475 thread:52683 error dds_sub_serialization_listener.h:553]:DDSSubSerializationListener: on_sample_lost, topic: singorix/wbcs/wbc_info, total_count 4, total_count_change: 1
[2026-09-29 16:11:14.475 thread:52683 error dds_sub_serialization_listener.h:553]:DDSSubSerializationListener: on_sample_lost, topic: singorix/wbcs/error, total_count 9, total_count_change: 3
[2026-09-29 16:11:14.476 thread:52683 error dds_sub_serialization_listener.h:553]:DDSSubSerializationListener: on_sample_lost, topic: singorix/wbcs/sensor, total_count 10, total_count_change: 2
[2026-09-29 16:11:14.477 thread:52683 error dds_sub_serialization_listener.h:553]:DDSSubSerializationListener: on_sample_lost, topic: singorix/wbcs/wbc_info, total_count 5, total_count_change: 1
[2026-09-29 16:11:14.478 thread:52683 error dds_sub_serialization_listener.h:553]:DDSSubSerializationListener: on_sample_lost, topic: singorix/wbcs/error, total_count 12, total_count_change: 3
[2026-09-29 16:11:14.482 thread:52683 error dds_sub_serialization_listener.h:553]:DDSSubSerializationListener: on_sample_lost, topic: /odom/base_link, total_count 9, total_count_change: 2
[2026-09-29 16:11:14.504 thread:52680 info dds_pub_listener.cc:19]:DDSPubListener matched. topic: embosa_node_change_broadcast, total match count: 31, current match count: 31
[2026-09-29 16:11:14.505 thread:52680 info dds_pub_listener.cc:19]:DDSPubListener matched. topic: embosa_channel_change_broadcast, total match count: 31, current match count: 31
[2026-09-29 16:11:14.505 thread:52680 info dds_pub_listener.cc:19]:DDSPubListener matched. topic: embosa_service_change_broadcast, total match count: 31, current match count: 31
[2026-09-29 16:11:14.513 thread:52680 info dds_sub_serialization_listener.h:573]:DDSSubSerializationListener matched. topic: embosa_node_change_broadcast, total match count: 31, current match count: 31
[2026-09-29 16:11:14.513 thread:52680 info dds_sub_serialization_listener.h:573]:DDSSubSerializationListener matched. topic: embosa_channel_change_broadcast, total match count: 31, current match count: 31
[2026-09-29 16:11:14.513 thread:52680 info dds_sub_serialization_listener.h:573]:DDSSubSerializationListener matched. topic: embosa_service_change_broadcast, total match count: 31, current match count: 31
[2026-09-29 16:11:14.534 thread:52676 error HISTORY_DATASHARING_PAYLOADPOOL:102]:DDS Failed to open segment fast_datasharing_01.0f.5c.69.ac.10.95.2a.00.00.00.00_0.0.c.3: No such file or directory
[2026-09-29 16:11:14.534 thread:52676 error RTPS_READER:157]:DDS Failed to add Writer Proxy 01.0f.5c.69.ac.10.95.2a.00.00.00.00|0.0.c.3 to 0.0.9.4 with data sharing.
[2026-09-29 16:11:16.873 thread:52680 info topology_manager.cc:150]:discovery participant name:galbot-echo+3810_embosa_0
[2026-09-29 16:11:16.946 thread:52680 info dds_sub_serialization_listener.h:573]:DDSSubSerializationListener matched. topic: embosa_node_change_broadcast, total match count: 32, current match count: 32
[2026-09-29 16:11:16.947 thread:52680 info dds_sub_serialization_listener.h:573]:DDSSubSerializationListener matched. topic: embosa_channel_change_broadcast, total match count: 32, current match count: 32
[2026-09-29 16:11:16.948 thread:52680 info dds_sub_serialization_listener.h:573]:DDSSubSerializationListener matched. topic: embosa_service_change_broadcast, total match count: 32, current match count: 32
[2026-09-29 16:11:16.952 thread:52680 info dds_pub_listener.cc:19]:DDSPubListener matched. topic: embosa_node_change_broadcast, total match count: 32, current match count: 32
[2026-09-29 16:11:16.953 thread:52680 info dds_pub_listener.cc:19]:DDSPubListener matched. topic: embosa_channel_change_broadcast, total match count: 32, current match count: 32
[2026-09-29 16:11:16.953 thread:52680 info dds_pub_listener.cc:19]:DDSPubListener matched. topic: embosa_service_change_broadcast, total match count: 32, current match count: 32
[2026-09-29 16:11:24.408 thread:52652 info state.cc:29]:AsyncShutdown invoked.
[2026-09-29 16:11:24.408 thread:52675 info init.cc:68]:Embosa shutdown signal received, processing shutdown.
[2026-09-29 16:11:24.408 thread:52675 info init.cc:74]:Embosa exit callback not set.
[2026-09-29 16:11:24.408 thread:52675 info init.cc:85]:Embosa exit done callback not set.
[2026-09-29 16:11:24.408 thread:52675 info init.cc:88]:Embosa enters shuttingdown state.
[2026-09-29 16:11:24.409 thread:52683 info dds_sub_serialization_listener.h:354]:DDSSubSerializationListener: embosa state is shutdown, topic: singorix/wbcs/sensor
[2026-09-29 16:11:24.410 thread:52683 info dds_sub_serialization_listener.h:354]:DDSSubSerializationListener: embosa state is shutdown, topic: singorix/wbcs/wbc_info
[2026-09-29 16:11:24.410 thread:52683 info dds_sub_serialization_listener.h:354]:DDSSubSerializationListener: embosa state is shutdown, topic: singorix/wbcs/error
[2026-09-29 16:11:24.412 thread:52683 info dds_sub_serialization_listener.h:354]:DDSSubSerializationListener: embosa state is shutdown, topic: /odom/base_link
[2026-09-29 16:11:24.418 thread:52683 info dds_sub_serialization_listener.h:354]:DDSSubSerializationListener: embosa state is shutdown, topic: singorix/wbcs/sensor
[2026-09-29 16:11:24.419 thread:52683 info dds_sub_serialization_listener.h:354]:DDSSubSerializationListener: embosa state is shutdown, topic: singorix/wbcs/error
[2026-09-29 16:11:24.422 thread:52683 info dds_sub_serialization_listener.h:354]:DDSSubSerializationListener: embosa state is shutdown, topic: /odom/base_link
[2026-09-29 16:11:24.426 thread:52683 info dds_sub_serialization_listener.h:354]:DDSSubSerializationListener: embosa state is shutdown, topic: singorix/wbcs/sensor
[2026-09-29 16:11:24.426 thread:52683 info dds_sub_serialization_listener.h:354]:DDSSubSerializationListener: embosa state is shutdown, topic: singorix/wbcs/wbc_info
[2026-09-29 16:11:24.427 thread:52683 info dds_sub_serialization_listener.h:354]:DDSSubSerializationListener: embosa state is shutdown, topic: singorix/wbcs/error
[2026-09-29 16:11:24.433 thread:52683 info dds_sub_serialization_listener.h:354]:DDSSubSerializationListener: embosa state is shutdown, topic: /odom/base_link
[2026-09-29 16:11:24.433 thread:52683 info dds_sub_serialization_listener.h:354]:DDSSubSerializationListener: embosa state is shutdown, topic: singorix/wbcs/sensor
[2026-09-29 16:11:24.434 thread:52683 info dds_sub_serialization_listener.h:354]:DDSSubSerializationListener: embosa state is shutdown, topic: singorix/wbcs/error
[2026-09-29 16:11:24.441 thread:52683 info dds_sub_serialization_listener.h:354]:DDSSubSerializationListener: embosa state is shutdown, topic: singorix/wbcs/sensor
[2026-09-29 16:11:24.442 thread:52683 info dds_sub_serialization_listener.h:354]:DDSSubSerializationListener: embosa state is shutdown, topic: singorix/wbcs/wbc_info
[2026-09-29 16:11:24.442 thread:52683 info dds_sub_serialization_listener.h:354]:DDSSubSerializationListener: embosa state is shutdown, topic: singorix/wbcs/error
[2026-09-29 16:11:24.443 thread:52683 info dds_sub_serialization_listener.h:354]:DDSSubSerializationListener: embosa state is shutdown, topic: /odom/base_link
[2026-09-29 16:11:24.450 thread:52683 info dds_sub_serialization_listener.h:354]:DDSSubSerializationListener: embosa state is shutdown, topic: singorix/wbcs/sensor
[2026-09-29 16:11:24.450 thread:52683 info dds_sub_serialization_listener.h:354]:DDSSubSerializationListener: embosa state is shutdown, topic: singorix/wbcs/error
[2026-09-29 16:11:24.452 thread:52683 info dds_sub_serialization_listener.h:354]:DDSSubSerializationListener: embosa state is shutdown, topic: /odom/base_link
[2026-09-29 16:11:24.458 thread:52683 info dds_sub_serialization_listener.h:354]:DDSSubSerializationListener: embosa state is shutdown, topic: singorix/wbcs/sensor
[2026-09-29 16:11:24.458 thread:52683 info dds_sub_serialization_listener.h:354]:DDSSubSerializationListener: embosa state is shutdown, topic: singorix/wbcs/wbc_info
[2026-09-29 16:11:24.459 thread:52683 info dds_sub_serialization_listener.h:354]:DDSSubSerializationListener: embosa state is shutdown, topic: singorix/wbcs/error
[2026-09-29 16:11:24.462 thread:52683 info dds_sub_serialization_listener.h:354]:DDSSubSerializationListener: embosa state is shutdown, topic: /odom/base_link
[2026-09-29 16:11:24.466 thread:52683 info dds_sub_serialization_listener.h:354]:DDSSubSerializationListener: embosa state is shutdown, topic: singorix/wbcs/sensor
[2026-09-29 16:11:24.466 thread:52683 info dds_sub_serialization_listener.h:354]:DDSSubSerializationListener: embosa state is shutdown, topic: singorix/wbcs/error
[2026-09-29 16:11:24.474 thread:52683 info dds_sub_serialization_listener.h:354]:DDSSubSerializationListener: embosa state is shutdown, topic: singorix/wbcs/sensor
[2026-09-29 16:11:24.474 thread:52683 info dds_sub_serialization_listener.h:354]:DDSSubSerializationListener: embosa state is shutdown, topic: /odom/base_link
[2026-09-29 16:11:24.475 thread:52683 info dds_sub_serialization_listener.h:354]:DDSSubSerializationListener: embosa state is shutdown, topic: singorix/wbcs/wbc_info
[2026-09-29 16:11:24.476 thread:52683 info dds_sub_serialization_listener.h:354]:DDSSubSerializationListener: embosa state is shutdown, topic: singorix/wbcs/error
[2026-09-29 16:11:24.482 thread:52683 info dds_sub_serialization_listener.h:354]:DDSSubSerializationListener: embosa state is shutdown, topic: singorix/wbcs/sensor
[2026-09-29 16:11:24.483 thread:52683 info dds_sub_serialization_listener.h:354]:DDSSubSerializationListener: embosa state is shutdown, topic: /odom/base_link
[2026-09-29 16:11:24.483 thread:52683 info dds_sub_serialization_listener.h:354]:DDSSubSerializationListener: embosa state is shutdown, topic: singorix/wbcs/error
[2026-09-29 16:11:24.490 thread:52683 info dds_sub_serialization_listener.h:354]:DDSSubSerializationListener: embosa state is shutdown, topic: singorix/wbcs/sensor
[2026-09-29 16:11:24.490 thread:52683 info dds_sub_serialization_listener.h:354]:DDSSubSerializationListener: embosa state is shutdown, topic: singorix/wbcs/wbc_info
[2026-09-29 16:11:24.491 thread:52683 info dds_sub_serialization_listener.h:354]:DDSSubSerializationListener: embosa state is shutdown, topic: singorix/wbcs/error
[2026-09-29 16:11:24.492 thread:52683 info dds_sub_serialization_listener.h:354]:DDSSubSerializationListener: embosa state is shutdown, topic: /odom/base_link
[2026-09-29 16:11:24.498 thread:52683 info dds_sub_serialization_listener.h:354]:DDSSubSerializationListener: embosa state is shutdown, topic: singorix/wbcs/sensor
[2026-09-29 16:11:24.498 thread:52683 info dds_sub_serialization_listener.h:354]:DDSSubSerializationListener: embosa state is shutdown, topic: singorix/wbcs/error
[2026-09-29 16:11:24.503 thread:52683 info dds_sub_serialization_listener.h:354]:DDSSubSerializationListener: embosa state is shutdown, topic: /odom/base_link
[2026-09-29 16:11:24.507 thread:52683 info dds_sub_serialization_listener.h:354]:DDSSubSerializationListener: embosa state is shutdown, topic: singorix/wbcs/sensor
[2026-09-29 16:11:24.508 thread:52683 info dds_sub_serialization_listener.h:354]:DDSSubSerializationListener: embosa state is shutdown, topic: singorix/wbcs/wbc_info
[2026-09-29 16:11:24.510 thread:52683 info dds_sub_serialization_listener.h:354]:DDSSubSerializationListener: embosa state is shutdown, topic: singorix/wbcs/error
[2026-09-29 16:11:24.512 thread:52683 info dds_sub_serialization_listener.h:354]:DDSSubSerializationListener: embosa state is shutdown, topic: /odom/base_link
[2026-09-29 16:11:24.516 thread:52683 info dds_sub_serialization_listener.h:354]:DDSSubSerializationListener: embosa state is shutdown, topic: singorix/wbcs/sensor
[2026-09-29 16:11:24.517 thread:52683 info dds_sub_serialization_listener.h:354]:DDSSubSerializationListener: embosa state is shutdown, topic: singorix/wbcs/error
[2026-09-29 16:11:24.533 thread:52683 info dds_sub_serialization_listener.h:354]:DDSSubSerializationListener: embosa state is shutdown, topic: /odom/base_link
[2026-09-29 16:11:24.534 thread:52683 info dds_sub_serialization_listener.h:354]:DDSSubSerializationListener: embosa state is shutdown, topic: singorix/wbcs/sensor
[2026-09-29 16:11:24.537 thread:52683 info dds_sub_serialization_listener.h:354]:DDSSubSerializationListener: embosa state is shutdown, topic: singorix/wbcs/wbc_info
[2026-09-29 16:11:24.538 thread:52683 info dds_sub_serialization_listener.h:354]:DDSSubSerializationListener: embosa state is shutdown, topic: singorix/wbcs/error
[2026-09-29 16:11:24.540 thread:52683 info dds_sub_serialization_listener.h:354]:DDSSubSerializationListener: embosa state is shutdown, topic: singorix/wbcs/sensor
[2026-09-29 16:11:24.541 thread:52683 info dds_sub_serialization_listener.h:354]:DDSSubSerializationListener: embosa state is shutdown, topic: singorix/wbcs/error
[2026-09-29 16:11:24.542 thread:52683 info dds_sub_serialization_listener.h:354]:DDSSubSerializationListener: embosa state is shutdown, topic: singorix/wbcs/sensor
[2026-09-29 16:11:24.542 thread:52683 info dds_sub_serialization_listener.h:354]:DDSSubSerializationListener: embosa state is shutdown, topic: /odom/base_link
[2026-09-29 16:11:24.543 thread:52683 info dds_sub_serialization_listener.h:354]:DDSSubSerializationListener: embosa state is shutdown, topic: singorix/wbcs/wbc_info
[2026-09-29 16:11:24.544 thread:52683 info dds_sub_serialization_listener.h:354]:DDSSubSerializationListener: embosa state is shutdown, topic: singorix/wbcs/error
[2026-09-29 16:11:24.546 thread:52683 info dds_sub_serialization_listener.h:354]:DDSSubSerializationListener: embosa state is shutdown, topic: singorix/wbcs/sensor
[2026-09-29 16:11:24.546 thread:52683 info dds_sub_serialization_listener.h:354]:DDSSubSerializationListener: embosa state is shutdown, topic: singorix/wbcs/error
[2026-09-29 16:11:24.554 thread:52683 info dds_sub_serialization_listener.h:354]:DDSSubSerializationListener: embosa state is shutdown, topic: /odom/base_link
[2026-09-29 16:11:24.556 thread:52683 info dds_sub_serialization_listener.h:354]:DDSSubSerializationListener: embosa state is shutdown, topic: singorix/wbcs/sensor
[2026-09-29 16:11:24.559 thread:52683 info dds_sub_serialization_listener.h:354]:DDSSubSerializationListener: embosa state is shutdown, topic: singorix/wbcs/wbc_info
[2026-09-29 16:11:24.561 thread:52683 info dds_sub_serialization_listener.h:354]:DDSSubSerializationListener: embosa state is shutdown, topic: singorix/wbcs/error
[2026-09-29 16:11:24.563 thread:52683 info dds_sub_serialization_listener.h:354]:DDSSubSerializationListener: embosa state is shutdown, topic: singorix/wbcs/sensor
[2026-09-29 16:11:24.565 thread:52683 info dds_sub_serialization_listener.h:354]:DDSSubSerializationListener: embosa state is shutdown, topic: /odom/base_link
[2026-09-29 16:11:24.565 thread:52683 info dds_sub_serialization_listener.h:354]:DDSSubSerializationListener: embosa state is shutdown, topic: singorix/wbcs/error
[2026-09-29 16:11:24.570 thread:52683 info dds_sub_serialization_listener.h:354]:DDSSubSerializationListener: embosa state is shutdown, topic: singorix/wbcs/sensor
[2026-09-29 16:11:24.572 thread:52683 info dds_sub_serialization_listener.h:354]:DDSSubSerializationListener: embosa state is shutdown, topic: singorix/wbcs/wbc_info
[2026-09-29 16:11:24.573 thread:52683 info dds_sub_serialization_listener.h:354]:DDSSubSerializationListener: embosa state is shutdown, topic: singorix/wbcs/error
[2026-09-29 16:11:24.577 thread:52683 info dds_sub_serialization_listener.h:354]:DDSSubSerializationListener: embosa state is shutdown, topic: /odom/base_link
[2026-09-29 16:11:24.579 thread:52683 info dds_sub_serialization_listener.h:354]:DDSSubSerializationListener: embosa state is shutdown, topic: singorix/wbcs/sensor
[2026-09-29 16:11:24.580 thread:52683 info dds_sub_serialization_listener.h:354]:DDSSubSerializationListener: embosa state is shutdown, topic: singorix/wbcs/error
[2026-09-29 16:11:24.582 thread:52683 info dds_sub_serialization_listener.h:354]:DDSSubSerializationListener: embosa state is shutdown, topic: /odom/base_link
[2026-09-29 16:11:24.587 thread:52683 info dds_sub_serialization_listener.h:354]:DDSSubSerializationListener: embosa state is shutdown, topic: singorix/wbcs/sensor
[2026-09-29 16:11:24.589 thread:52683 info dds_sub_serialization_listener.h:354]:DDSSubSerializationListener: embosa state is shutdown, topic: singorix/wbcs/wbc_info
[2026-09-29 16:11:24.591 thread:52683 info dds_sub_serialization_listener.h:354]:DDSSubSerializationListener: embosa state is shutdown, topic: singorix/wbcs/error
[2026-09-29 16:11:24.592 thread:52683 info dds_sub_serialization_listener.h:354]:DDSSubSerializationListener: embosa state is shutdown, topic: /odom/base_link
[2026-09-29 16:11:24.594 thread:52683 info dds_sub_serialization_listener.h:354]:DDSSubSerializationListener: embosa state is shutdown, topic: singorix/wbcs/sensor
[2026-09-29 16:11:24.594 thread:52683 info dds_sub_serialization_listener.h:354]:DDSSubSerializationListener: embosa state is shutdown, topic: singorix/wbcs/error
[2026-09-29 16:11:24.603 thread:52683 info dds_sub_serialization_listener.h:354]:DDSSubSerializationListener: embosa state is shutdown, topic: /odom/base_link
[2026-09-29 16:11:24.603 thread:52683 info dds_sub_serialization_listener.h:354]:DDSSubSerializationListener: embosa state is shutdown, topic: singorix/wbcs/sensor
[2026-09-29 16:11:24.604 thread:52683 info dds_sub_serialization_listener.h:354]:DDSSubSerializationListener: embosa state is shutdown, topic: singorix/wbcs/wbc_info
[2026-09-29 16:11:24.606 thread:52683 info dds_sub_serialization_listener.h:354]:DDSSubSerializationListener: embosa state is shutdown, topic: singorix/wbcs/error
[2026-09-29 16:11:24.610 thread:52683 info dds_sub_serialization_listener.h:354]:DDSSubSerializationListener: embosa state is shutdown, topic: singorix/wbcs/sensor
[2026-09-29 16:11:24.611 thread:52683 info dds_sub_serialization_listener.h:354]:DDSSubSerializationListener: embosa state is shutdown, topic: singorix/wbcs/error
[2026-09-29 16:11:24.612 thread:52683 info dds_sub_serialization_listener.h:354]:DDSSubSerializationListener: embosa state is shutdown, topic: /odom/base_link
[2026-09-29 16:11:24.618 thread:52683 info dds_sub_serialization_listener.h:354]:DDSSubSerializationListener: embosa state is shutdown, topic: singorix/wbcs/sensor
[2026-09-29 16:11:24.618 thread:52683 info dds_sub_serialization_listener.h:354]:DDSSubSerializationListener: embosa state is shutdown, topic: singorix/wbcs/wbc_info
[2026-09-29 16:11:24.618 thread:52683 info dds_sub_serialization_listener.h:354]:DDSSubSerializationListener: embosa state is shutdown, topic: singorix/wbcs/error
[2026-09-29 16:11:24.622 thread:52683 info dds_sub_serialization_listener.h:354]:DDSSubSerializationListener: embosa state is shutdown, topic: /odom/base_link
[2026-09-29 16:11:24.626 thread:52683 info dds_sub_serialization_listener.h:354]:DDSSubSerializationListener: embosa state is shutdown, topic: singorix/wbcs/sensor
[2026-09-29 16:11:24.626 thread:52683 info dds_sub_serialization_listener.h:354]:DDSSubSerializationListener: embosa state is shutdown, topic: singorix/wbcs/error
[2026-09-29 16:11:24.633 thread:52683 info dds_sub_serialization_listener.h:354]:DDSSubSerializationListener: embosa state is shutdown, topic: /odom/base_link
[2026-09-29 16:11:24.635 thread:52683 info dds_sub_serialization_listener.h:354]:DDSSubSerializationListener: embosa state is shutdown, topic: singorix/wbcs/sensor
[2026-09-29 16:11:24.636 thread:52683 info dds_sub_serialization_listener.h:354]:DDSSubSerializationListener: embosa state is shutdown, topic: singorix/wbcs/wbc_info
[2026-09-29 16:11:24.638 thread:52683 info dds_sub_serialization_listener.h:354]:DDSSubSerializationListener: embosa state is shutdown, topic: singorix/wbcs/error
[2026-09-29 16:11:24.642 thread:52683 info dds_sub_serialization_listener.h:354]:DDSSubSerializationListener: embosa state is shutdown, topic: /odom/base_link
[2026-09-29 16:11:24.645 thread:52683 info dds_sub_serialization_listener.h:354]:DDSSubSerializationListener: embosa state is shutdown, topic: singorix/wbcs/sensor
[2026-09-29 16:11:24.646 thread:52683 info dds_sub_serialization_listener.h:354]:DDSSubSerializationListener: embosa state is shutdown, topic: singorix/wbcs/error
[2026-09-29 16:11:24.650 thread:52683 info dds_sub_serialization_listener.h:354]:DDSSubSerializationListener: embosa state is shutdown, topic: singorix/wbcs/sensor
[2026-09-29 16:11:24.652 thread:52683 info dds_sub_serialization_listener.h:354]:DDSSubSerializationListener: embosa state is shutdown, topic: singorix/wbcs/wbc_info
[2026-09-29 16:11:24.652 thread:52683 info dds_sub_serialization_listener.h:354]:DDSSubSerializationListener: embosa state is shutdown, topic: /odom/base_link
[2026-09-29 16:11:24.652 thread:52683 info dds_sub_serialization_listener.h:354]:DDSSubSerializationListener: embosa state is shutdown, topic: singorix/wbcs/error
[2026-09-29 16:11:24.658 thread:52683 info dds_sub_serialization_listener.h:354]:DDSSubSerializationListener: embosa state is shutdown, topic: singorix/wbcs/sensor
[2026-09-29 16:11:24.662 thread:52683 info dds_sub_serialization_listener.h:354]:DDSSubSerializationListener: embosa state is shutdown, topic: /odom/base_link
[2026-09-29 16:11:24.673 thread:52683 info dds_sub_serialization_listener.h:354]:DDSSubSerializationListener: embosa state is shutdown, topic: /odom/base_link
[2026-09-29 16:11:24.675 thread:52683 info dds_sub_serialization_listener.h:354]:DDSSubSerializationListener: embosa state is shutdown, topic: singorix/wbcs/error
[2026-09-29 16:11:24.676 thread:52683 info dds_sub_serialization_listener.h:354]:DDSSubSerializationListener: embosa state is shutdown, topic: singorix/wbcs/sensor
[2026-09-29 16:11:24.676 thread:52683 info dds_sub_serialization_listener.h:354]:DDSSubSerializationListener: embosa state is shutdown, topic: singorix/wbcs/wbc_info
[2026-09-29 16:11:24.677 thread:52683 info dds_sub_serialization_listener.h:354]:DDSSubSerializationListener: embosa state is shutdown, topic: singorix/wbcs/error
[2026-09-29 16:11:24.682 thread:52683 info dds_sub_serialization_listener.h:354]:DDSSubSerializationListener: embosa state is shutdown, topic: singorix/wbcs/sensor
[2026-09-29 16:11:24.684 thread:52683 info dds_sub_serialization_listener.h:354]:DDSSubSerializationListener: embosa state is shutdown, topic: singorix/wbcs/error
[2026-09-29 16:11:24.684 thread:52683 info dds_sub_serialization_listener.h:354]:DDSSubSerializationListener: embosa state is shutdown, topic: /odom/base_link
[2026-09-29 16:11:24.690 thread:52683 info dds_sub_serialization_listener.h:354]:DDSSubSerializationListener: embosa state is shutdown, topic: singorix/wbcs/sensor
[2026-09-29 16:11:24.690 thread:52683 info dds_sub_serialization_listener.h:354]:DDSSubSerializationListener: embosa state is shutdown, topic: singorix/wbcs/wbc_info
[2026-09-29 16:11:24.690 thread:52683 info dds_sub_serialization_listener.h:354]:DDSSubSerializationListener: embosa state is shutdown, topic: singorix/wbcs/error
[2026-09-29 16:11:24.691 thread:52683 info dds_sub_serialization_listener.h:354]:DDSSubSerializationListener: embosa state is shutdown, topic: /odom/base_link
[2026-09-29 16:11:24.697 thread:52683 info dds_sub_serialization_listener.h:354]:DDSSubSerializationListener: embosa state is shutdown, topic: singorix/wbcs/sensor
[2026-09-29 16:11:24.697 thread:52683 info dds_sub_serialization_listener.h:354]:DDSSubSerializationListener: embosa state is shutdown, topic: singorix/wbcs/error
[2026-09-29 16:11:24.703 thread:52683 info dds_sub_serialization_listener.h:354]:DDSSubSerializationListener: embosa state is shutdown, topic: /odom/base_link
[2026-09-29 16:11:24.705 thread:52683 info dds_sub_serialization_listener.h:354]:DDSSubSerializationListener: embosa state is shutdown, topic: singorix/wbcs/sensor
[2026-09-29 16:11:24.706 thread:52683 info dds_sub_serialization_listener.h:354]:DDSSubSerializationListener: embosa state is shutdown, topic: singorix/wbcs/wbc_info
[2026-09-29 16:11:24.706 thread:52683 info dds_sub_serialization_listener.h:354]:DDSSubSerializationListener: embosa state is shutdown, topic: singorix/wbcs/error
[2026-09-29 16:11:24.712 thread:52683 info dds_sub_serialization_listener.h:354]:DDSSubSerializationListener: embosa state is shutdown, topic: /odom/base_link
[2026-09-29 16:11:24.713 thread:52683 info dds_sub_serialization_listener.h:354]:DDSSubSerializationListener: embosa state is shutdown, topic: singorix/wbcs/sensor
[2026-09-29 16:11:24.713 thread:52683 info dds_sub_serialization_listener.h:354]:DDSSubSerializationListener: embosa state is shutdown, topic: singorix/wbcs/error
[2026-09-29 16:11:24.722 thread:52683 info dds_sub_serialization_listener.h:354]:DDSSubSerializationListener: embosa state is shutdown, topic: /odom/base_link
[2026-09-29 16:11:24.722 thread:52683 info dds_sub_serialization_listener.h:354]:DDSSubSerializationListener: embosa state is shutdown, topic: singorix/wbcs/sensor
[2026-09-29 16:11:24.723 thread:52683 info dds_sub_serialization_listener.h:354]:DDSSubSerializationListener: embosa state is shutdown, topic: singorix/wbcs/wbc_info
[2026-09-29 16:11:24.723 thread:52683 info dds_sub_serialization_listener.h:354]:DDSSubSerializationListener: embosa state is shutdown, topic: singorix/wbcs/error
[2026-09-29 16:11:24.729 thread:52683 info dds_sub_serialization_listener.h:354]:DDSSubSerializationListener: embosa state is shutdown, topic: singorix/wbcs/sensor
[2026-09-29 16:11:24.729 thread:52683 info dds_sub_serialization_listener.h:354]:DDSSubSerializationListener: embosa state is shutdown, topic: singorix/wbcs/error
[2026-09-29 16:11:24.733 thread:52683 info dds_sub_serialization_listener.h:354]:DDSSubSerializationListener: embosa state is shutdown, topic: /odom/base_link
[2026-09-29 16:11:24.737 thread:52683 info dds_sub_serialization_listener.h:354]:DDSSubSerializationListener: embosa state is shutdown, topic: singorix/wbcs/sensor
[2026-09-29 16:11:24.738 thread:52683 info dds_sub_serialization_listener.h:354]:DDSSubSerializationListener: embosa state is shutdown, topic: singorix/wbcs/wbc_info
[2026-09-29 16:11:24.740 thread:52683 info dds_sub_serialization_listener.h:354]:DDSSubSerializationListener: embosa state is shutdown, topic: singorix/wbcs/error
[2026-09-29 16:11:24.742 thread:52683 info dds_sub_serialization_listener.h:354]:DDSSubSerializationListener: embosa state is shutdown, topic: /odom/base_link
[2026-09-29 16:11:24.745 thread:52683 info dds_sub_serialization_listener.h:354]:DDSSubSerializationListener: embosa state is shutdown, topic: singorix/wbcs/sensor
[2026-09-29 16:11:24.747 thread:52683 info dds_sub_serialization_listener.h:354]:DDSSubSerializationListener: embosa state is shutdown, topic: singorix/wbcs/error
[2026-09-29 16:11:24.752 thread:52683 info dds_sub_serialization_listener.h:354]:DDSSubSerializationListener: embosa state is shutdown, topic: /odom/base_link
[2026-09-29 16:11:24.754 thread:52683 info dds_sub_serialization_listener.h:354]:DDSSubSerializationListener: embosa state is shutdown, topic: singorix/wbcs/sensor
[2026-09-29 16:11:24.754 thread:52683 info dds_sub_serialization_listener.h:354]:DDSSubSerializationListener: embosa state is shutdown, topic: singorix/wbcs/wbc_info
[2026-09-29 16:11:24.754 thread:52683 info dds_sub_serialization_listener.h:354]:DDSSubSerializationListener: embosa state is shutdown, topic: singorix/wbcs/error
[2026-09-29 16:11:24.761 thread:52683 info dds_sub_serialization_listener.h:354]:DDSSubSerializationListener: embosa state is shutdown, topic: singorix/wbcs/sensor
[2026-09-29 16:11:24.761 thread:52683 info dds_sub_serialization_listener.h:354]:DDSSubSerializationListener: embosa state is shutdown, topic: singorix/wbcs/error
[2026-09-29 16:11:24.762 thread:52683 info dds_sub_serialization_listener.h:354]:DDSSubSerializationListener: embosa state is shutdown, topic: /odom/base_link
[2026-09-29 16:11:24.769 thread:52683 info dds_sub_serialization_listener.h:354]:DDSSubSerializationListener: embosa state is shutdown, topic: singorix/wbcs/sensor
[2026-09-29 16:11:24.770 thread:52683 info dds_sub_serialization_listener.h:354]:DDSSubSerializationListener: embosa state is shutdown, topic: singorix/wbcs/wbc_info
[2026-09-29 16:11:24.770 thread:52683 info dds_sub_serialization_listener.h:354]:DDSSubSerializationListener: embosa state is shutdown, topic: singorix/wbcs/error
[2026-09-29 16:11:24.772 thread:52683 info dds_sub_serialization_listener.h:354]:DDSSubSerializationListener: embosa state is shutdown, topic: /odom/base_link
[2026-09-29 16:11:24.777 thread:52683 info dds_sub_serialization_listener.h:354]:DDSSubSerializationListener: embosa state is shutdown, topic: singorix/wbcs/sensor
[2026-09-29 16:11:24.777 thread:52683 info dds_sub_serialization_listener.h:354]:DDSSubSerializationListener: embosa state is shutdown, topic: singorix/wbcs/error
[2026-09-29 16:11:24.782 thread:52683 info dds_sub_serialization_listener.h:354]:DDSSubSerializationListener: embosa state is shutdown, topic: /odom/base_link
[2026-09-29 16:11:24.785 thread:52683 info dds_sub_serialization_listener.h:354]:DDSSubSerializationListener: embosa state is shutdown, topic: singorix/wbcs/sensor
[2026-09-29 16:11:24.786 thread:52683 info dds_sub_serialization_listener.h:354]:DDSSubSerializationListener: embosa state is shutdown, topic: singorix/wbcs/wbc_info
[2026-09-29 16:11:24.786 thread:52683 info dds_sub_serialization_listener.h:354]:DDSSubSerializationListener: embosa state is shutdown, topic: singorix/wbcs/error
[2026-09-29 16:11:24.792 thread:52683 info dds_sub_serialization_listener.h:354]:DDSSubSerializationListener: embosa state is shutdown, topic: /odom/base_link
[2026-09-29 16:11:24.794 thread:52683 info dds_sub_serialization_listener.h:354]:DDSSubSerializationListener: embosa state is shutdown, topic: singorix/wbcs/sensor
[2026-09-29 16:11:24.795 thread:52683 info dds_sub_serialization_listener.h:354]:DDSSubSerializationListener: embosa state is shutdown, topic: singorix/wbcs/error
[2026-09-29 16:11:24.802 thread:52683 info dds_sub_serialization_listener.h:354]:DDSSubSerializationListener: embosa state is shutdown, topic: singorix/wbcs/sensor
[2026-09-29 16:11:24.802 thread:52683 info dds_sub_serialization_listener.h:354]:DDSSubSerializationListener: embosa state is shutdown, topic: singorix/wbcs/wbc_info
[2026-09-29 16:11:24.803 thread:52683 info dds_sub_serialization_listener.h:354]:DDSSubSerializationListener: embosa state is shutdown, topic: /odom/base_link
[2026-09-29 16:11:24.803 thread:52683 info dds_sub_serialization_listener.h:354]:DDSSubSerializationListener: embosa state is shutdown, topic: singorix/wbcs/error
[2026-09-29 16:11:24.810 thread:52683 info dds_sub_serialization_listener.h:354]:DDSSubSerializationListener: embosa state is shutdown, topic: singorix/wbcs/sensor
[2026-09-29 16:11:24.812 thread:52683 info dds_sub_serialization_listener.h:354]:DDSSubSerializationListener: embosa state is shutdown, topic: singorix/wbcs/error
[2026-09-29 16:11:24.813 thread:52683 info dds_sub_serialization_listener.h:354]:DDSSubSerializationListener: embosa state is shutdown, topic: /odom/base_link
[2026-09-29 16:11:24.817 thread:52683 info dds_sub_serialization_listener.h:354]:DDSSubSerializationListener: embosa state is shutdown, topic: singorix/wbcs/sensor
[2026-09-29 16:11:24.820 thread:52683 info dds_sub_serialization_listener.h:354]:DDSSubSerializationListener: embosa state is shutdown, topic: singorix/wbcs/wbc_info
[2026-09-29 16:11:24.820 thread:52683 info dds_sub_serialization_listener.h:354]:DDSSubSerializationListener: embosa state is shutdown, topic: singorix/wbcs/error
[2026-09-29 16:11:24.822 thread:52683 info dds_sub_serialization_listener.h:354]:DDSSubSerializationListener: embosa state is shutdown, topic: /odom/base_link
[2026-09-29 16:11:24.826 thread:52683 info dds_sub_serialization_listener.h:354]:DDSSubSerializationListener: embosa state is shutdown, topic: singorix/wbcs/sensor
[2026-09-29 16:11:24.827 thread:52683 info dds_sub_serialization_listener.h:354]:DDSSubSerializationListener: embosa state is shutdown, topic: singorix/wbcs/error
[2026-09-29 16:11:24.833 thread:52683 info dds_sub_serialization_listener.h:354]:DDSSubSerializationListener: embosa state is shutdown, topic: /odom/base_link
[2026-09-29 16:11:24.834 thread:52683 info dds_sub_serialization_listener.h:354]:DDSSubSerializationListener: embosa state is shutdown, topic: singorix/wbcs/sensor
[2026-09-29 16:11:24.835 thread:52683 info dds_sub_serialization_listener.h:354]:DDSSubSerializationListener: embosa state is shutdown, topic: singorix/wbcs/wbc_info
[2026-09-29 16:11:24.835 thread:52683 info dds_sub_serialization_listener.h:354]:DDSSubSerializationListener: embosa state is shutdown, topic: singorix/wbcs/error
[2026-09-29 16:11:24.841 thread:52683 info dds_sub_serialization_listener.h:354]:DDSSubSerializationListener: embosa state is shutdown, topic: singorix/wbcs/sensor
[2026-09-29 16:11:24.842 thread:52683 info dds_sub_serialization_listener.h:354]:DDSSubSerializationListener: embosa state is shutdown, topic: singorix/wbcs/error
[2026-09-29 16:11:24.844 thread:52683 info dds_sub_serialization_listener.h:354]:DDSSubSerializationListener: embosa state is shutdown, topic: /odom/base_link
[2026-09-29 16:11:24.849 thread:52683 info dds_sub_serialization_listener.h:354]:DDSSubSerializationListener: embosa state is shutdown, topic: singorix/wbcs/sensor
[2026-09-29 16:11:24.850 thread:52683 info dds_sub_serialization_listener.h:354]:DDSSubSerializationListener: embosa state is shutdown, topic: singorix/wbcs/wbc_info
[2026-09-29 16:11:24.851 thread:52683 info dds_sub_serialization_listener.h:354]:DDSSubSerializationListener: embosa state is shutdown, topic: singorix/wbcs/error
[2026-09-29 16:11:24.852 thread:52683 info dds_sub_serialization_listener.h:354]:DDSSubSerializationListener: embosa state is shutdown, topic: /odom/base_link
[2026-09-29 16:11:24.858 thread:52683 info dds_sub_serialization_listener.h:354]:DDSSubSerializationListener: embosa state is shutdown, topic: singorix/wbcs/sensor
[2026-09-29 16:11:24.858 thread:52683 info dds_sub_serialization_listener.h:354]:DDSSubSerializationListener: embosa state is shutdown, topic: singorix/wbcs/error
[2026-09-29 16:11:24.862 thread:52683 info dds_sub_serialization_listener.h:354]:DDSSubSerializationListener: embosa state is shutdown, topic: /odom/base_link
[2026-09-29 16:11:24.866 thread:52683 info dds_sub_serialization_listener.h:354]:DDSSubSerializationListener: embosa state is shutdown, topic: singorix/wbcs/sensor
[2026-09-29 16:11:24.867 thread:52683 info dds_sub_serialization_listener.h:354]:DDSSubSerializationListener: embosa state is shutdown, topic: singorix/wbcs/wbc_info
[2026-09-29 16:11:24.867 thread:52683 info dds_sub_serialization_listener.h:354]:DDSSubSerializationListener: embosa state is shutdown, topic: singorix/wbcs/error
[2026-09-29 16:11:24.873 thread:52683 info dds_sub_serialization_listener.h:354]:DDSSubSerializationListener: embosa state is shutdown, topic: /odom/base_link
[2026-09-29 16:11:24.874 thread:52683 info dds_sub_serialization_listener.h:354]:DDSSubSerializationListener: embosa state is shutdown, topic: singorix/wbcs/sensor
[2026-09-29 16:11:24.875 thread:52683 info dds_sub_serialization_listener.h:354]:DDSSubSerializationListener: embosa state is shutdown, topic: singorix/wbcs/error
[2026-09-29 16:11:24.882 thread:52683 info dds_sub_serialization_listener.h:354]:DDSSubSerializationListener: embosa state is shutdown, topic: /odom/base_link
[2026-09-29 16:11:24.885 thread:52683 info dds_sub_serialization_listener.h:354]:DDSSubSerializationListener: embosa state is shutdown, topic: singorix/wbcs/sensor
[2026-09-29 16:11:24.887 thread:52683 info dds_sub_serialization_listener.h:354]:DDSSubSerializationListener: embosa state is shutdown, topic: singorix/wbcs/wbc_info
[2026-09-29 16:11:24.889 thread:52683 info dds_sub_serialization_listener.h:354]:DDSSubSerializationListener: embosa state is shutdown, topic: singorix/wbcs/error
[2026-09-29 16:11:24.890 thread:52683 info dds_sub_serialization_listener.h:354]:DDSSubSerializationListener: embosa state is shutdown, topic: singorix/wbcs/sensor
[2026-09-29 16:11:24.890 thread:52683 info dds_sub_serialization_listener.h:354]:DDSSubSerializationListener: embosa state is shutdown, topic: singorix/wbcs/error
[2026-09-29 16:11:24.892 thread:52683 info dds_sub_serialization_listener.h:354]:DDSSubSerializationListener: embosa state is shutdown, topic: /odom/base_link
[2026-09-29 16:11:24.898 thread:52683 info dds_sub_serialization_listener.h:354]:DDSSubSerializationListener: embosa state is shutdown, topic: singorix/wbcs/sensor
[2026-09-29 16:11:24.899 thread:52683 info dds_sub_serialization_listener.h:354]:DDSSubSerializationListener: embosa state is shutdown, topic: singorix/wbcs/wbc_info
[2026-09-29 16:11:24.901 thread:52683 info dds_sub_serialization_listener.h:354]:DDSSubSerializationListener: embosa state is shutdown, topic: singorix/wbcs/error
[2026-09-29 16:11:24.903 thread:52683 info dds_sub_serialization_listener.h:354]:DDSSubSerializationListener: embosa state is shutdown, topic: /odom/base_link
[2026-09-29 16:11:24.906 thread:52683 info dds_sub_serialization_listener.h:354]:DDSSubSerializationListener: embosa state is shutdown, topic: singorix/wbcs/sensor
[2026-09-29 16:11:24.906 thread:52683 info dds_sub_serialization_listener.h:354]:DDSSubSerializationListener: embosa state is shutdown, topic: singorix/wbcs/error
[2026-09-29 16:11:24.913 thread:52683 info dds_sub_serialization_listener.h:354]:DDSSubSerializationListener: embosa state is shutdown, topic: /odom/base_link
[2026-09-29 16:11:24.915 thread:52683 info dds_sub_serialization_listener.h:354]:DDSSubSerializationListener: embosa state is shutdown, topic: singorix/wbcs/sensor
[2026-09-29 16:11:24.916 thread:52683 info dds_sub_serialization_listener.h:354]:DDSSubSerializationListener: embosa state is shutdown, topic: singorix/wbcs/wbc_info
[2026-09-29 16:11:24.916 thread:52683 info dds_sub_serialization_listener.h:354]:DDSSubSerializationListener: embosa state is shutdown, topic: singorix/wbcs/error
[2026-09-29 16:11:24.923 thread:52683 info dds_sub_serialization_listener.h:354]:DDSSubSerializationListener: embosa state is shutdown, topic: /odom/base_link
[2026-09-29 16:11:24.923 thread:52683 info dds_sub_serialization_listener.h:354]:DDSSubSerializationListener: embosa state is shutdown, topic: singorix/wbcs/sensor
[2026-09-29 16:11:24.933 thread:52683 info dds_sub_serialization_listener.h:354]:DDSSubSerializationListener: embosa state is shutdown, topic: /odom/base_link
[2026-09-29 16:11:24.943 thread:52683 info dds_sub_serialization_listener.h:354]:DDSSubSerializationListener: embosa state is shutdown, topic: /odom/base_link
[2026-09-29 16:11:24.945 thread:52683 info dds_sub_serialization_listener.h:354]:DDSSubSerializationListener: embosa state is shutdown, topic: singorix/wbcs/error
[2026-09-29 16:11:24.948 thread:52683 info dds_sub_serialization_listener.h:354]:DDSSubSerializationListener: embosa state is shutdown, topic: singorix/wbcs/sensor
[2026-09-29 16:11:24.949 thread:52683 info dds_sub_serialization_listener.h:354]:DDSSubSerializationListener: embosa state is shutdown, topic: singorix/wbcs/wbc_info
[2026-09-29 16:11:24.949 thread:52683 info dds_sub_serialization_listener.h:354]:DDSSubSerializationListener: embosa state is shutdown, topic: singorix/wbcs/error
[2026-09-29 16:11:24.952 thread:52683 info dds_sub_serialization_listener.h:354]:DDSSubSerializationListener: embosa state is shutdown, topic: /odom/base_link
[2026-09-29 16:11:24.953 thread:52683 info dds_sub_serialization_listener.h:354]:DDSSubSerializationListener: embosa state is shutdown, topic: singorix/wbcs/sensor
[2026-09-29 16:11:24.953 thread:52683 info dds_sub_serialization_listener.h:354]:DDSSubSerializationListener: embosa state is shutdown, topic: singorix/wbcs/error
[2026-09-29 16:11:24.961 thread:52683 info dds_sub_serialization_listener.h:354]:DDSSubSerializationListener: embosa state is shutdown, topic: singorix/wbcs/sensor
[2026-09-29 16:11:24.962 thread:52683 info dds_sub_serialization_listener.h:354]:DDSSubSerializationListener: embosa state is shutdown, topic: singorix/wbcs/wbc_info
[2026-09-29 16:11:24.962 thread:52683 info dds_sub_serialization_listener.h:354]:DDSSubSerializationListener: embosa state is shutdown, topic: /odom/base_link
[2026-09-29 16:11:24.963 thread:52683 info dds_sub_serialization_listener.h:354]:DDSSubSerializationListener: embosa state is shutdown, topic: singorix/wbcs/error
[2026-09-29 16:11:24.969 thread:52683 info dds_sub_serialization_listener.h:354]:DDSSubSerializationListener: embosa state is shutdown, topic: singorix/wbcs/sensor
[2026-09-29 16:11:24.969 thread:52683 info dds_sub_serialization_listener.h:354]:DDSSubSerializationListener: embosa state is shutdown, topic: singorix/wbcs/error
[2026-09-29 16:11:24.972 thread:52683 info dds_sub_serialization_listener.h:354]:DDSSubSerializationListener: embosa state is shutdown, topic: /odom/base_link
[2026-09-29 16:11:24.977 thread:52683 info dds_sub_serialization_listener.h:354]:DDSSubSerializationListener: embosa state is shutdown, topic: singorix/wbcs/sensor
[2026-09-29 16:11:24.978 thread:52683 info dds_sub_serialization_listener.h:354]:DDSSubSerializationListener: embosa state is shutdown, topic: singorix/wbcs/wbc_info
[2026-09-29 16:11:24.979 thread:52683 info dds_sub_serialization_listener.h:354]:DDSSubSerializationListener: embosa state is shutdown, topic: singorix/wbcs/error
[2026-09-29 16:11:24.983 thread:52683 info dds_sub_serialization_listener.h:354]:DDSSubSerializationListener: embosa state is shutdown, topic: /odom/base_link
[2026-09-29 16:11:24.987 thread:52683 info dds_sub_listener.cc:248]:DDSSubListener: embosa state is shutdown, topic: bms
[2026-09-29 16:11:24.991 thread:52683 info dds_sub_serialization_listener.h:354]:DDSSubSerializationListener: embosa state is shutdown, topic: singorix/wbcs/sensor
[2026-09-29 16:11:24.991 thread:52683 info dds_sub_serialization_listener.h:354]:DDSSubSerializationListener: embosa state is shutdown, topic: singorix/wbcs/error
[2026-09-29 16:11:24.995 thread:52683 info dds_sub_serialization_listener.h:354]:DDSSubSerializationListener: embosa state is shutdown, topic: /odom/base_link
[2026-09-29 16:11:24.995 thread:52683 info dds_sub_serialization_listener.h:354]:DDSSubSerializationListener: embosa state is shutdown, topic: singorix/wbcs/sensor
[2026-09-29 16:11:24.996 thread:52683 info dds_sub_serialization_listener.h:354]:DDSSubSerializationListener: embosa state is shutdown, topic: singorix/wbcs/wbc_info
[2026-09-29 16:11:24.996 thread:52683 info dds_sub_serialization_listener.h:354]:DDSSubSerializationListener: embosa state is shutdown, topic: singorix/wbcs/error
[2026-09-29 16:11:25.001 thread:52683 info dds_sub_serialization_listener.h:354]:DDSSubSerializationListener: embosa state is shutdown, topic: singorix/wbcs/sensor
[2026-09-29 16:11:25.003 thread:52683 info dds_sub_serialization_listener.h:354]:DDSSubSerializationListener: embosa state is shutdown, topic: /odom/base_link
[2026-09-29 16:11:25.003 thread:52683 info dds_sub_serialization_listener.h:354]:DDSSubSerializationListener: embosa state is shutdown, topic: singorix/wbcs/error
[2026-09-29 16:11:25.009 thread:52683 info dds_sub_serialization_listener.h:354]:DDSSubSerializationListener: embosa state is shutdown, topic: singorix/wbcs/sensor
[2026-09-29 16:11:25.010 thread:52683 info dds_sub_serialization_listener.h:354]:DDSSubSerializationListener: embosa state is shutdown, topic: singorix/wbcs/wbc_info
[2026-09-29 16:11:25.011 thread:52683 info dds_sub_serialization_listener.h:354]:DDSSubSerializationListener: embosa state is shutdown, topic: singorix/wbcs/error
[2026-09-29 16:11:25.013 thread:52683 info dds_sub_serialization_listener.h:354]:DDSSubSerializationListener: embosa state is shutdown, topic: /odom/base_link
[2026-09-29 16:11:25.018 thread:52683 info dds_sub_serialization_listener.h:354]:DDSSubSerializationListener: embosa state is shutdown, topic: singorix/wbcs/sensor
[2026-09-29 16:11:25.018 thread:52683 info dds_sub_serialization_listener.h:354]:DDSSubSerializationListener: embosa state is shutdown, topic: singorix/wbcs/error
[2026-09-29 16:11:25.023 thread:52683 info dds_sub_serialization_listener.h:354]:DDSSubSerializationListener: embosa state is shutdown, topic: /odom/base_link
[2026-09-29 16:11:25.026 thread:52683 info dds_sub_serialization_listener.h:354]:DDSSubSerializationListener: embosa state is shutdown, topic: singorix/wbcs/sensor
[2026-09-29 16:11:25.028 thread:52683 info dds_sub_serialization_listener.h:354]:DDSSubSerializationListener: embosa state is shutdown, topic: singorix/wbcs/wbc_info
[2026-09-29 16:11:25.029 thread:52683 info dds_sub_serialization_listener.h:354]:DDSSubSerializationListener: embosa state is shutdown, topic: singorix/wbcs/error
[2026-09-29 16:11:25.033 thread:52683 info dds_sub_serialization_listener.h:354]:DDSSubSerializationListener: embosa state is shutdown, topic: /odom/base_link
[2026-09-29 16:11:25.035 thread:52683 info dds_sub_serialization_listener.h:354]:DDSSubSerializationListener: embosa state is shutdown, topic: singorix/wbcs/sensor
[2026-09-29 16:11:25.036 thread:52683 info dds_sub_serialization_listener.h:354]:DDSSubSerializationListener: embosa state is shutdown, topic: singorix/wbcs/error
[2026-09-29 16:11:25.041 thread:52683 info dds_sub_serialization_listener.h:354]:DDSSubSerializationListener: embosa state is shutdown, topic: singorix/wbcs/sensor
[2026-09-29 16:11:25.042 thread:52683 info dds_sub_serialization_listener.h:354]:DDSSubSerializationListener: embosa state is shutdown, topic: singorix/wbcs/wbc_info
[2026-09-29 16:11:25.042 thread:52683 info dds_sub_serialization_listener.h:354]:DDSSubSerializationListener: embosa state is shutdown, topic: singorix/wbcs/error
[2026-09-29 16:11:25.043 thread:52683 info dds_sub_serialization_listener.h:354]:DDSSubSerializationListener: embosa state is shutdown, topic: /odom/base_link
[2026-09-29 16:11:25.050 thread:52683 info dds_sub_serialization_listener.h:354]:DDSSubSerializationListener: embosa state is shutdown, topic: singorix/wbcs/sensor
[2026-09-29 16:11:25.050 thread:52683 info dds_sub_serialization_listener.h:354]:DDSSubSerializationListener: embosa state is shutdown, topic: singorix/wbcs/error
[2026-09-29 16:11:25.052 thread:52683 info dds_sub_serialization_listener.h:354]:DDSSubSerializationListener: embosa state is shutdown, topic: /odom/base_link
[2026-09-29 16:11:25.058 thread:52683 info dds_sub_serialization_listener.h:354]:DDSSubSerializationListener: embosa state is shutdown, topic: singorix/wbcs/sensor
[2026-09-29 16:11:25.059 thread:52683 info dds_sub_serialization_listener.h:354]:DDSSubSerializationListener: embosa state is shutdown, topic: singorix/wbcs/wbc_info
[2026-09-29 16:11:25.060 thread:52683 info dds_sub_serialization_listener.h:354]:DDSSubSerializationListener: embosa state is shutdown, topic: singorix/wbcs/error
[2026-09-29 16:11:25.062 thread:52683 info dds_sub_serialization_listener.h:354]:DDSSubSerializationListener: embosa state is shutdown, topic: /odom/base_link
[2026-09-29 16:11:25.066 thread:52683 info dds_sub_serialization_listener.h:354]:DDSSubSerializationListener: embosa state is shutdown, topic: singorix/wbcs/sensor
[2026-09-29 16:11:25.066 thread:52683 info dds_sub_serialization_listener.h:354]:DDSSubSerializationListener: embosa state is shutdown, topic: singorix/wbcs/error
[2026-09-29 16:11:25.074 thread:52683 info dds_sub_serialization_listener.h:354]:DDSSubSerializationListener: embosa state is shutdown, topic: /odom/base_link
[2026-09-29 16:11:25.076 thread:52683 info dds_sub_serialization_listener.h:354]:DDSSubSerializationListener: embosa state is shutdown, topic: singorix/wbcs/sensor
[2026-09-29 16:11:25.079 thread:52683 info dds_sub_serialization_listener.h:354]:DDSSubSerializationListener: embosa state is shutdown, topic: singorix/wbcs/wbc_info
[2026-09-29 16:11:25.081 thread:52683 info dds_sub_serialization_listener.h:354]:DDSSubSerializationListener: embosa state is shutdown, topic: singorix/wbcs/error
[2026-09-29 16:11:25.081 thread:52683 info dds_sub_serialization_listener.h:354]:DDSSubSerializationListener: embosa state is shutdown, topic: singorix/wbcs/sensor
[2026-09-29 16:11:25.082 thread:52683 info dds_sub_serialization_listener.h:354]:DDSSubSerializationListener: embosa state is shutdown, topic: singorix/wbcs/error
[2026-09-29 16:11:25.084 thread:52683 info dds_sub_serialization_listener.h:354]:DDSSubSerializationListener: embosa state is shutdown, topic: /odom/base_link
[2026-09-29 16:11:25.090 thread:52683 info dds_sub_serialization_listener.h:354]:DDSSubSerializationListener: embosa state is shutdown, topic: singorix/wbcs/sensor
[2026-09-29 16:11:25.091 thread:52683 info dds_sub_serialization_listener.h:354]:DDSSubSerializationListener: embosa state is shutdown, topic: singorix/wbcs/wbc_info
[2026-09-29 16:11:25.091 thread:52683 info dds_sub_serialization_listener.h:354]:DDSSubSerializationListener: embosa state is shutdown, topic: singorix/wbcs/error
[2026-09-29 16:11:25.093 thread:52683 info dds_sub_serialization_listener.h:354]:DDSSubSerializationListener: embosa state is shutdown, topic: /odom/base_link
[2026-09-29 16:11:25.097 thread:52683 info dds_sub_serialization_listener.h:354]:DDSSubSerializationListener: embosa state is shutdown, topic: singorix/wbcs/sensor
[2026-09-29 16:11:25.098 thread:52683 info dds_sub_serialization_listener.h:354]:DDSSubSerializationListener: embosa state is shutdown, topic: singorix/wbcs/error
[2026-09-29 16:11:25.103 thread:52683 info dds_sub_serialization_listener.h:354]:DDSSubSerializationListener: embosa state is shutdown, topic: /odom/base_link
[2026-09-29 16:11:25.106 thread:52683 info dds_sub_serialization_listener.h:354]:DDSSubSerializationListener: embosa state is shutdown, topic: singorix/wbcs/sensor
[2026-09-29 16:11:25.106 thread:52683 info dds_sub_serialization_listener.h:354]:DDSSubSerializationListener: embosa state is shutdown, topic: singorix/wbcs/wbc_info
[2026-09-29 16:11:25.106 thread:52683 info dds_sub_serialization_listener.h:354]:DDSSubSerializationListener: embosa state is shutdown, topic: singorix/wbcs/error
[2026-09-29 16:11:25.108 thread:52652 info init.cc:228]:Embosa exit.
[2026-09-29 16:11:25.108 thread:52652 info dds_node_factory.cpp:49]:Clearing all writers from writer_map_
[2026-09-29 16:11:25.110 thread:52652 info dds_node_factory.cpp:1179]:DeleteWriterUnlock: Writer and associated resources successfully removed
[2026-09-29 16:11:25.111 thread:52652 info dds_node_factory.cpp:1179]:DeleteWriterUnlock: Writer and associated resources successfully removed
[2026-09-29 16:11:25.113 thread:52683 info dds_sub_serialization_listener.h:354]:DDSSubSerializationListener: embosa state is shutdown, topic: /odom/base_link
[2026-09-29 16:11:25.119 thread:52683 info dds_sub_serialization_listener.h:354]:DDSSubSerializationListener: embosa state is shutdown, topic: singorix/wbcs/sensor
[2026-09-29 16:11:25.120 thread:52683 info dds_sub_serialization_listener.h:354]:DDSSubSerializationListener: embosa state is shutdown, topic: singorix/wbcs/error
[2026-09-29 16:11:25.121 thread:52652 info dds_node_factory.cpp:1179]:DeleteWriterUnlock: Writer and associated resources successfully removed
[2026-09-29 16:11:25.123 thread:52683 info dds_sub_serialization_listener.h:354]:DDSSubSerializationListener: embosa state is shutdown, topic: /odom/base_link
[2026-09-29 16:11:25.128 thread:52683 info dds_sub_serialization_listener.h:354]:DDSSubSerializationListener: embosa state is shutdown, topic: singorix/wbcs/sensor
[2026-09-29 16:11:25.130 thread:52683 info dds_sub_serialization_listener.h:354]:DDSSubSerializationListener: embosa state is shutdown, topic: singorix/wbcs/wbc_info
[2026-09-29 16:11:25.132 thread:52683 info dds_sub_serialization_listener.h:354]:DDSSubSerializationListener: embosa state is shutdown, topic: singorix/wbcs/error
[2026-09-29 16:11:25.132 thread:52683 info dds_sub_serialization_listener.h:354]:DDSSubSerializationListener: embosa state is shutdown, topic: /odom/base_link
[2026-09-29 16:11:25.133 thread:52683 info dds_sub_serialization_listener.h:354]:DDSSubSerializationListener: embosa state is shutdown, topic: singorix/wbcs/sensor
[2026-09-29 16:11:25.133 thread:52683 info dds_sub_serialization_listener.h:354]:DDSSubSerializationListener: embosa state is shutdown, topic: singorix/wbcs/error
[2026-09-29 16:11:25.137 thread:52683 info dds_sub_serialization_listener.h:354]:DDSSubSerializationListener: embosa state is shutdown, topic: singorix/wbcs/sensor
[2026-09-29 16:11:25.138 thread:52683 info dds_sub_serialization_listener.h:354]:DDSSubSerializationListener: embosa state is shutdown, topic: singorix/wbcs/wbc_info
[2026-09-29 16:11:25.138 thread:52683 info dds_sub_serialization_listener.h:354]:DDSSubSerializationListener: embosa state is shutdown, topic: singorix/wbcs/error
[2026-09-29 16:11:25.143 thread:52683 info dds_sub_serialization_listener.h:354]:DDSSubSerializationListener: embosa state is shutdown, topic: /odom/base_link
[2026-09-29 16:11:25.147 thread:52683 info dds_sub_serialization_listener.h:354]:DDSSubSerializationListener: embosa state is shutdown, topic: singorix/wbcs/sensor
[2026-09-29 16:11:25.148 thread:52683 info dds_sub_serialization_listener.h:354]:DDSSubSerializationListener: embosa state is shutdown, topic: singorix/wbcs/error
[2026-09-29 16:11:25.152 thread:52683 info dds_sub_serialization_listener.h:354]:DDSSubSerializationListener: embosa state is shutdown, topic: /odom/base_link
[2026-09-29 16:11:25.154 thread:52683 info dds_sub_serialization_listener.h:354]:DDSSubSerializationListener: embosa state is shutdown, topic: singorix/wbcs/sensor
[2026-09-29 16:11:25.155 thread:52683 info dds_sub_serialization_listener.h:354]:DDSSubSerializationListener: embosa state is shutdown, topic: singorix/wbcs/wbc_info
[2026-09-29 16:11:25.157 thread:52683 info dds_sub_serialization_listener.h:354]:DDSSubSerializationListener: embosa state is shutdown, topic: singorix/wbcs/error
[2026-09-29 16:11:25.162 thread:52683 info dds_sub_serialization_listener.h:354]:DDSSubSerializationListener: embosa state is shutdown, topic: /odom/base_link
[2026-09-29 16:11:25.165 thread:52683 info dds_sub_serialization_listener.h:354]:DDSSubSerializationListener: embosa state is shutdown, topic: singorix/wbcs/sensor
[2026-09-29 16:11:25.168 thread:52683 info dds_sub_serialization_listener.h:354]:DDSSubSerializationListener: embosa state is shutdown, topic: singorix/wbcs/error
[2026-09-29 16:11:25.170 thread:52683 info dds_sub_serialization_listener.h:354]:DDSSubSerializationListener: embosa state is shutdown, topic: singorix/wbcs/sensor
[2026-09-29 16:11:25.172 thread:52683 info dds_sub_serialization_listener.h:354]:DDSSubSerializationListener: embosa state is shutdown, topic: singorix/wbcs/wbc_info
[2026-09-29 16:11:25.174 thread:52683 info dds_sub_serialization_listener.h:354]:DDSSubSerializationListener: embosa state is shutdown, topic: /odom/base_link
[2026-09-29 16:11:25.174 thread:52683 info dds_sub_serialization_listener.h:354]:DDSSubSerializationListener: embosa state is shutdown, topic: singorix/wbcs/error
[2026-09-29 16:11:25.177 thread:52683 info dds_sub_serialization_listener.h:354]:DDSSubSerializationListener: embosa state is shutdown, topic: singorix/wbcs/sensor
[2026-09-29 16:11:25.179 thread:52683 info dds_sub_serialization_listener.h:354]:DDSSubSerializationListener: embosa state is shutdown, topic: singorix/wbcs/error
[2026-09-29 16:11:25.183 thread:52683 info dds_sub_serialization_listener.h:354]:DDSSubSerializationListener: embosa state is shutdown, topic: /odom/base_link
[2026-09-29 16:11:25.186 thread:52683 info dds_sub_serialization_listener.h:354]:DDSSubSerializationListener: embosa state is shutdown, topic: singorix/wbcs/sensor
[2026-09-29 16:11:25.186 thread:52683 info dds_sub_serialization_listener.h:354]:DDSSubSerializationListener: embosa state is shutdown, topic: singorix/wbcs/wbc_info
[2026-09-29 16:11:25.188 thread:52683 info dds_sub_serialization_listener.h:354]:DDSSubSerializationListener: embosa state is shutdown, topic: singorix/wbcs/error
[2026-09-29 16:11:25.193 thread:52683 info dds_sub_serialization_listener.h:354]:DDSSubSerializationListener: embosa state is shutdown, topic: /odom/base_link
[2026-09-29 16:11:25.194 thread:52683 info dds_sub_serialization_listener.h:354]:DDSSubSerializationListener: embosa state is shutdown, topic: singorix/wbcs/sensor
[2026-09-29 16:11:25.194 thread:52683 info dds_sub_serialization_listener.h:354]:DDSSubSerializationListener: embosa state is shutdown, topic: singorix/wbcs/error
[2026-09-29 16:11:25.201 thread:52683 info dds_sub_serialization_listener.h:354]:DDSSubSerializationListener: embosa state is shutdown, topic: singorix/wbcs/sensor
[2026-09-29 16:11:25.202 thread:52683 info dds_sub_serialization_listener.h:354]:DDSSubSerializationListener: embosa state is shutdown, topic: /odom/base_link
[2026-09-29 16:11:25.202 thread:52683 info dds_sub_serialization_listener.h:354]:DDSSubSerializationListener: embosa state is shutdown, topic: singorix/wbcs/wbc_info
[2026-09-29 16:11:25.203 thread:52683 info dds_sub_serialization_listener.h:354]:DDSSubSerializationListener: embosa state is shutdown, topic: singorix/wbcs/error
[2026-09-29 16:11:25.212 thread:52683 info dds_sub_serialization_listener.h:354]:DDSSubSerializationListener: embosa state is shutdown, topic: singorix/wbcs/sensor
[2026-09-29 16:11:25.212 thread:52683 info dds_sub_serialization_listener.h:354]:DDSSubSerializationListener: embosa state is shutdown, topic: /odom/base_link
[2026-09-29 16:11:25.215 thread:52683 info dds_sub_serialization_listener.h:354]:DDSSubSerializationListener: embosa state is shutdown, topic: singorix/wbcs/error
[2026-09-29 16:11:25.217 thread:52683 info dds_sub_serialization_listener.h:354]:DDSSubSerializationListener: embosa state is shutdown, topic: singorix/wbcs/sensor
[2026-09-29 16:11:25.218 thread:52683 info dds_sub_serialization_listener.h:354]:DDSSubSerializationListener: embosa state is shutdown, topic: singorix/wbcs/wbc_info
[2026-09-29 16:11:25.218 thread:52683 info dds_sub_serialization_listener.h:354]:DDSSubSerializationListener: embosa state is shutdown, topic: singorix/wbcs/error
[2026-09-29 16:11:25.223 thread:52683 info dds_sub_serialization_listener.h:354]:DDSSubSerializationListener: embosa state is shutdown, topic: /odom/base_link
[2026-09-29 16:11:25.227 thread:52683 info dds_sub_serialization_listener.h:354]:DDSSubSerializationListener: embosa state is shutdown, topic: singorix/wbcs/sensor
[2026-09-29 16:11:25.228 thread:52683 info dds_sub_serialization_listener.h:354]:DDSSubSerializationListener: embosa state is shutdown, topic: singorix/wbcs/error
[2026-09-29 16:11:25.233 thread:52683 info dds_sub_serialization_listener.h:354]:DDSSubSerializationListener: embosa state is shutdown, topic: /odom/base_link
[2026-09-29 16:11:25.234 thread:52683 info dds_sub_serialization_listener.h:354]:DDSSubSerializationListener: embosa state is shutdown, topic: singorix/wbcs/sensor
[2026-09-29 16:11:25.235 thread:52683 info dds_sub_serialization_listener.h:354]:DDSSubSerializationListener: embosa state is shutdown, topic: singorix/wbcs/wbc_info
[2026-09-29 16:11:25.235 thread:52683 info dds_sub_serialization_listener.h:354]:DDSSubSerializationListener: embosa state is shutdown, topic: singorix/wbcs/error
[2026-09-29 16:11:25.241 thread:52683 info dds_sub_serialization_listener.h:354]:DDSSubSerializationListener: embosa state is shutdown, topic: singorix/wbcs/sensor
[2026-09-29 16:11:25.243 thread:52683 info dds_sub_serialization_listener.h:354]:DDSSubSerializationListener: embosa state is shutdown, topic: /odom/base_link
[2026-09-29 16:11:25.243 thread:52683 info dds_sub_serialization_listener.h:354]:DDSSubSerializationListener: embosa state is shutdown, topic: singorix/wbcs/error
[2026-09-29 16:11:25.250 thread:52683 info dds_sub_serialization_listener.h:354]:DDSSubSerializationListener: embosa state is shutdown, topic: singorix/wbcs/sensor
[2026-09-29 16:11:25.251 thread:52683 info dds_sub_serialization_listener.h:354]:DDSSubSerializationListener: embosa state is shutdown, topic: singorix/wbcs/wbc_info
[2026-09-29 16:11:25.251 thread:52683 info dds_sub_serialization_listener.h:354]:DDSSubSerializationListener: embosa state is shutdown, topic: singorix/wbcs/error
[2026-09-29 16:11:25.252 thread:52683 info dds_sub_serialization_listener.h:354]:DDSSubSerializationListener: embosa state is shutdown, topic: /galbot/mission_manager/onboard_config
[2026-09-29 16:11:25.253 thread:52683 info dds_sub_serialization_listener.h:354]:DDSSubSerializationListener: embosa state is shutdown, topic: /odom/base_link
[2026-09-29 16:11:25.258 thread:52683 info dds_sub_serialization_listener.h:354]:DDSSubSerializationListener: embosa state is shutdown, topic: singorix/wbcs/sensor
[2026-09-29 16:11:25.259 thread:52683 info dds_sub_serialization_listener.h:354]:DDSSubSerializationListener: embosa state is shutdown, topic: singorix/wbcs/error
[2026-09-29 16:11:25.263 thread:52683 info dds_sub_serialization_listener.h:354]:DDSSubSerializationListener: embosa state is shutdown, topic: /odom/base_link
[2026-09-29 16:11:25.266 thread:52683 info dds_sub_serialization_listener.h:354]:DDSSubSerializationListener: embosa state is shutdown, topic: singorix/wbcs/sensor
[2026-09-29 16:11:25.267 thread:52683 info dds_sub_serialization_listener.h:354]:DDSSubSerializationListener: embosa state is shutdown, topic: singorix/wbcs/wbc_info
[2026-09-29 16:11:25.267 thread:52683 info dds_sub_serialization_listener.h:354]:DDSSubSerializationListener: embosa state is shutdown, topic: singorix/wbcs/error
[2026-09-29 16:11:25.273 thread:52683 info dds_sub_serialization_listener.h:354]:DDSSubSerializationListener: embosa state is shutdown, topic: /odom/base_link
[2026-09-29 16:11:25.273 thread:52683 info dds_sub_serialization_listener.h:354]:DDSSubSerializationListener: embosa state is shutdown, topic: singorix/wbcs/sensor
[2026-09-29 16:11:25.274 thread:52683 info dds_sub_serialization_listener.h:354]:DDSSubSerializationListener: embosa state is shutdown, topic: singorix/wbcs/error
[2026-09-29 16:11:25.282 thread:52683 info dds_sub_serialization_listener.h:354]:DDSSubSerializationListener: embosa state is shutdown, topic: /odom/base_link
[2026-09-29 16:11:25.283 thread:52683 info dds_sub_serialization_listener.h:354]:DDSSubSerializationListener: embosa state is shutdown, topic: singorix/wbcs/sensor
[2026-09-29 16:11:25.285 thread:52683 info dds_sub_serialization_listener.h:354]:DDSSubSerializationListener: embosa state is shutdown, topic: singorix/wbcs/wbc_info
[2026-09-29 16:11:25.286 thread:52683 info dds_sub_serialization_listener.h:354]:DDSSubSerializationListener: embosa state is shutdown, topic: singorix/wbcs/error
[2026-09-29 16:11:25.289 thread:52683 info dds_sub_serialization_listener.h:354]:DDSSubSerializationListener: embosa state is shutdown, topic: singorix/wbcs/sensor
[2026-09-29 16:11:25.290 thread:52683 info dds_sub_serialization_listener.h:354]:DDSSubSerializationListener: embosa state is shutdown, topic: singorix/wbcs/error
[2026-09-29 16:11:25.293 thread:52683 info dds_sub_serialization_listener.h:354]:DDSSubSerializationListener: embosa state is shutdown, topic: /odom/base_link
[2026-09-29 16:11:25.298 thread:52683 info dds_sub_serialization_listener.h:354]:DDSSubSerializationListener: embosa state is shutdown, topic: singorix/wbcs/sensor
[2026-09-29 16:11:25.299 thread:52683 info dds_sub_serialization_listener.h:354]:DDSSubSerializationListener: embosa state is shutdown, topic: singorix/wbcs/wbc_info
[2026-09-29 16:11:25.299 thread:52683 info dds_sub_serialization_listener.h:354]:DDSSubSerializationListener: embosa state is shutdown, topic: singorix/wbcs/error
[2026-09-29 16:11:25.302 thread:52683 info dds_sub_serialization_listener.h:354]:DDSSubSerializationListener: embosa state is shutdown, topic: /odom/base_link
[2026-09-29 16:11:25.306 thread:52683 info dds_sub_serialization_listener.h:354]:DDSSubSerializationListener: embosa state is shutdown, topic: singorix/wbcs/sensor
[2026-09-29 16:11:25.306 thread:52683 info dds_sub_serialization_listener.h:354]:DDSSubSerializationListener: embosa state is shutdown, topic: singorix/wbcs/error
[2026-09-29 16:11:25.313 thread:52683 info dds_sub_serialization_listener.h:354]:DDSSubSerializationListener: embosa state is shutdown, topic: /odom/base_link
[2026-09-29 16:11:25.314 thread:52683 info dds_sub_serialization_listener.h:354]:DDSSubSerializationListener: embosa state is shutdown, topic: singorix/wbcs/sensor
[2026-09-29 16:11:25.315 thread:52683 info dds_sub_serialization_listener.h:354]:DDSSubSerializationListener: embosa state is shutdown, topic: singorix/wbcs/wbc_info
[2026-09-29 16:11:25.315 thread:52683 info dds_sub_serialization_listener.h:354]:DDSSubSerializationListener: embosa state is shutdown, topic: singorix/wbcs/error
[2026-09-29 16:11:25.323 thread:52683 info dds_sub_serialization_listener.h:354]:DDSSubSerializationListener: embosa state is shutdown, topic: /odom/base_link
[2026-09-29 16:11:25.323 thread:52683 info dds_sub_serialization_listener.h:354]:DDSSubSerializationListener: embosa state is shutdown, topic: singorix/wbcs/sensor
[2026-09-29 16:11:25.323 thread:52683 info dds_sub_serialization_listener.h:354]:DDSSubSerializationListener: embosa state is shutdown, topic: singorix/wbcs/error
[2026-09-29 16:11:25.330 thread:52683 info dds_sub_serialization_listener.h:354]:DDSSubSerializationListener: embosa state is shutdown, topic: singorix/wbcs/sensor
[2026-09-29 16:11:25.330 thread:52683 info dds_sub_serialization_listener.h:354]:DDSSubSerializationListener: embosa state is shutdown, topic: singorix/wbcs/wbc_info
[2026-09-29 16:11:25.330 thread:52683 info dds_sub_serialization_listener.h:354]:DDSSubSerializationListener: embosa state is shutdown, topic: singorix/wbcs/error
[2026-09-29 16:11:25.333 thread:52683 info dds_sub_serialization_listener.h:354]:DDSSubSerializationListener: embosa state is shutdown, topic: /odom/base_link
[2026-09-29 16:11:25.337 thread:52683 info dds_sub_serialization_listener.h:354]:DDSSubSerializationListener: embosa state is shutdown, topic: singorix/wbcs/sensor
[2026-09-29 16:11:25.337 thread:52683 info dds_sub_serialization_listener.h:354]:DDSSubSerializationListener: embosa state is shutdown, topic: singorix/wbcs/error
[2026-09-29 16:11:25.343 thread:52683 info dds_sub_serialization_listener.h:354]:DDSSubSerializationListener: embosa state is shutdown, topic: /odom/base_link
[2026-09-29 16:11:25.347 thread:52683 info dds_sub_serialization_listener.h:354]:DDSSubSerializationListener: embosa state is shutdown, topic: singorix/wbcs/sensor
[2026-09-29 16:11:25.348 thread:52683 info dds_sub_serialization_listener.h:354]:DDSSubSerializationListener: embosa state is shutdown, topic: singorix/wbcs/wbc_info
[2026-09-29 16:11:25.349 thread:52683 info dds_sub_serialization_listener.h:354]:DDSSubSerializationListener: embosa state is shutdown, topic: singorix/wbcs/error
[2026-09-29 16:11:25.353 thread:52683 info dds_sub_serialization_listener.h:354]:DDSSubSerializationListener: embosa state is shutdown, topic: /odom/base_link
[2026-09-29 16:11:25.355 thread:52683 info dds_sub_serialization_listener.h:354]:DDSSubSerializationListener: embosa state is shutdown, topic: singorix/wbcs/sensor
[2026-09-29 16:11:25.356 thread:52683 info dds_sub_serialization_listener.h:354]:DDSSubSerializationListener: embosa state is shutdown, topic: singorix/wbcs/error
[2026-09-29 16:11:25.363 thread:52683 info dds_sub_serialization_listener.h:354]:DDSSubSerializationListener: embosa state is shutdown, topic: /odom/base_link
[2026-09-29 16:11:25.363 thread:52683 info dds_sub_serialization_listener.h:354]:DDSSubSerializationListener: embosa state is shutdown, topic: singorix/wbcs/sensor
[2026-09-29 16:11:25.364 thread:52683 info dds_sub_serialization_listener.h:354]:DDSSubSerializationListener: embosa state is shutdown, topic: singorix/wbcs/wbc_info
[2026-09-29 16:11:25.365 thread:52683 info dds_sub_serialization_listener.h:354]:DDSSubSerializationListener: embosa state is shutdown, topic: singorix/wbcs/error
[2026-09-29 16:11:25.370 thread:52683 info dds_sub_serialization_listener.h:354]:DDSSubSerializationListener: embosa state is shutdown, topic: singorix/wbcs/sensor
[2026-09-29 16:11:25.370 thread:52683 info dds_sub_serialization_listener.h:354]:DDSSubSerializationListener: embosa state is shutdown, topic: singorix/wbcs/error
[2026-09-29 16:11:25.372 thread:52683 info dds_sub_serialization_listener.h:354]:DDSSubSerializationListener: embosa state is shutdown, topic: /odom/base_link
[2026-09-29 16:11:25.378 thread:52683 info dds_sub_serialization_listener.h:354]:DDSSubSerializationListener: embosa state is shutdown, topic: singorix/wbcs/sensor
[2026-09-29 16:11:25.379 thread:52683 info dds_sub_serialization_listener.h:354]:DDSSubSerializationListener: embosa state is shutdown, topic: singorix/wbcs/wbc_info
[2026-09-29 16:11:25.380 thread:52683 info dds_sub_serialization_listener.h:354]:DDSSubSerializationListener: embosa state is shutdown, topic: singorix/wbcs/error
[2026-09-29 16:11:25.383 thread:52683 info dds_sub_serialization_listener.h:354]:DDSSubSerializationListener: embosa state is shutdown, topic: /odom/base_link
[2026-09-29 16:11:25.386 thread:52683 info dds_sub_serialization_listener.h:354]:DDSSubSerializationListener: embosa state is shutdown, topic: singorix/wbcs/sensor
[2026-09-29 16:11:25.386 thread:52683 info dds_sub_serialization_listener.h:354]:DDSSubSerializationListener: embosa state is shutdown, topic: singorix/wbcs/error
[2026-09-29 16:11:25.392 thread:52683 info dds_sub_serialization_listener.h:354]:DDSSubSerializationListener: embosa state is shutdown, topic: /odom/base_link
[2026-09-29 16:11:25.395 thread:52683 info dds_sub_serialization_listener.h:354]:DDSSubSerializationListener: embosa state is shutdown, topic: singorix/wbcs/sensor
[2026-09-29 16:11:25.395 thread:52683 info dds_sub_serialization_listener.h:354]:DDSSubSerializationListener: embosa state is shutdown, topic: singorix/wbcs/wbc_info
[2026-09-29 16:11:25.395 thread:52683 info dds_sub_serialization_listener.h:354]:DDSSubSerializationListener: embosa state is shutdown, topic: singorix/wbcs/error
[2026-09-29 16:11:25.403 thread:52683 info dds_sub_serialization_listener.h:354]:DDSSubSerializationListener: embosa state is shutdown, topic: /odom/base_link
[2026-09-29 16:11:25.404 thread:52683 info dds_sub_serialization_listener.h:354]:DDSSubSerializationListener: embosa state is shutdown, topic: singorix/wbcs/sensor
[2026-09-29 16:11:25.404 thread:52683 info dds_sub_serialization_listener.h:354]:DDSSubSerializationListener: embosa state is shutdown, topic: singorix/wbcs/error
[2026-09-29 16:11:25.410 thread:52683 info dds_sub_serialization_listener.h:354]:DDSSubSerializationListener: embosa state is shutdown, topic: singorix/wbcs/sensor
[2026-09-29 16:11:25.411 thread:52683 info dds_sub_serialization_listener.h:354]:DDSSubSerializationListener: embosa state is shutdown, topic: singorix/wbcs/wbc_info
[2026-09-29 16:11:25.412 thread:52683 info dds_sub_serialization_listener.h:354]:DDSSubSerializationListener: embosa state is shutdown, topic: singorix/wbcs/error
[2026-09-29 16:11:25.413 thread:52683 info dds_sub_serialization_listener.h:354]:DDSSubSerializationListener: embosa state is shutdown, topic: /odom/base_link
[2026-09-29 16:11:25.418 thread:52683 info dds_sub_serialization_listener.h:354]:DDSSubSerializationListener: embosa state is shutdown, topic: singorix/wbcs/sensor
[2026-09-29 16:11:25.419 thread:52683 info dds_sub_serialization_listener.h:354]:DDSSubSerializationListener: embosa state is shutdown, topic: singorix/wbcs/error
[2026-09-29 16:11:25.423 thread:52683 info dds_sub_serialization_listener.h:354]:DDSSubSerializationListener: embosa state is shutdown, topic: /odom/base_link
[2026-09-29 16:11:25.425 thread:52683 info dds_sub_serialization_listener.h:354]:DDSSubSerializationListener: embosa state is shutdown, topic: singorix/wbcs/sensor
[2026-09-29 16:11:25.426 thread:52683 info dds_sub_serialization_listener.h:354]:DDSSubSerializationListener: embosa state is shutdown, topic: singorix/wbcs/wbc_info
[2026-09-29 16:11:25.426 thread:52683 info dds_sub_serialization_listener.h:354]:DDSSubSerializationListener: embosa state is shutdown, topic: singorix/wbcs/error
[2026-09-29 16:11:25.433 thread:52683 info dds_sub_serialization_listener.h:354]:DDSSubSerializationListener: embosa state is shutdown, topic: /odom/base_link
[2026-09-29 16:11:25.434 thread:52683 info dds_sub_serialization_listener.h:354]:DDSSubSerializationListener: embosa state is shutdown, topic: singorix/wbcs/sensor
[2026-09-29 16:11:25.435 thread:52683 info dds_sub_serialization_listener.h:354]:DDSSubSerializationListener: embosa state is shutdown, topic: singorix/wbcs/error
[2026-09-29 16:11:25.442 thread:52683 info dds_sub_serialization_listener.h:354]:DDSSubSerializationListener: embosa state is shutdown, topic: /odom/base_link
[2026-09-29 16:11:25.445 thread:52683 info dds_sub_serialization_listener.h:354]:DDSSubSerializationListener: embosa state is shutdown, topic: singorix/wbcs/sensor
[2026-09-29 16:11:25.446 thread:52683 info dds_sub_serialization_listener.h:354]:DDSSubSerializationListener: embosa state is shutdown, topic: singorix/wbcs/wbc_info
[2026-09-29 16:11:25.447 thread:52683 info dds_sub_serialization_listener.h:354]:DDSSubSerializationListener: embosa state is shutdown, topic: singorix/wbcs/error
[2026-09-29 16:11:25.450 thread:52683 info dds_sub_serialization_listener.h:354]:DDSSubSerializationListener: embosa state is shutdown, topic: singorix/wbcs/sensor
[2026-09-29 16:11:25.453 thread:52683 info dds_sub_serialization_listener.h:354]:DDSSubSerializationListener: embosa state is shutdown, topic: /odom/base_link
[2026-09-29 16:11:25.453 thread:52683 info dds_sub_serialization_listener.h:354]:DDSSubSerializationListener: embosa state is shutdown, topic: singorix/wbcs/error
[2026-09-29 16:11:25.458 thread:52683 info dds_sub_serialization_listener.h:354]:DDSSubSerializationListener: embosa state is shutdown, topic: singorix/wbcs/sensor
[2026-09-29 16:11:25.460 thread:52683 info dds_sub_serialization_listener.h:354]:DDSSubSerializationListener: embosa state is shutdown, topic: singorix/wbcs/wbc_info
[2026-09-29 16:11:25.462 thread:52683 info dds_sub_serialization_listener.h:354]:DDSSubSerializationListener: embosa state is shutdown, topic: singorix/wbcs/error
[2026-09-29 16:11:25.463 thread:52683 info dds_sub_serialization_listener.h:354]:DDSSubSerializationListener: embosa state is shutdown, topic: /odom/base_link
[2026-09-29 16:11:25.466 thread:52683 info dds_sub_serialization_listener.h:354]:DDSSubSerializationListener: embosa state is shutdown, topic: singorix/wbcs/sensor
[2026-09-29 16:11:25.468 thread:52683 info dds_sub_serialization_listener.h:354]:DDSSubSerializationListener: embosa state is shutdown, topic: singorix/wbcs/error
[2026-09-29 16:11:25.473 thread:52683 info dds_sub_serialization_listener.h:354]:DDSSubSerializationListener: embosa state is shutdown, topic: /odom/base_link
[2026-09-29 16:11:25.474 thread:52683 info dds_sub_serialization_listener.h:354]:DDSSubSerializationListener: embosa state is shutdown, topic: singorix/wbcs/sensor
[2026-09-29 16:11:25.476 thread:52683 info dds_sub_serialization_listener.h:354]:DDSSubSerializationListener: embosa state is shutdown, topic: singorix/wbcs/wbc_info
[2026-09-29 16:11:25.478 thread:52683 info dds_sub_serialization_listener.h:354]:DDSSubSerializationListener: embosa state is shutdown, topic: singorix/wbcs/error
[2026-09-29 16:11:25.483 thread:52683 info dds_sub_serialization_listener.h:354]:DDSSubSerializationListener: embosa state is shutdown, topic: /odom/base_link
[2026-09-29 16:11:25.483 thread:52683 info dds_sub_serialization_listener.h:354]:DDSSubSerializationListener: embosa state is shutdown, topic: singorix/wbcs/sensor
[2026-09-29 16:11:25.485 thread:52683 info dds_sub_serialization_listener.h:354]:DDSSubSerializationListener: embosa state is shutdown, topic: singorix/wbcs/error
[2026-09-29 16:11:25.490 thread:52683 info dds_sub_serialization_listener.h:354]:DDSSubSerializationListener: embosa state is shutdown, topic: singorix/wbcs/sensor
[2026-09-29 16:11:25.492 thread:52683 info dds_sub_serialization_listener.h:354]:DDSSubSerializationListener: embosa state is shutdown, topic: /odom/base_link
[2026-09-29 16:11:25.492 thread:52683 info dds_sub_serialization_listener.h:354]:DDSSubSerializationListener: embosa state is shutdown, topic: singorix/wbcs/wbc_info
[2026-09-29 16:11:25.493 thread:52683 info dds_sub_serialization_listener.h:354]:DDSSubSerializationListener: embosa state is shutdown, topic: singorix/wbcs/error
[2026-09-29 16:11:25.498 thread:52683 info dds_sub_serialization_listener.h:354]:DDSSubSerializationListener: embosa state is shutdown, topic: singorix/wbcs/sensor
[2026-09-29 16:11:25.498 thread:52683 info dds_sub_serialization_listener.h:354]:DDSSubSerializationListener: embosa state is shutdown, topic: singorix/wbcs/error
[2026-09-29 16:11:25.503 thread:52683 info dds_sub_serialization_listener.h:354]:DDSSubSerializationListener: embosa state is shutdown, topic: /odom/base_link
[2026-09-29 16:11:25.506 thread:52683 info dds_sub_serialization_listener.h:354]:DDSSubSerializationListener: embosa state is shutdown, topic: singorix/wbcs/sensor
[2026-09-29 16:11:25.508 thread:52683 info dds_sub_serialization_listener.h:354]:DDSSubSerializationListener: embosa state is shutdown, topic: singorix/wbcs/wbc_info
[2026-09-29 16:11:25.509 thread:52683 info dds_sub_serialization_listener.h:354]:DDSSubSerializationListener: embosa state is shutdown, topic: singorix/wbcs/error
[2026-09-29 16:11:25.514 thread:52683 info dds_sub_serialization_listener.h:354]:DDSSubSerializationListener: embosa state is shutdown, topic: /odom/base_link
[2026-09-29 16:11:25.515 thread:52683 info dds_sub_serialization_listener.h:354]:DDSSubSerializationListener: embosa state is shutdown, topic: singorix/wbcs/sensor
[2026-09-29 16:11:25.516 thread:52683 info dds_sub_serialization_listener.h:354]:DDSSubSerializationListener: embosa state is shutdown, topic: singorix/wbcs/error
[2026-09-29 16:11:25.522 thread:52683 info dds_sub_serialization_listener.h:354]:DDSSubSerializationListener: embosa state is shutdown, topic: /odom/base_link
[2026-09-29 16:11:25.524 thread:52683 info dds_sub_serialization_listener.h:354]:DDSSubSerializationListener: embosa state is shutdown, topic: singorix/wbcs/sensor
[2026-09-29 16:11:25.525 thread:52683 info dds_sub_serialization_listener.h:354]:DDSSubSerializationListener: embosa state is shutdown, topic: singorix/wbcs/wbc_info
[2026-09-29 16:11:25.525 thread:52683 info dds_sub_serialization_listener.h:354]:DDSSubSerializationListener: embosa state is shutdown, topic: singorix/wbcs/error
[2026-09-29 16:11:25.530 thread:52683 info dds_sub_serialization_listener.h:354]:DDSSubSerializationListener: embosa state is shutdown, topic: singorix/wbcs/sensor
[2026-09-29 16:11:25.532 thread:52683 info dds_sub_serialization_listener.h:354]:DDSSubSerializationListener: embosa state is shutdown, topic: singorix/wbcs/error
[2026-09-29 16:11:25.534 thread:52683 info dds_sub_serialization_listener.h:354]:DDSSubSerializationListener: embosa state is shutdown, topic: /odom/base_link
[2026-09-29 16:11:25.538 thread:52683 info dds_sub_serialization_listener.h:354]:DDSSubSerializationListener: embosa state is shutdown, topic: singorix/wbcs/sensor
[2026-09-29 16:11:25.540 thread:52683 info dds_sub_serialization_listener.h:354]:DDSSubSerializationListener: embosa state is shutdown, topic: singorix/wbcs/wbc_info
[2026-09-29 16:11:25.541 thread:52683 info dds_sub_serialization_listener.h:354]:DDSSubSerializationListener: embosa state is shutdown, topic: singorix/wbcs/error
[2026-09-29 16:11:25.542 thread:52683 info dds_sub_serialization_listener.h:354]:DDSSubSerializationListener: embosa state is shutdown, topic: /odom/base_link
[2026-09-29 16:11:25.549 thread:52683 info dds_sub_serialization_listener.h:354]:DDSSubSerializationListener: embosa state is shutdown, topic: singorix/wbcs/sensor
[2026-09-29 16:11:25.549 thread:52683 info dds_sub_serialization_listener.h:354]:DDSSubSerializationListener: embosa state is shutdown, topic: singorix/wbcs/error
[2026-09-29 16:11:25.553 thread:52683 info dds_sub_serialization_listener.h:354]:DDSSubSerializationListener: embosa state is shutdown, topic: singorix/wbcs/sensor
[2026-09-29 16:11:25.554 thread:52683 info dds_sub_serialization_listener.h:354]:DDSSubSerializationListener: embosa state is shutdown, topic: singorix/wbcs/wbc_info
[2026-09-29 16:11:25.555 thread:52680 info topology_manager.cc:150]:discovery participant name:galbot-echo+53816_embosa_0
[2026-09-29 16:11:25.555 thread:52683 info dds_sub_serialization_listener.h:354]:DDSSubSerializationListener: embosa state is shutdown, topic: singorix/wbcs/error
[2026-09-29 16:11:25.556 thread:52683 info dds_sub_serialization_listener.h:354]:DDSSubSerializationListener: embosa state is shutdown, topic: /odom/base_link
[2026-09-29 16:11:25.563 thread:52683 info dds_sub_serialization_listener.h:354]:DDSSubSerializationListener: embosa state is shutdown, topic: /odom/base_link
[2026-09-29 16:11:25.573 thread:52683 info dds_sub_serialization_listener.h:354]:DDSSubSerializationListener: embosa state is shutdown, topic: /odom/base_link
[2026-09-29 16:11:25.592 thread:52683 info dds_sub_serialization_listener.h:354]:DDSSubSerializationListener: embosa state is shutdown, topic: /odom/base_link
[2026-09-29 16:11:25.604 thread:52683 info dds_sub_serialization_listener.h:354]:DDSSubSerializationListener: embosa state is shutdown, topic: /odom/base_link
[2026-09-29 16:11:25.609 thread:52683 info dds_sub_serialization_listener.h:354]:DDSSubSerializationListener: embosa state is shutdown, topic: singorix/wbcs/sensor
[2026-09-29 16:11:25.610 thread:52683 info dds_sub_serialization_listener.h:354]:DDSSubSerializationListener: embosa state is shutdown, topic: singorix/wbcs/error
[2026-09-29 16:11:25.612 thread:52683 info dds_sub_serialization_listener.h:354]:DDSSubSerializationListener: embosa state is shutdown, topic: singorix/wbcs/sensor
[2026-09-29 16:11:25.612 thread:52683 info dds_sub_serialization_listener.h:354]:DDSSubSerializationListener: embosa state is shutdown, topic: /odom/base_link
[2026-09-29 16:11:25.612 thread:52683 info dds_sub_serialization_listener.h:354]:DDSSubSerializationListener: embosa state is shutdown, topic: singorix/wbcs/wbc_info
[2026-09-29 16:11:25.613 thread:52683 info dds_sub_serialization_listener.h:354]:DDSSubSerializationListener: embosa state is shutdown, topic: singorix/wbcs/error
[2026-09-29 16:11:25.628 thread:52683 info dds_sub_serialization_listener.h:354]:DDSSubSerializationListener: embosa state is shutdown, topic: /odom/base_link
[2026-09-29 16:11:25.629 thread:52683 info dds_sub_serialization_listener.h:354]:DDSSubSerializationListener: embosa state is shutdown, topic: singorix/wbcs/sensor
[2026-09-29 16:11:25.633 thread:52683 info dds_sub_serialization_listener.h:354]:DDSSubSerializationListener: embosa state is shutdown, topic: /odom/base_link
[2026-09-29 16:11:25.643 thread:52683 info dds_sub_serialization_listener.h:354]:DDSSubSerializationListener: embosa state is shutdown, topic: /odom/base_link
[2026-09-29 16:11:25.652 thread:52683 info dds_sub_serialization_listener.h:354]:DDSSubSerializationListener: embosa state is shutdown, topic: /odom/base_link
[2026-09-29 16:11:25.654 thread:52683 info dds_sub_serialization_listener.h:354]:DDSSubSerializationListener: embosa state is shutdown, topic: singorix/wbcs/error
[2026-09-29 16:11:25.663 thread:52683 info dds_sub_serialization_listener.h:354]:DDSSubSerializationListener: embosa state is shutdown, topic: /odom/base_link
[2026-09-29 16:11:25.665 thread:52683 info dds_sub_serialization_listener.h:354]:DDSSubSerializationListener: embosa state is shutdown, topic: singorix/wbcs/sensor
[2026-09-29 16:11:25.667 thread:52683 info dds_sub_serialization_listener.h:354]:DDSSubSerializationListener: embosa state is shutdown, topic: singorix/wbcs/wbc_info
[2026-09-29 16:11:25.667 thread:52683 info dds_sub_serialization_listener.h:354]:DDSSubSerializationListener: embosa state is shutdown, topic: singorix/wbcs/error
[2026-09-29 16:11:25.668 thread:52683 info dds_sub_serialization_listener.h:354]:DDSSubSerializationListener: embosa state is shutdown, topic: singorix/wbcs/sensor
[2026-09-29 16:11:25.669 thread:52683 info dds_sub_serialization_listener.h:354]:DDSSubSerializationListener: embosa state is shutdown, topic: singorix/wbcs/error
[2026-09-29 16:11:25.672 thread:52683 info dds_sub_serialization_listener.h:354]:DDSSubSerializationListener: embosa state is shutdown, topic: /odom/base_link
[2026-09-29 16:11:25.685 thread:52683 info dds_sub_serialization_listener.h:354]:DDSSubSerializationListener: embosa state is shutdown, topic: /odom/base_link
[2026-09-29 16:11:25.685 thread:52683 info dds_sub_serialization_listener.h:354]:DDSSubSerializationListener: embosa state is shutdown, topic: singorix/wbcs/sensor
[2026-09-29 16:11:25.693 thread:52683 info dds_sub_serialization_listener.h:354]:DDSSubSerializationListener: embosa state is shutdown, topic: /odom/base_link
[2026-09-29 16:11:25.703 thread:52683 info dds_sub_serialization_listener.h:354]:DDSSubSerializationListener: embosa state is shutdown, topic: /odom/base_link
[2026-09-29 16:11:25.710 thread:52683 info dds_sub_serialization_listener.h:354]:DDSSubSerializationListener: embosa state is shutdown, topic: singorix/wbcs/wbc_info
[2026-09-29 16:11:25.713 thread:52683 info dds_sub_serialization_listener.h:354]:DDSSubSerializationListener: embosa state is shutdown, topic: /odom/base_link
[2026-09-29 16:11:25.722 thread:52683 info dds_sub_serialization_listener.h:354]:DDSSubSerializationListener: embosa state is shutdown, topic: /odom/base_link
[2026-09-29 16:11:25.732 thread:52683 info dds_sub_serialization_listener.h:354]:DDSSubSerializationListener: embosa state is shutdown, topic: /odom/base_link
[2026-09-29 16:11:25.734 thread:52683 info dds_sub_serialization_listener.h:354]:DDSSubSerializationListener: embosa state is shutdown, topic: singorix/wbcs/error
[2026-09-29 16:11:25.742 thread:52683 info dds_sub_serialization_listener.h:354]:DDSSubSerializationListener: embosa state is shutdown, topic: /odom/base_link
[2026-09-29 16:11:25.753 thread:52683 info dds_sub_serialization_listener.h:354]:DDSSubSerializationListener: embosa state is shutdown, topic: /odom/base_link
[2026-09-29 16:11:25.764 thread:52683 info dds_sub_serialization_listener.h:354]:DDSSubSerializationListener: embosa state is shutdown, topic: /odom/base_link
[2026-09-29 16:11:25.773 thread:52683 info dds_sub_serialization_listener.h:354]:DDSSubSerializationListener: embosa state is shutdown, topic: /odom/base_link
[2026-09-29 16:11:25.782 thread:52683 info dds_sub_serialization_listener.h:354]:DDSSubSerializationListener: embosa state is shutdown, topic: /odom/base_link
[2026-09-29 16:11:25.793 thread:52683 info dds_sub_serialization_listener.h:354]:DDSSubSerializationListener: embosa state is shutdown, topic: /odom/base_link
[2026-09-29 16:11:25.803 thread:52683 info dds_sub_serialization_listener.h:354]:DDSSubSerializationListener: embosa state is shutdown, topic: /odom/base_link
[2026-09-29 16:11:25.812 thread:52683 info dds_sub_serialization_listener.h:354]:DDSSubSerializationListener: embosa state is shutdown, topic: /odom/base_link
[2026-09-29 16:11:25.822 thread:52683 info dds_sub_serialization_listener.h:354]:DDSSubSerializationListener: embosa state is shutdown, topic: /odom/base_link
[2026-09-29 16:11:25.832 thread:52683 info dds_sub_serialization_listener.h:354]:DDSSubSerializationListener: embosa state is shutdown, topic: /odom/base_link
[2026-09-29 16:11:25.840 thread:52683 info dds_sub_serialization_listener.h:354]:DDSSubSerializationListener: embosa state is shutdown, topic: singorix/wbcs/sensor
[2026-09-29 16:11:25.840 thread:52683 info dds_sub_serialization_listener.h:354]:DDSSubSerializationListener: embosa state is shutdown, topic: singorix/wbcs/error
[2026-09-29 16:11:25.841 thread:52683 info dds_sub_serialization_listener.h:354]:DDSSubSerializationListener: embosa state is shutdown, topic: singorix/wbcs/sensor
[2026-09-29 16:11:25.842 thread:52683 info dds_sub_serialization_listener.h:354]:DDSSubSerializationListener: embosa state is shutdown, topic: singorix/wbcs/wbc_info
[2026-09-29 16:11:25.842 thread:52683 info dds_sub_serialization_listener.h:354]:DDSSubSerializationListener: embosa state is shutdown, topic: /odom/base_link
[2026-09-29 16:11:25.844 thread:52683 info dds_sub_serialization_listener.h:354]:DDSSubSerializationListener: embosa state is shutdown, topic: singorix/wbcs/error
[2026-09-29 16:11:25.845 thread:52683 info dds_sub_serialization_listener.h:354]:DDSSubSerializationListener: embosa state is shutdown, topic: singorix/wbcs/sensor
[2026-09-29 16:11:25.845 thread:52683 info dds_sub_serialization_listener.h:354]:DDSSubSerializationListener: embosa state is shutdown, topic: singorix/wbcs/error
[2026-09-29 16:11:25.847 thread:52683 info dds_sub_serialization_listener.h:354]:DDSSubSerializationListener: embosa state is shutdown, topic: singorix/wbcs/sensor
[2026-09-29 16:11:25.849 thread:52683 info dds_sub_serialization_listener.h:354]:DDSSubSerializationListener: embosa state is shutdown, topic: singorix/wbcs/wbc_info
[2026-09-29 16:11:25.849 thread:52683 info dds_sub_serialization_listener.h:354]:DDSSubSerializationListener: embosa state is shutdown, topic: singorix/wbcs/error
[2026-09-29 16:11:25.851 thread:52683 info dds_sub_serialization_listener.h:354]:DDSSubSerializationListener: embosa state is shutdown, topic: singorix/wbcs/sensor
[2026-09-29 16:11:25.852 thread:52683 info dds_sub_serialization_listener.h:354]:DDSSubSerializationListener: embosa state is shutdown, topic: singorix/wbcs/error
[2026-09-29 16:11:25.852 thread:52683 info dds_sub_serialization_listener.h:354]:DDSSubSerializationListener: embosa state is shutdown, topic: singorix/wbcs/sensor
[2026-09-29 16:11:25.852 thread:52683 info dds_sub_serialization_listener.h:354]:DDSSubSerializationListener: embosa state is shutdown, topic: /odom/base_link
[2026-09-29 16:11:25.853 thread:52683 info dds_sub_serialization_listener.h:354]:DDSSubSerializationListener: embosa state is shutdown, topic: singorix/wbcs/wbc_info
[2026-09-29 16:11:25.853 thread:52683 info dds_sub_serialization_listener.h:354]:DDSSubSerializationListener: embosa state is shutdown, topic: singorix/wbcs/error
[2026-09-29 16:11:25.855 thread:52683 info dds_sub_serialization_listener.h:354]:DDSSubSerializationListener: embosa state is shutdown, topic: singorix/wbcs/sensor
[2026-09-29 16:11:25.856 thread:52683 info dds_sub_serialization_listener.h:354]:DDSSubSerializationListener: embosa state is shutdown, topic: singorix/wbcs/error
[2026-09-29 16:11:25.856 thread:52683 info dds_sub_serialization_listener.h:354]:DDSSubSerializationListener: embosa state is shutdown, topic: singorix/wbcs/sensor
[2026-09-29 16:11:25.857 thread:52683 info dds_sub_serialization_listener.h:354]:DDSSubSerializationListener: embosa state is shutdown, topic: singorix/wbcs/wbc_info
[2026-09-29 16:11:25.859 thread:52683 info dds_sub_serialization_listener.h:354]:DDSSubSerializationListener: embosa state is shutdown, topic: singorix/wbcs/error
[2026-09-29 16:11:25.860 thread:52683 info dds_sub_serialization_listener.h:354]:DDSSubSerializationListener: embosa state is shutdown, topic: singorix/wbcs/sensor
[2026-09-29 16:11:25.860 thread:52683 info dds_sub_serialization_listener.h:354]:DDSSubSerializationListener: embosa state is shutdown, topic: singorix/wbcs/error
[2026-09-29 16:11:25.860 thread:52683 info dds_sub_serialization_listener.h:354]:DDSSubSerializationListener: embosa state is shutdown, topic: singorix/wbcs/sensor
[2026-09-29 16:11:25.861 thread:52683 info dds_sub_serialization_listener.h:354]:DDSSubSerializationListener: embosa state is shutdown, topic: singorix/wbcs/wbc_info
[2026-09-29 16:11:25.861 thread:52683 info dds_sub_serialization_listener.h:354]:DDSSubSerializationListener: embosa state is shutdown, topic: singorix/wbcs/error
[2026-09-29 16:11:25.862 thread:52683 info dds_sub_serialization_listener.h:354]:DDSSubSerializationListener: embosa state is shutdown, topic: singorix/wbcs/sensor
[2026-09-29 16:11:25.862 thread:52683 info dds_sub_serialization_listener.h:354]:DDSSubSerializationListener: embosa state is shutdown, topic: /odom/base_link
[2026-09-29 16:11:25.862 thread:52683 info dds_sub_serialization_listener.h:354]:DDSSubSerializationListener: embosa state is shutdown, topic: singorix/wbcs/error
[2026-09-29 16:11:25.863 thread:52683 info dds_sub_serialization_listener.h:354]:DDSSubSerializationListener: embosa state is shutdown, topic: singorix/wbcs/sensor
[2026-09-29 16:11:25.864 thread:52683 info dds_sub_serialization_listener.h:354]:DDSSubSerializationListener: embosa state is shutdown, topic: singorix/wbcs/wbc_info
[2026-09-29 16:11:25.864 thread:52683 info dds_sub_serialization_listener.h:354]:DDSSubSerializationListener: embosa state is shutdown, topic: singorix/wbcs/error
[2026-09-29 16:11:25.865 thread:52683 info dds_sub_serialization_listener.h:354]:DDSSubSerializationListener: embosa state is shutdown, topic: singorix/wbcs/sensor
[2026-09-29 16:11:25.865 thread:52683 info dds_sub_serialization_listener.h:354]:DDSSubSerializationListener: embosa state is shutdown, topic: singorix/wbcs/error
[2026-09-29 16:11:25.866 thread:52683 info dds_sub_serialization_listener.h:354]:DDSSubSerializationListener: embosa state is shutdown, topic: singorix/wbcs/sensor
[2026-09-29 16:11:25.866 thread:52683 info dds_sub_serialization_listener.h:354]:DDSSubSerializationListener: embosa state is shutdown, topic: singorix/wbcs/wbc_info
[2026-09-29 16:11:25.866 thread:52683 info dds_sub_serialization_listener.h:354]:DDSSubSerializationListener: embosa state is shutdown, topic: singorix/wbcs/error
[2026-09-29 16:11:25.867 thread:52683 info dds_sub_serialization_listener.h:354]:DDSSubSerializationListener: embosa state is shutdown, topic: singorix/wbcs/sensor
[2026-09-29 16:11:25.867 thread:52683 info dds_sub_serialization_listener.h:354]:DDSSubSerializationListener: embosa state is shutdown, topic: singorix/wbcs/error
[2026-09-29 16:11:25.868 thread:52683 info dds_sub_serialization_listener.h:354]:DDSSubSerializationListener: embosa state is shutdown, topic: singorix/wbcs/sensor
[2026-09-29 16:11:25.869 thread:52683 info dds_sub_serialization_listener.h:354]:DDSSubSerializationListener: embosa state is shutdown, topic: singorix/wbcs/wbc_info
[2026-09-29 16:11:25.869 thread:52683 info dds_sub_serialization_listener.h:354]:DDSSubSerializationListener: embosa state is shutdown, topic: singorix/wbcs/error
[2026-09-29 16:11:25.870 thread:52683 info dds_sub_serialization_listener.h:354]:DDSSubSerializationListener: embosa state is shutdown, topic: singorix/wbcs/sensor
[2026-09-29 16:11:25.870 thread:52683 info dds_sub_serialization_listener.h:354]:DDSSubSerializationListener: embosa state is shutdown, topic: singorix/wbcs/error
[2026-09-29 16:11:25.874 thread:52683 info dds_sub_serialization_listener.h:354]:DDSSubSerializationListener: embosa state is shutdown, topic: /odom/base_link
[2026-09-29 16:11:25.882 thread:52683 info dds_sub_serialization_listener.h:354]:DDSSubSerializationListener: embosa state is shutdown, topic: /odom/base_link
[2026-09-29 16:11:25.891 thread:52683 info dds_sub_serialization_listener.h:354]:DDSSubSerializationListener: embosa state is shutdown, topic: singorix/wbcs/sensor
[2026-09-29 16:11:25.892 thread:52683 info dds_sub_serialization_listener.h:354]:DDSSubSerializationListener: embosa state is shutdown, topic: singorix/wbcs/wbc_info
[2026-09-29 16:11:25.894 thread:52683 info dds_sub_serialization_listener.h:354]:DDSSubSerializationListener: embosa state is shutdown, topic: /odom/base_link
[2026-09-29 16:11:25.904 thread:52683 info dds_sub_serialization_listener.h:354]:DDSSubSerializationListener: embosa state is shutdown, topic: /odom/base_link
[2026-09-29 16:11:25.913 thread:52683 info dds_sub_serialization_listener.h:354]:DDSSubSerializationListener: embosa state is shutdown, topic: /odom/base_link
[2026-09-29 16:11:25.923 thread:52683 info dds_sub_serialization_listener.h:354]:DDSSubSerializationListener: embosa state is shutdown, topic: /odom/base_link
[2026-09-29 16:11:25.934 thread:52683 info dds_sub_serialization_listener.h:354]:DDSSubSerializationListener: embosa state is shutdown, topic: /odom/base_link
[2026-09-29 16:11:25.943 thread:52683 info dds_sub_serialization_listener.h:354]:DDSSubSerializationListener: embosa state is shutdown, topic: /odom/base_link
[2026-09-29 16:11:25.953 thread:52683 info dds_sub_serialization_listener.h:354]:DDSSubSerializationListener: embosa state is shutdown, topic: /odom/base_link
[2026-09-29 16:11:25.953 thread:52683 info dds_sub_serialization_listener.h:354]:DDSSubSerializationListener: embosa state is shutdown, topic: singorix/wbcs/error
[2026-09-29 16:11:25.964 thread:52683 info dds_sub_serialization_listener.h:354]:DDSSubSerializationListener: embosa state is shutdown, topic: /odom/base_link
[2026-09-29 16:11:25.974 thread:52683 info dds_sub_serialization_listener.h:354]:DDSSubSerializationListener: embosa state is shutdown, topic: /odom/base_link
[2026-09-29 16:11:25.983 thread:52683 info dds_sub_serialization_listener.h:354]:DDSSubSerializationListener: embosa state is shutdown, topic: /odom/base_link
[2026-09-29 16:11:25.987 thread:52683 info dds_sub_listener.cc:248]:DDSSubListener: embosa state is shutdown, topic: bms
[2026-09-29 16:11:25.990 thread:52683 info dds_sub_serialization_listener.h:354]:DDSSubSerializationListener: embosa state is shutdown, topic: singorix/wbcs/sensor
[2026-09-29 16:11:25.994 thread:52683 info dds_sub_serialization_listener.h:354]:DDSSubSerializationListener: embosa state is shutdown, topic: singorix/wbcs/error
[2026-09-29 16:11:25.995 thread:52683 info dds_sub_serialization_listener.h:354]:DDSSubSerializationListener: embosa state is shutdown, topic: /odom/base_link
[2026-09-29 16:11:26.003 thread:52683 info dds_sub_serialization_listener.h:354]:DDSSubSerializationListener: embosa state is shutdown, topic: /odom/base_link
[2026-09-29 16:11:26.014 thread:52683 info dds_sub_serialization_listener.h:354]:DDSSubSerializationListener: embosa state is shutdown, topic: /odom/base_link
[2026-09-29 16:11:26.022 thread:52683 info dds_sub_serialization_listener.h:354]:DDSSubSerializationListener: embosa state is shutdown, topic: singorix/wbcs/sensor
[2026-09-29 16:11:26.023 thread:52683 info dds_sub_serialization_listener.h:354]:DDSSubSerializationListener: embosa state is shutdown, topic: /odom/base_link
[2026-09-29 16:11:26.034 thread:52683 info dds_sub_serialization_listener.h:354]:DDSSubSerializationListener: embosa state is shutdown, topic: /odom/base_link
[2026-09-29 16:11:26.035 thread:52683 info dds_sub_serialization_listener.h:354]:DDSSubSerializationListener: embosa state is shutdown, topic: singorix/wbcs/wbc_info
[2026-09-29 16:11:26.040 thread:52683 info dds_sub_serialization_listener.h:354]:DDSSubSerializationListener: embosa state is shutdown, topic: singorix/wbcs/error
[2026-09-29 16:11:26.042 thread:52683 info dds_sub_serialization_listener.h:354]:DDSSubSerializationListener: embosa state is shutdown, topic: singorix/wbcs/sensor
[2026-09-29 16:11:26.043 thread:52683 info dds_sub_serialization_listener.h:354]:DDSSubSerializationListener: embosa state is shutdown, topic: /odom/base_link
[2026-09-29 16:11:26.045 thread:52683 info dds_sub_serialization_listener.h:354]:DDSSubSerializationListener: embosa state is shutdown, topic: singorix/wbcs/error
[2026-09-29 16:11:26.046 thread:52683 info dds_sub_serialization_listener.h:354]:DDSSubSerializationListener: embosa state is shutdown, topic: singorix/wbcs/sensor
[2026-09-29 16:11:26.049 thread:52683 info dds_sub_serialization_listener.h:354]:DDSSubSerializationListener: embosa state is shutdown, topic: singorix/wbcs/wbc_info
[2026-09-29 16:11:26.051 thread:52683 info dds_sub_serialization_listener.h:354]:DDSSubSerializationListener: embosa state is shutdown, topic: singorix/wbcs/error
[2026-09-29 16:11:26.052 thread:52683 info dds_sub_serialization_listener.h:354]:DDSSubSerializationListener: embosa state is shutdown, topic: singorix/wbcs/sensor
[2026-09-29 16:11:26.052 thread:52683 info dds_sub_serialization_listener.h:354]:DDSSubSerializationListener: embosa state is shutdown, topic: singorix/wbcs/error
[2026-09-29 16:11:26.052 thread:52683 info dds_sub_serialization_listener.h:354]:DDSSubSerializationListener: embosa state is shutdown, topic: /odom/base_link
[2026-09-29 16:11:26.063 thread:52683 info dds_sub_serialization_listener.h:354]:DDSSubSerializationListener: embosa state is shutdown, topic: /odom/base_link
[2026-09-29 16:11:26.072 thread:52683 info dds_sub_serialization_listener.h:354]:DDSSubSerializationListener: embosa state is shutdown, topic: /odom/base_link
[2026-09-29 16:11:26.082 thread:52683 info dds_sub_serialization_listener.h:354]:DDSSubSerializationListener: embosa state is shutdown, topic: /odom/base_link
[2026-09-29 16:11:26.095 thread:52683 info dds_sub_serialization_listener.h:354]:DDSSubSerializationListener: embosa state is shutdown, topic: /odom/base_link
[2026-09-29 16:11:26.104 thread:52683 info dds_sub_serialization_listener.h:354]:DDSSubSerializationListener: embosa state is shutdown, topic: /odom/base_link
[2026-09-29 16:11:26.114 thread:52683 info dds_sub_serialization_listener.h:354]:DDSSubSerializationListener: embosa state is shutdown, topic: /odom/base_link
[2026-09-29 16:11:26.122 thread:52652 info dds_sub_serialization_listener.h:565]:DDSSubSerializationListener: embosa state is shutdown, topic: embosa_service_change_broadcast
[2026-09-29 16:11:26.122 thread:52652 info dds_node_factory.cpp:1179]:DeleteWriterUnlock: Writer and associated resources successfully removed
[2026-09-29 16:11:26.123 thread:52683 info dds_sub_serialization_listener.h:354]:DDSSubSerializationListener: embosa state is shutdown, topic: /odom/base_link
[2026-09-29 16:11:26.131 thread:52683 info dds_sub_serialization_listener.h:354]:DDSSubSerializationListener: embosa state is shutdown, topic: singorix/wbcs/sensor
[2026-09-29 16:11:26.132 thread:52683 info dds_sub_serialization_listener.h:354]:DDSSubSerializationListener: embosa state is shutdown, topic: singorix/wbcs/wbc_info
[2026-09-29 16:11:26.132 thread:52683 info dds_sub_serialization_listener.h:354]:DDSSubSerializationListener: embosa state is shutdown, topic: singorix/wbcs/error
[2026-09-29 16:11:26.132 thread:52683 info dds_sub_serialization_listener.h:354]:DDSSubSerializationListener: embosa state is shutdown, topic: singorix/wbcs/sensor
[2026-09-29 16:11:26.132 thread:52683 info dds_sub_serialization_listener.h:354]:DDSSubSerializationListener: embosa state is shutdown, topic: /odom/base_link
[2026-09-29 16:11:26.132 thread:52683 info dds_sub_serialization_listener.h:354]:DDSSubSerializationListener: embosa state is shutdown, topic: singorix/wbcs/error
[2026-09-29 16:11:26.134 thread:52683 info dds_sub_serialization_listener.h:354]:DDSSubSerializationListener: embosa state is shutdown, topic: singorix/wbcs/sensor
[2026-09-29 16:11:26.134 thread:52683 info dds_sub_serialization_listener.h:354]:DDSSubSerializationListener: embosa state is shutdown, topic: singorix/wbcs/wbc_info
[2026-09-29 16:11:26.135 thread:52683 info dds_sub_serialization_listener.h:354]:DDSSubSerializationListener: embosa state is shutdown, topic: singorix/wbcs/error
[2026-09-29 16:11:26.136 thread:52683 info dds_sub_serialization_listener.h:354]:DDSSubSerializationListener: embosa state is shutdown, topic: singorix/wbcs/sensor
[2026-09-29 16:11:26.136 thread:52683 info dds_sub_serialization_listener.h:354]:DDSSubSerializationListener: embosa state is shutdown, topic: singorix/wbcs/error
[2026-09-29 16:11:26.137 thread:52683 info dds_sub_serialization_listener.h:354]:DDSSubSerializationListener: embosa state is shutdown, topic: singorix/wbcs/sensor
[2026-09-29 16:11:26.137 thread:52683 info dds_sub_serialization_listener.h:354]:DDSSubSerializationListener: embosa state is shutdown, topic: singorix/wbcs/wbc_info
[2026-09-29 16:11:26.137 thread:52683 info dds_sub_serialization_listener.h:354]:DDSSubSerializationListener: embosa state is shutdown, topic: singorix/wbcs/error
[2026-09-29 16:11:26.139 thread:52683 info dds_sub_serialization_listener.h:354]:DDSSubSerializationListener: embosa state is shutdown, topic: singorix/wbcs/sensor
[2026-09-29 16:11:26.139 thread:52683 info dds_sub_serialization_listener.h:354]:DDSSubSerializationListener: embosa state is shutdown, topic: singorix/wbcs/error
[2026-09-29 16:11:26.143 thread:52683 info dds_sub_serialization_listener.h:354]:DDSSubSerializationListener: embosa state is shutdown, topic: /odom/base_link
[2026-09-29 16:11:26.153 thread:52683 info dds_sub_serialization_listener.h:354]:DDSSubSerializationListener: embosa state is shutdown, topic: /odom/base_link
[2026-09-29 16:11:26.155 thread:52683 info dds_sub_serialization_listener.h:354]:DDSSubSerializationListener: embosa state is shutdown, topic: singorix/wbcs/sensor
[2026-09-29 16:11:26.156 thread:52683 info dds_sub_serialization_listener.h:354]:DDSSubSerializationListener: embosa state is shutdown, topic: singorix/wbcs/wbc_info
[2026-09-29 16:11:26.157 thread:52683 info dds_sub_serialization_listener.h:354]:DDSSubSerializationListener: embosa state is shutdown, topic: singorix/wbcs/error
[2026-09-29 16:11:26.160 thread:52683 info dds_sub_serialization_listener.h:354]:DDSSubSerializationListener: embosa state is shutdown, topic: singorix/wbcs/sensor
[2026-09-29 16:11:26.161 thread:52683 info dds_sub_serialization_listener.h:354]:DDSSubSerializationListener: embosa state is shutdown, topic: singorix/wbcs/error
[2026-09-29 16:11:26.163 thread:52683 info dds_sub_serialization_listener.h:354]:DDSSubSerializationListener: embosa state is shutdown, topic: /odom/base_link
[2026-09-29 16:11:26.169 thread:52683 info dds_sub_serialization_listener.h:354]:DDSSubSerializationListener: embosa state is shutdown, topic: singorix/wbcs/sensor
[2026-09-29 16:11:26.174 thread:52683 info dds_sub_serialization_listener.h:354]:DDSSubSerializationListener: embosa state is shutdown, topic: /odom/base_link
[2026-09-29 16:11:26.174 thread:52683 info dds_sub_serialization_listener.h:354]:DDSSubSerializationListener: embosa state is shutdown, topic: singorix/wbcs/wbc_info
[2026-09-29 16:11:26.183 thread:52683 info dds_sub_serialization_listener.h:354]:DDSSubSerializationListener: embosa state is shutdown, topic: /odom/base_link
[2026-09-29 16:11:26.193 thread:52683 info dds_sub_serialization_listener.h:354]:DDSSubSerializationListener: embosa state is shutdown, topic: /odom/base_link
[2026-09-29 16:11:26.203 thread:52683 info dds_sub_serialization_listener.h:354]:DDSSubSerializationListener: embosa state is shutdown, topic: /odom/base_link
[2026-09-29 16:11:26.212 thread:52683 info dds_sub_serialization_listener.h:354]:DDSSubSerializationListener: embosa state is shutdown, topic: /odom/base_link
[2026-09-29 16:11:26.222 thread:52683 info dds_sub_serialization_listener.h:354]:DDSSubSerializationListener: embosa state is shutdown, topic: singorix/wbcs/error
[2026-09-29 16:11:26.223 thread:52683 info dds_sub_serialization_listener.h:354]:DDSSubSerializationListener: embosa state is shutdown, topic: /odom/base_link
[2026-09-29 16:11:26.224 thread:52683 info dds_sub_serialization_listener.h:354]:DDSSubSerializationListener: embosa state is shutdown, topic: singorix/wbcs/sensor
[2026-09-29 16:11:26.225 thread:52683 info dds_sub_serialization_listener.h:354]:DDSSubSerializationListener: embosa state is shutdown, topic: singorix/wbcs/error
[2026-09-29 16:11:26.226 thread:52683 info dds_sub_serialization_listener.h:354]:DDSSubSerializationListener: embosa state is shutdown, topic: singorix/wbcs/sensor
[2026-09-29 16:11:26.228 thread:52683 info dds_sub_serialization_listener.h:354]:DDSSubSerializationListener: embosa state is shutdown, topic: singorix/wbcs/wbc_info
[2026-09-29 16:11:26.231 thread:52683 info dds_sub_serialization_listener.h:354]:DDSSubSerializationListener: embosa state is shutdown, topic: singorix/wbcs/error
[2026-09-29 16:11:26.233 thread:52683 info dds_sub_serialization_listener.h:354]:DDSSubSerializationListener: embosa state is shutdown, topic: /odom/base_link
[2026-09-29 16:11:26.238 thread:52683 info dds_sub_serialization_listener.h:354]:DDSSubSerializationListener: embosa state is shutdown, topic: singorix/wbcs/sensor
[2026-09-29 16:11:26.240 thread:52683 info dds_sub_serialization_listener.h:354]:DDSSubSerializationListener: embosa state is shutdown, topic: singorix/wbcs/error
[2026-09-29 16:11:26.244 thread:52683 info dds_sub_serialization_listener.h:354]:DDSSubSerializationListener: embosa state is shutdown, topic: /odom/base_link
[2026-09-29 16:11:26.249 thread:52683 info dds_sub_serialization_listener.h:354]:DDSSubSerializationListener: embosa state is shutdown, topic: singorix/wbcs/sensor
[2026-09-29 16:11:26.253 thread:52683 info dds_sub_serialization_listener.h:354]:DDSSubSerializationListener: embosa state is shutdown, topic: /odom/base_link
[2026-09-29 16:11:26.253 thread:52683 info dds_sub_serialization_listener.h:354]:DDSSubSerializationListener: embosa state is shutdown, topic: singorix/wbcs/wbc_info
[2026-09-29 16:11:26.258 thread:52683 info dds_sub_serialization_listener.h:354]:DDSSubSerializationListener: embosa state is shutdown, topic: /galbot/mission_manager/onboard_config
[2026-09-29 16:11:26.258 thread:52683 info dds_sub_serialization_listener.h:354]:DDSSubSerializationListener: embosa state is shutdown, topic: singorix/wbcs/error
[2026-09-29 16:11:26.262 thread:52683 info dds_sub_serialization_listener.h:354]:DDSSubSerializationListener: embosa state is shutdown, topic: /odom/base_link
[2026-09-29 16:11:26.270 thread:52683 info dds_sub_serialization_listener.h:354]:DDSSubSerializationListener: embosa state is shutdown, topic: singorix/wbcs/sensor
[2026-09-29 16:11:26.271 thread:52683 info dds_sub_serialization_listener.h:354]:DDSSubSerializationListener: embosa state is shutdown, topic: singorix/wbcs/error
[2026-09-29 16:11:26.273 thread:52683 info dds_sub_serialization_listener.h:354]:DDSSubSerializationListener: embosa state is shutdown, topic: /odom/base_link
[2026-09-29 16:11:26.275 thread:52683 info dds_sub_serialization_listener.h:354]:DDSSubSerializationListener: embosa state is shutdown, topic: singorix/wbcs/sensor
[2026-09-29 16:11:26.275 thread:52683 info dds_sub_serialization_listener.h:354]:DDSSubSerializationListener: embosa state is shutdown, topic: singorix/wbcs/wbc_info
[2026-09-29 16:11:26.276 thread:52683 info dds_sub_serialization_listener.h:354]:DDSSubSerializationListener: embosa state is shutdown, topic: singorix/wbcs/error
[2026-09-29 16:11:26.277 thread:52683 info dds_sub_serialization_listener.h:354]:DDSSubSerializationListener: embosa state is shutdown, topic: singorix/wbcs/sensor
[2026-09-29 16:11:26.278 thread:52683 info dds_sub_serialization_listener.h:354]:DDSSubSerializationListener: embosa state is shutdown, topic: singorix/wbcs/error
[2026-09-29 16:11:26.283 thread:52683 info dds_sub_serialization_listener.h:354]:DDSSubSerializationListener: embosa state is shutdown, topic: /odom/base_link
[2026-09-29 16:11:26.283 thread:52683 info dds_sub_serialization_listener.h:354]:DDSSubSerializationListener: embosa state is shutdown, topic: singorix/wbcs/sensor
[2026-09-29 16:11:26.285 thread:52683 info dds_sub_serialization_listener.h:354]:DDSSubSerializationListener: embosa state is shutdown, topic: singorix/wbcs/wbc_info
[2026-09-29 16:11:26.286 thread:52683 info dds_sub_serialization_listener.h:354]:DDSSubSerializationListener: embosa state is shutdown, topic: singorix/wbcs/error
[2026-09-29 16:11:26.291 thread:52683 info dds_sub_serialization_listener.h:354]:DDSSubSerializationListener: embosa state is shutdown, topic: singorix/wbcs/sensor
[2026-09-29 16:11:26.292 thread:52683 info dds_sub_serialization_listener.h:354]:DDSSubSerializationListener: embosa state is shutdown, topic: singorix/wbcs/error
[2026-09-29 16:11:26.293 thread:52683 info dds_sub_serialization_listener.h:354]:DDSSubSerializationListener: embosa state is shutdown, topic: /odom/base_link
[2026-09-29 16:11:26.299 thread:52683 info dds_sub_serialization_listener.h:354]:DDSSubSerializationListener: embosa state is shutdown, topic: singorix/wbcs/sensor
[2026-09-29 16:11:26.300 thread:52683 info dds_sub_serialization_listener.h:354]:DDSSubSerializationListener: embosa state is shutdown, topic: singorix/wbcs/wbc_info
[2026-09-29 16:11:26.300 thread:52683 info dds_sub_serialization_listener.h:354]:DDSSubSerializationListener: embosa state is shutdown, topic: singorix/wbcs/error
[2026-09-29 16:11:26.302 thread:52683 info dds_sub_serialization_listener.h:354]:DDSSubSerializationListener: embosa state is shutdown, topic: /odom/base_link
[2026-09-29 16:11:26.307 thread:52683 info dds_sub_serialization_listener.h:354]:DDSSubSerializationListener: embosa state is shutdown, topic: singorix/wbcs/sensor
[2026-09-29 16:11:26.307 thread:52683 info dds_sub_serialization_listener.h:354]:DDSSubSerializationListener: embosa state is shutdown, topic: singorix/wbcs/error
[2026-09-29 16:11:26.313 thread:52683 info dds_sub_serialization_listener.h:354]:DDSSubSerializationListener: embosa state is shutdown, topic: /odom/base_link
[2026-09-29 16:11:26.315 thread:52683 info dds_sub_serialization_listener.h:354]:DDSSubSerializationListener: embosa state is shutdown, topic: singorix/wbcs/sensor
[2026-09-29 16:11:26.317 thread:52683 info dds_sub_serialization_listener.h:354]:DDSSubSerializationListener: embosa state is shutdown, topic: singorix/wbcs/wbc_info
[2026-09-29 16:11:26.317 thread:52683 info dds_sub_serialization_listener.h:354]:DDSSubSerializationListener: embosa state is shutdown, topic: singorix/wbcs/error
[2026-09-29 16:11:26.322 thread:52683 info dds_sub_serialization_listener.h:354]:DDSSubSerializationListener: embosa state is shutdown, topic: /odom/base_link
[2026-09-29 16:11:26.325 thread:52683 info dds_sub_serialization_listener.h:354]:DDSSubSerializationListener: embosa state is shutdown, topic: singorix/wbcs/sensor
[2026-09-29 16:11:26.325 thread:52683 info dds_sub_serialization_listener.h:354]:DDSSubSerializationListener: embosa state is shutdown, topic: singorix/wbcs/error
[2026-09-29 16:11:26.332 thread:52683 info dds_sub_serialization_listener.h:354]:DDSSubSerializationListener: embosa state is shutdown, topic: singorix/wbcs/sensor
[2026-09-29 16:11:26.333 thread:52683 info dds_sub_serialization_listener.h:354]:DDSSubSerializationListener: embosa state is shutdown, topic: singorix/wbcs/wbc_info
[2026-09-29 16:11:26.333 thread:52683 info dds_sub_serialization_listener.h:354]:DDSSubSerializationListener: embosa state is shutdown, topic: /odom/base_link
[2026-09-29 16:11:26.333 thread:52683 info dds_sub_serialization_listener.h:354]:DDSSubSerializationListener: embosa state is shutdown, topic: singorix/wbcs/error
[2026-09-29 16:11:26.339 thread:52683 info dds_sub_serialization_listener.h:354]:DDSSubSerializationListener: embosa state is shutdown, topic: singorix/wbcs/sensor
[2026-09-29 16:11:26.340 thread:52683 info dds_sub_serialization_listener.h:354]:DDSSubSerializationListener: embosa state is shutdown, topic: singorix/wbcs/error
[2026-09-29 16:11:26.344 thread:52683 info dds_sub_serialization_listener.h:354]:DDSSubSerializationListener: embosa state is shutdown, topic: /odom/base_link
[2026-09-29 16:11:26.347 thread:52683 info dds_sub_serialization_listener.h:354]:DDSSubSerializationListener: embosa state is shutdown, topic: singorix/wbcs/sensor
[2026-09-29 16:11:26.348 thread:52683 info dds_sub_serialization_listener.h:354]:DDSSubSerializationListener: embosa state is shutdown, topic: singorix/wbcs/wbc_info
[2026-09-29 16:11:26.348 thread:52683 info dds_sub_serialization_listener.h:354]:DDSSubSerializationListener: embosa state is shutdown, topic: singorix/wbcs/error
[2026-09-29 16:11:26.353 thread:52683 info dds_sub_serialization_listener.h:354]:DDSSubSerializationListener: embosa state is shutdown, topic: /odom/base_link
[2026-09-29 16:11:26.355 thread:52683 info dds_sub_serialization_listener.h:354]:DDSSubSerializationListener: embosa state is shutdown, topic: singorix/wbcs/sensor
[2026-09-29 16:11:26.356 thread:52683 info dds_sub_serialization_listener.h:354]:DDSSubSerializationListener: embosa state is shutdown, topic: singorix/wbcs/error
[2026-09-29 16:11:26.364 thread:52683 info dds_sub_serialization_listener.h:354]:DDSSubSerializationListener: embosa state is shutdown, topic: /odom/base_link
[2026-09-29 16:11:26.364 thread:52683 info dds_sub_serialization_listener.h:354]:DDSSubSerializationListener: embosa state is shutdown, topic: singorix/wbcs/sensor
[2026-09-29 16:11:26.366 thread:52683 info dds_sub_serialization_listener.h:354]:DDSSubSerializationListener: embosa state is shutdown, topic: singorix/wbcs/wbc_info
[2026-09-29 16:11:26.367 thread:52683 info dds_sub_serialization_listener.h:354]:DDSSubSerializationListener: embosa state is shutdown, topic: singorix/wbcs/error
[2026-09-29 16:11:26.372 thread:52683 info dds_sub_serialization_listener.h:354]:DDSSubSerializationListener: embosa state is shutdown, topic: singorix/wbcs/sensor
[2026-09-29 16:11:26.373 thread:52683 info dds_sub_serialization_listener.h:354]:DDSSubSerializationListener: embosa state is shutdown, topic: singorix/wbcs/error
[2026-09-29 16:11:26.373 thread:52683 info dds_sub_serialization_listener.h:354]:DDSSubSerializationListener: embosa state is shutdown, topic: /odom/base_link
[2026-09-29 16:11:26.379 thread:52683 info dds_sub_serialization_listener.h:354]:DDSSubSerializationListener: embosa state is shutdown, topic: singorix/wbcs/sensor
[2026-09-29 16:11:26.380 thread:52683 info dds_sub_serialization_listener.h:354]:DDSSubSerializationListener: embosa state is shutdown, topic: singorix/wbcs/wbc_info
[2026-09-29 16:11:26.380 thread:52683 info dds_sub_serialization_listener.h:354]:DDSSubSerializationListener: embosa state is shutdown, topic: singorix/wbcs/error
[2026-09-29 16:11:26.383 thread:52683 info dds_sub_serialization_listener.h:354]:DDSSubSerializationListener: embosa state is shutdown, topic: /odom/base_link
[2026-09-29 16:11:26.387 thread:52683 info dds_sub_serialization_listener.h:354]:DDSSubSerializationListener: embosa state is shutdown, topic: singorix/wbcs/sensor
[2026-09-29 16:11:26.388 thread:52683 info dds_sub_serialization_listener.h:354]:DDSSubSerializationListener: embosa state is shutdown, topic: singorix/wbcs/error
[2026-09-29 16:11:26.393 thread:52683 info dds_sub_serialization_listener.h:354]:DDSSubSerializationListener: embosa state is shutdown, topic: /odom/base_link
[2026-09-29 16:11:26.396 thread:52683 info dds_sub_serialization_listener.h:354]:DDSSubSerializationListener: embosa state is shutdown, topic: singorix/wbcs/sensor
[2026-09-29 16:11:26.396 thread:52683 info dds_sub_serialization_listener.h:354]:DDSSubSerializationListener: embosa state is shutdown, topic: singorix/wbcs/wbc_info
[2026-09-29 16:11:26.397 thread:52683 info dds_sub_serialization_listener.h:354]:DDSSubSerializationListener: embosa state is shutdown, topic: singorix/wbcs/error
[2026-09-29 16:11:26.402 thread:52683 info dds_sub_serialization_listener.h:354]:DDSSubSerializationListener: embosa state is shutdown, topic: /odom/base_link
[2026-09-29 16:11:26.403 thread:52683 info dds_sub_serialization_listener.h:354]:DDSSubSerializationListener: embosa state is shutdown, topic: singorix/wbcs/sensor
[2026-09-29 16:11:26.403 thread:52683 info dds_sub_serialization_listener.h:354]:DDSSubSerializationListener: embosa state is shutdown, topic: singorix/wbcs/error
[2026-09-29 16:11:26.411 thread:52683 info dds_sub_serialization_listener.h:354]:DDSSubSerializationListener: embosa state is shutdown, topic: singorix/wbcs/sensor
[2026-09-29 16:11:26.412 thread:52683 info dds_sub_serialization_listener.h:354]:DDSSubSerializationListener: embosa state is shutdown, topic: singorix/wbcs/wbc_info
[2026-09-29 16:11:26.412 thread:52683 info dds_sub_serialization_listener.h:354]:DDSSubSerializationListener: embosa state is shutdown, topic: singorix/wbcs/error
[2026-09-29 16:11:26.412 thread:52683 info dds_sub_serialization_listener.h:354]:DDSSubSerializationListener: embosa state is shutdown, topic: /odom/base_link
[2026-09-29 16:11:26.419 thread:52683 info dds_sub_serialization_listener.h:354]:DDSSubSerializationListener: embosa state is shutdown, topic: singorix/wbcs/sensor
[2026-09-29 16:11:26.420 thread:52683 info dds_sub_serialization_listener.h:354]:DDSSubSerializationListener: embosa state is shutdown, topic: singorix/wbcs/error
[2026-09-29 16:11:26.423 thread:52683 info dds_sub_serialization_listener.h:354]:DDSSubSerializationListener: embosa state is shutdown, topic: /odom/base_link
[2026-09-29 16:11:26.427 thread:52683 info dds_sub_serialization_listener.h:354]:DDSSubSerializationListener: embosa state is shutdown, topic: singorix/wbcs/sensor
[2026-09-29 16:11:26.428 thread:52683 info dds_sub_serialization_listener.h:354]:DDSSubSerializationListener: embosa state is shutdown, topic: singorix/wbcs/wbc_info
[2026-09-29 16:11:26.428 thread:52683 info dds_sub_serialization_listener.h:354]:DDSSubSerializationListener: embosa state is shutdown, topic: singorix/wbcs/error
[2026-09-29 16:11:26.432 thread:52683 info dds_sub_serialization_listener.h:354]:DDSSubSerializationListener: embosa state is shutdown, topic: /odom/base_link
[2026-09-29 16:11:26.435 thread:52683 info dds_sub_serialization_listener.h:354]:DDSSubSerializationListener: embosa state is shutdown, topic: singorix/wbcs/sensor
[2026-09-29 16:11:26.435 thread:52683 info dds_sub_serialization_listener.h:354]:DDSSubSerializationListener: embosa state is shutdown, topic: singorix/wbcs/error
[2026-09-29 16:11:26.443 thread:52683 info dds_sub_serialization_listener.h:354]:DDSSubSerializationListener: embosa state is shutdown, topic: /odom/base_link
[2026-09-29 16:11:26.444 thread:52683 info dds_sub_serialization_listener.h:354]:DDSSubSerializationListener: embosa state is shutdown, topic: singorix/wbcs/sensor
[2026-09-29 16:11:26.445 thread:52683 info dds_sub_serialization_listener.h:354]:DDSSubSerializationListener: embosa state is shutdown, topic: singorix/wbcs/wbc_info
[2026-09-29 16:11:26.445 thread:52683 info dds_sub_serialization_listener.h:354]:DDSSubSerializationListener: embosa state is shutdown, topic: singorix/wbcs/error
[2026-09-29 16:11:26.452 thread:52683 info dds_sub_serialization_listener.h:354]:DDSSubSerializationListener: embosa state is shutdown, topic: singorix/wbcs/sensor
[2026-09-29 16:11:26.452 thread:52683 info dds_sub_serialization_listener.h:354]:DDSSubSerializationListener: embosa state is shutdown, topic: singorix/wbcs/error
[2026-09-29 16:11:26.453 thread:52683 info dds_sub_serialization_listener.h:354]:DDSSubSerializationListener: embosa state is shutdown, topic: /odom/base_link
[2026-09-29 16:11:26.459 thread:52683 info dds_sub_serialization_listener.h:354]:DDSSubSerializationListener: embosa state is shutdown, topic: singorix/wbcs/sensor
[2026-09-29 16:11:26.460 thread:52683 info dds_sub_serialization_listener.h:354]:DDSSubSerializationListener: embosa state is shutdown, topic: singorix/wbcs/wbc_info
[2026-09-29 16:11:26.460 thread:52683 info dds_sub_serialization_listener.h:354]:DDSSubSerializationListener: embosa state is shutdown, topic: singorix/wbcs/error
[2026-09-29 16:11:26.463 thread:52683 info dds_sub_serialization_listener.h:354]:DDSSubSerializationListener: embosa state is shutdown, topic: /odom/base_link
[2026-09-29 16:11:26.467 thread:52683 info dds_sub_serialization_listener.h:354]:DDSSubSerializationListener: embosa state is shutdown, topic: singorix/wbcs/sensor
[2026-09-29 16:11:26.467 thread:52683 info dds_sub_serialization_listener.h:354]:DDSSubSerializationListener: embosa state is shutdown, topic: singorix/wbcs/error
[2026-09-29 16:11:26.472 thread:52683 info dds_sub_serialization_listener.h:354]:DDSSubSerializationListener: embosa state is shutdown, topic: /odom/base_link
[2026-09-29 16:11:26.475 thread:52683 info dds_sub_serialization_listener.h:354]:DDSSubSerializationListener: embosa state is shutdown, topic: singorix/wbcs/sensor
[2026-09-29 16:11:26.475 thread:52683 info dds_sub_serialization_listener.h:354]:DDSSubSerializationListener: embosa state is shutdown, topic: singorix/wbcs/wbc_info
[2026-09-29 16:11:26.475 thread:52683 info dds_sub_serialization_listener.h:354]:DDSSubSerializationListener: embosa state is shutdown, topic: singorix/wbcs/error
[2026-09-29 16:11:26.482 thread:52683 info dds_sub_serialization_listener.h:354]:DDSSubSerializationListener: embosa state is shutdown, topic: singorix/wbcs/sensor
[2026-09-29 16:11:26.483 thread:52683 info dds_sub_serialization_listener.h:354]:DDSSubSerializationListener: embosa state is shutdown, topic: /odom/base_link
[2026-09-29 16:11:26.483 thread:52683 info dds_sub_serialization_listener.h:354]:DDSSubSerializationListener: embosa state is shutdown, topic: singorix/wbcs/error
[2026-09-29 16:11:26.491 thread:52683 info dds_sub_serialization_listener.h:354]:DDSSubSerializationListener: embosa state is shutdown, topic: singorix/wbcs/sensor
[2026-09-29 16:11:26.492 thread:52683 info dds_sub_serialization_listener.h:354]:DDSSubSerializationListener: embosa state is shutdown, topic: singorix/wbcs/wbc_info
[2026-09-29 16:11:26.492 thread:52683 info dds_sub_serialization_listener.h:354]:DDSSubSerializationListener: embosa state is shutdown, topic: /odom/base_link
[2026-09-29 16:11:26.493 thread:52683 info dds_sub_serialization_listener.h:354]:DDSSubSerializationListener: embosa state is shutdown, topic: singorix/wbcs/error
[2026-09-29 16:11:26.499 thread:52683 info dds_sub_serialization_listener.h:354]:DDSSubSerializationListener: embosa state is shutdown, topic: singorix/wbcs/sensor
[2026-09-29 16:11:26.500 thread:52683 info dds_sub_serialization_listener.h:354]:DDSSubSerializationListener: embosa state is shutdown, topic: singorix/wbcs/error
[2026-09-29 16:11:26.503 thread:52683 info dds_sub_serialization_listener.h:354]:DDSSubSerializationListener: embosa state is shutdown, topic: /odom/base_link
[2026-09-29 16:11:26.507 thread:52683 info dds_sub_serialization_listener.h:354]:DDSSubSerializationListener: embosa state is shutdown, topic: singorix/wbcs/sensor
[2026-09-29 16:11:26.508 thread:52683 info dds_sub_serialization_listener.h:354]:DDSSubSerializationListener: embosa state is shutdown, topic: singorix/wbcs/wbc_info
[2026-09-29 16:11:26.508 thread:52683 info dds_sub_serialization_listener.h:354]:DDSSubSerializationListener: embosa state is shutdown, topic: singorix/wbcs/error
[2026-09-29 16:11:26.512 thread:52683 info dds_sub_serialization_listener.h:354]:DDSSubSerializationListener: embosa state is shutdown, topic: /odom/base_link
[2026-09-29 16:11:26.514 thread:52683 info dds_sub_serialization_listener.h:354]:DDSSubSerializationListener: embosa state is shutdown, topic: singorix/wbcs/sensor
[2026-09-29 16:11:26.515 thread:52683 info dds_sub_serialization_listener.h:354]:DDSSubSerializationListener: embosa state is shutdown, topic: singorix/wbcs/error
[2026-09-29 16:11:26.523 thread:52683 info dds_sub_serialization_listener.h:354]:DDSSubSerializationListener: embosa state is shutdown, topic: /odom/base_link
[2026-09-29 16:11:26.524 thread:52683 info dds_sub_serialization_listener.h:354]:DDSSubSerializationListener: embosa state is shutdown, topic: singorix/wbcs/sensor
[2026-09-29 16:11:26.524 thread:52683 info dds_sub_serialization_listener.h:354]:DDSSubSerializationListener: embosa state is shutdown, topic: singorix/wbcs/wbc_info
[2026-09-29 16:11:26.525 thread:52683 info dds_sub_serialization_listener.h:354]:DDSSubSerializationListener: embosa state is shutdown, topic: singorix/wbcs/error
[2026-09-29 16:11:26.532 thread:52683 info dds_sub_serialization_listener.h:354]:DDSSubSerializationListener: embosa state is shutdown, topic: singorix/wbcs/sensor
[2026-09-29 16:11:26.533 thread:52683 info dds_sub_serialization_listener.h:354]:DDSSubSerializationListener: embosa state is shutdown, topic: /odom/base_link
[2026-09-29 16:11:26.533 thread:52683 info dds_sub_serialization_listener.h:354]:DDSSubSerializationListener: embosa state is shutdown, topic: singorix/wbcs/error
[2026-09-29 16:11:26.539 thread:52683 info dds_sub_serialization_listener.h:354]:DDSSubSerializationListener: embosa state is shutdown, topic: singorix/wbcs/sensor
[2026-09-29 16:11:26.539 thread:52683 info dds_sub_serialization_listener.h:354]:DDSSubSerializationListener: embosa state is shutdown, topic: singorix/wbcs/wbc_info
[2026-09-29 16:11:26.539 thread:52683 info dds_sub_serialization_listener.h:354]:DDSSubSerializationListener: embosa state is shutdown, topic: singorix/wbcs/error
[2026-09-29 16:11:26.542 thread:52683 info dds_sub_serialization_listener.h:354]:DDSSubSerializationListener: embosa state is shutdown, topic: /odom/base_link
[2026-09-29 16:11:26.547 thread:52683 info dds_sub_serialization_listener.h:354]:DDSSubSerializationListener: embosa state is shutdown, topic: singorix/wbcs/sensor
[2026-09-29 16:11:26.547 thread:52683 info dds_sub_serialization_listener.h:354]:DDSSubSerializationListener: embosa state is shutdown, topic: singorix/wbcs/error
[2026-09-29 16:11:26.553 thread:52683 info dds_sub_serialization_listener.h:354]:DDSSubSerializationListener: embosa state is shutdown, topic: /odom/base_link
[2026-09-29 16:11:26.563 thread:52683 info dds_sub_serialization_listener.h:354]:DDSSubSerializationListener: embosa state is shutdown, topic: /odom/base_link
[2026-09-29 16:11:26.573 thread:52683 info dds_sub_serialization_listener.h:354]:DDSSubSerializationListener: embosa state is shutdown, topic: /odom/base_link
[2026-09-29 16:11:26.576 thread:52683 info dds_sub_serialization_listener.h:354]:DDSSubSerializationListener: embosa state is shutdown, topic: singorix/wbcs/sensor
[2026-09-29 16:11:26.577 thread:52683 info dds_sub_serialization_listener.h:354]:DDSSubSerializationListener: embosa state is shutdown, topic: singorix/wbcs/wbc_info
[2026-09-29 16:11:26.580 thread:52683 info dds_sub_serialization_listener.h:354]:DDSSubSerializationListener: embosa state is shutdown, topic: singorix/wbcs/error
[2026-09-29 16:11:26.583 thread:52683 info dds_sub_serialization_listener.h:354]:DDSSubSerializationListener: embosa state is shutdown, topic: /odom/base_link
[2026-09-29 16:11:26.593 thread:52683 info dds_sub_serialization_listener.h:354]:DDSSubSerializationListener: embosa state is shutdown, topic: /odom/base_link
[2026-09-29 16:11:26.596 thread:52683 info dds_sub_serialization_listener.h:354]:DDSSubSerializationListener: embosa state is shutdown, topic: singorix/wbcs/sensor
[2026-09-29 16:11:26.596 thread:52683 info dds_sub_serialization_listener.h:354]:DDSSubSerializationListener: embosa state is shutdown, topic: singorix/wbcs/error
[2026-09-29 16:11:26.597 thread:52683 info dds_sub_serialization_listener.h:354]:DDSSubSerializationListener: embosa state is shutdown, topic: singorix/wbcs/sensor
[2026-09-29 16:11:26.598 thread:52683 info dds_sub_serialization_listener.h:354]:DDSSubSerializationListener: embosa state is shutdown, topic: singorix/wbcs/wbc_info
[2026-09-29 16:11:26.599 thread:52683 info dds_sub_serialization_listener.h:354]:DDSSubSerializationListener: embosa state is shutdown, topic: singorix/wbcs/error
[2026-09-29 16:11:26.603 thread:52683 info dds_sub_serialization_listener.h:354]:DDSSubSerializationListener: embosa state is shutdown, topic: singorix/wbcs/sensor
[2026-09-29 16:11:26.603 thread:52683 info dds_sub_serialization_listener.h:354]:DDSSubSerializationListener: embosa state is shutdown, topic: singorix/wbcs/error
[2026-09-29 16:11:26.613 thread:52683 info dds_sub_serialization_listener.h:354]:DDSSubSerializationListener: embosa state is shutdown, topic: singorix/wbcs/sensor
[2026-09-29 16:11:26.619 thread:52683 info dds_sub_serialization_listener.h:354]:DDSSubSerializationListener: embosa state is shutdown, topic: /odom/base_link
[2026-09-29 16:11:26.624 thread:52683 info dds_sub_serialization_listener.h:354]:DDSSubSerializationListener: embosa state is shutdown, topic: /odom/base_link
[2026-09-29 16:11:26.633 thread:52683 info dds_sub_serialization_listener.h:354]:DDSSubSerializationListener: embosa state is shutdown, topic: /odom/base_link
[2026-09-29 16:11:26.643 thread:52683 info dds_sub_serialization_listener.h:354]:DDSSubSerializationListener: embosa state is shutdown, topic: /odom/base_link
[2026-09-29 16:11:26.653 thread:52683 info dds_sub_serialization_listener.h:354]:DDSSubSerializationListener: embosa state is shutdown, topic: /odom/base_link
[2026-09-29 16:11:26.663 thread:52683 info dds_sub_serialization_listener.h:354]:DDSSubSerializationListener: embosa state is shutdown, topic: singorix/wbcs/wbc_info
[2026-09-29 16:11:26.664 thread:52683 info dds_sub_serialization_listener.h:354]:DDSSubSerializationListener: embosa state is shutdown, topic: /odom/base_link
[2026-09-29 16:11:26.664 thread:52683 info dds_sub_serialization_listener.h:354]:DDSSubSerializationListener: embosa state is shutdown, topic: singorix/wbcs/error
[2026-09-29 16:11:26.665 thread:52683 info dds_sub_serialization_listener.h:354]:DDSSubSerializationListener: embosa state is shutdown, topic: singorix/wbcs/sensor
[2026-09-29 16:11:26.665 thread:52683 info dds_sub_serialization_listener.h:354]:DDSSubSerializationListener: embosa state is shutdown, topic: singorix/wbcs/error
[2026-09-29 16:11:26.666 thread:52683 info dds_sub_serialization_listener.h:354]:DDSSubSerializationListener: embosa state is shutdown, topic: singorix/wbcs/sensor
[2026-09-29 16:11:26.667 thread:52683 info dds_sub_serialization_listener.h:354]:DDSSubSerializationListener: embosa state is shutdown, topic: singorix/wbcs/wbc_info
[2026-09-29 16:11:26.669 thread:52683 info dds_sub_serialization_listener.h:354]:DDSSubSerializationListener: embosa state is shutdown, topic: singorix/wbcs/error
[2026-09-29 16:11:26.669 thread:52683 info dds_sub_serialization_listener.h:354]:DDSSubSerializationListener: embosa state is shutdown, topic: singorix/wbcs/sensor
[2026-09-29 16:11:26.671 thread:52683 info dds_sub_serialization_listener.h:354]:DDSSubSerializationListener: embosa state is shutdown, topic: singorix/wbcs/error
[2026-09-29 16:11:26.673 thread:52683 info dds_sub_serialization_listener.h:354]:DDSSubSerializationListener: embosa state is shutdown, topic: /odom/base_link
[2026-09-29 16:11:26.680 thread:52683 info dds_sub_serialization_listener.h:354]:DDSSubSerializationListener: embosa state is shutdown, topic: singorix/wbcs/sensor
[2026-09-29 16:11:26.682 thread:52683 info dds_sub_serialization_listener.h:354]:DDSSubSerializationListener: embosa state is shutdown, topic: singorix/wbcs/wbc_info
[2026-09-29 16:11:26.683 thread:52683 info dds_sub_serialization_listener.h:354]:DDSSubSerializationListener: embosa state is shutdown, topic: singorix/wbcs/error
[2026-09-29 16:11:26.684 thread:52683 info dds_sub_serialization_listener.h:354]:DDSSubSerializationListener: embosa state is shutdown, topic: /odom/base_link
[2026-09-29 16:11:26.687 thread:52683 info dds_sub_serialization_listener.h:354]:DDSSubSerializationListener: embosa state is shutdown, topic: singorix/wbcs/sensor
[2026-09-29 16:11:26.694 thread:52683 info dds_sub_serialization_listener.h:354]:DDSSubSerializationListener: embosa state is shutdown, topic: /odom/base_link
[2026-09-29 16:11:26.701 thread:52683 info dds_sub_serialization_listener.h:354]:DDSSubSerializationListener: embosa state is shutdown, topic: singorix/wbcs/error
[2026-09-29 16:11:26.703 thread:52683 info dds_sub_serialization_listener.h:354]:DDSSubSerializationListener: embosa state is shutdown, topic: /odom/base_link
[2026-09-29 16:11:26.706 thread:52683 info dds_sub_serialization_listener.h:354]:DDSSubSerializationListener: embosa state is shutdown, topic: singorix/wbcs/sensor
[2026-09-29 16:11:26.707 thread:52683 info dds_sub_serialization_listener.h:354]:DDSSubSerializationListener: embosa state is shutdown, topic: singorix/wbcs/wbc_info
[2026-09-29 16:11:26.708 thread:52683 info dds_sub_serialization_listener.h:354]:DDSSubSerializationListener: embosa state is shutdown, topic: singorix/wbcs/error
[2026-09-29 16:11:26.713 thread:52683 info dds_sub_serialization_listener.h:354]:DDSSubSerializationListener: embosa state is shutdown, topic: /odom/base_link
[2026-09-29 16:11:26.714 thread:52683 info dds_sub_serialization_listener.h:354]:DDSSubSerializationListener: embosa state is shutdown, topic: singorix/wbcs/sensor
[2026-09-29 16:11:26.715 thread:52683 info dds_sub_serialization_listener.h:354]:DDSSubSerializationListener: embosa state is shutdown, topic: singorix/wbcs/error
[2026-09-29 16:11:26.720 thread:52683 info dds_sub_serialization_listener.h:354]:DDSSubSerializationListener: embosa state is shutdown, topic: singorix/wbcs/sensor
[2026-09-29 16:11:26.722 thread:52683 info dds_sub_serialization_listener.h:354]:DDSSubSerializationListener: embosa state is shutdown, topic: singorix/wbcs/wbc_info
[2026-09-29 16:11:26.723 thread:52683 info dds_sub_serialization_listener.h:354]:DDSSubSerializationListener: embosa state is shutdown, topic: /odom/base_link
[2026-09-29 16:11:26.723 thread:52683 info dds_sub_serialization_listener.h:354]:DDSSubSerializationListener: embosa state is shutdown, topic: singorix/wbcs/error
[2026-09-29 16:11:26.733 thread:52683 info dds_sub_serialization_listener.h:354]:DDSSubSerializationListener: embosa state is shutdown, topic: /odom/base_link
[2026-09-29 16:11:26.736 thread:52683 info dds_sub_serialization_listener.h:354]:DDSSubSerializationListener: embosa state is shutdown, topic: singorix/wbcs/sensor
[2026-09-29 16:11:26.737 thread:52683 info dds_sub_serialization_listener.h:354]:DDSSubSerializationListener: embosa state is shutdown, topic: singorix/wbcs/error
[2026-09-29 16:11:26.738 thread:52683 info dds_sub_serialization_listener.h:354]:DDSSubSerializationListener: embosa state is shutdown, topic: singorix/wbcs/sensor
[2026-09-29 16:11:26.740 thread:52683 info dds_sub_serialization_listener.h:354]:DDSSubSerializationListener: embosa state is shutdown, topic: singorix/wbcs/wbc_info
[2026-09-29 16:11:26.740 thread:52683 info dds_sub_serialization_listener.h:354]:DDSSubSerializationListener: embosa state is shutdown, topic: singorix/wbcs/error
[2026-09-29 16:11:26.743 thread:52683 info dds_sub_serialization_listener.h:354]:DDSSubSerializationListener: embosa state is shutdown, topic: /odom/base_link
[2026-09-29 16:11:26.744 thread:52683 info dds_sub_serialization_listener.h:354]:DDSSubSerializationListener: embosa state is shutdown, topic: singorix/wbcs/sensor
[2026-09-29 16:11:26.944 thread:52680 info dds_pub_listener.cc:14]:DDSPubListener: embosa state is shutdown, topic: embosa_node_change_broadcast
[2026-09-29 16:11:26.944 thread:52680 info dds_sub_serialization_listener.h:565]:DDSSubSerializationListener: embosa state is shutdown, topic: embosa_node_change_broadcast
[2026-09-29 16:11:26.945 thread:52683 info dds_sub_serialization_listener.h:354]:DDSSubSerializationListener: embosa state is shutdown, topic: singorix/wbcs/error
[2026-09-29 16:11:26.945 thread:52680 info dds_sub_serialization_listener.h:565]:DDSSubSerializationListener: embosa state is shutdown, topic: embosa_channel_change_broadcast
[2026-09-29 16:11:26.945 thread:52680 info dds_sub_serialization_listener.h:565]:DDSSubSerializationListener: embosa state is shutdown, topic: embosa_service_change_broadcast
[2026-09-29 16:11:26.945 thread:52683 info dds_sub_serialization_listener.h:354]:DDSSubSerializationListener: embosa state is shutdown, topic: singorix/wbcs/sensor
[2026-09-29 16:11:26.946 thread:52683 info dds_sub_serialization_listener.h:354]:DDSSubSerializationListener: embosa state is shutdown, topic: /odom/base_link
[2026-09-29 16:11:26.946 thread:52683 info dds_sub_serialization_listener.h:354]:DDSSubSerializationListener: embosa state is shutdown, topic: singorix/wbcs/wbc_info
[2026-09-29 16:11:26.946 thread:52683 info dds_sub_serialization_listener.h:354]:DDSSubSerializationListener: embosa state is shutdown, topic: singorix/wbcs/error
[2026-09-29 16:11:26.946 thread:52683 info dds_sub_serialization_listener.h:354]:DDSSubSerializationListener: embosa state is shutdown, topic: singorix/wbcs/sensor
[2026-09-29 16:11:26.946 thread:52683 info dds_sub_serialization_listener.h:354]:DDSSubSerializationListener: embosa state is shutdown, topic: singorix/wbcs/error
[2026-09-29 16:11:26.946 thread:52683 info dds_sub_serialization_listener.h:354]:DDSSubSerializationListener: embosa state is shutdown, topic: /odom/base_link
[2026-09-29 16:11:26.946 thread:52683 info dds_sub_serialization_listener.h:354]:DDSSubSerializationListener: embosa state is shutdown, topic: singorix/wbcs/sensor
[2026-09-29 16:11:26.946 thread:52683 info dds_sub_serialization_listener.h:354]:DDSSubSerializationListener: embosa state is shutdown, topic: singorix/wbcs/wbc_info
[2026-09-29 16:11:26.946 thread:52683 info dds_sub_serialization_listener.h:354]:DDSSubSerializationListener: embosa state is shutdown, topic: singorix/wbcs/error
[2026-09-29 16:11:26.946 thread:52683 info dds_sub_serialization_listener.h:354]:DDSSubSerializationListener: embosa state is shutdown, topic: /odom/base_link
[2026-09-29 16:11:26.946 thread:52683 info dds_sub_serialization_listener.h:354]:DDSSubSerializationListener: embosa state is shutdown, topic: singorix/wbcs/sensor
[2026-09-29 16:11:26.946 thread:52683 info dds_sub_serialization_listener.h:354]:DDSSubSerializationListener: embosa state is shutdown, topic: singorix/wbcs/error
[2026-09-29 16:11:26.946 thread:52683 info dds_sub_serialization_listener.h:354]:DDSSubSerializationListener: embosa state is shutdown, topic: /odom/base_link
[2026-09-29 16:11:26.946 thread:52683 info dds_sub_serialization_listener.h:354]:DDSSubSerializationListener: embosa state is shutdown, topic: singorix/wbcs/sensor
[2026-09-29 16:11:26.946 thread:52683 info dds_sub_serialization_listener.h:354]:DDSSubSerializationListener: embosa state is shutdown, topic: singorix/wbcs/wbc_info
[2026-09-29 16:11:26.946 thread:52683 info dds_sub_serialization_listener.h:354]:DDSSubSerializationListener: embosa state is shutdown, topic: singorix/wbcs/error
[2026-09-29 16:11:26.946 thread:52683 info dds_sub_serialization_listener.h:354]:DDSSubSerializationListener: embosa state is shutdown, topic: singorix/wbcs/sensor
[2026-09-29 16:11:26.946 thread:52683 info dds_sub_serialization_listener.h:354]:DDSSubSerializationListener: embosa state is shutdown, topic: singorix/wbcs/error
[2026-09-29 16:11:26.946 thread:52683 info dds_sub_serialization_listener.h:354]:DDSSubSerializationListener: embosa state is shutdown, topic: /odom/base_link
[2026-09-29 16:11:26.946 thread:52683 info dds_sub_serialization_listener.h:354]:DDSSubSerializationListener: embosa state is shutdown, topic: singorix/wbcs/sensor
[2026-09-29 16:11:26.946 thread:52683 info dds_sub_serialization_listener.h:354]:DDSSubSerializationListener: embosa state is shutdown, topic: singorix/wbcs/wbc_info
[2026-09-29 16:11:26.946 thread:52683 info dds_sub_serialization_listener.h:354]:DDSSubSerializationListener: embosa state is shutdown, topic: singorix/wbcs/error
[2026-09-29 16:11:26.946 thread:52683 info dds_sub_serialization_listener.h:354]:DDSSubSerializationListener: embosa state is shutdown, topic: /odom/base_link
[2026-09-29 16:11:26.946 thread:52683 info dds_sub_serialization_listener.h:354]:DDSSubSerializationListener: embosa state is shutdown, topic: singorix/wbcs/sensor
[2026-09-29 16:11:26.946 thread:52683 info dds_sub_serialization_listener.h:354]:DDSSubSerializationListener: embosa state is shutdown, topic: singorix/wbcs/error
[2026-09-29 16:11:26.946 thread:52683 info dds_sub_serialization_listener.h:354]:DDSSubSerializationListener: embosa state is shutdown, topic: /odom/base_link
[2026-09-29 16:11:26.946 thread:52683 info dds_sub_serialization_listener.h:354]:DDSSubSerializationListener: embosa state is shutdown, topic: singorix/wbcs/sensor
[2026-09-29 16:11:26.946 thread:52683 info dds_sub_serialization_listener.h:354]:DDSSubSerializationListener: embosa state is shutdown, topic: /odom/base_link
[2026-09-29 16:11:26.946 thread:52683 info dds_sub_serialization_listener.h:354]:DDSSubSerializationListener: embosa state is shutdown, topic: singorix/wbcs/wbc_info
[2026-09-29 16:11:26.946 thread:52683 info dds_sub_serialization_listener.h:354]:DDSSubSerializationListener: embosa state is shutdown, topic: singorix/wbcs/error
[2026-09-29 16:11:26.946 thread:52683 info dds_sub_serialization_listener.h:354]:DDSSubSerializationListener: embosa state is shutdown, topic: singorix/wbcs/sensor
[2026-09-29 16:11:26.946 thread:52683 info dds_sub_serialization_listener.h:354]:DDSSubSerializationListener: embosa state is shutdown, topic: singorix/wbcs/error
[2026-09-29 16:11:26.946 thread:52683 info dds_sub_serialization_listener.h:354]:DDSSubSerializationListener: embosa state is shutdown, topic: singorix/wbcs/sensor
[2026-09-29 16:11:26.946 thread:52683 info dds_sub_serialization_listener.h:354]:DDSSubSerializationListener: embosa state is shutdown, topic: singorix/wbcs/wbc_info
[2026-09-29 16:11:26.946 thread:52683 info dds_sub_serialization_listener.h:354]:DDSSubSerializationListener: embosa state is shutdown, topic: singorix/wbcs/error
[2026-09-29 16:11:26.946 thread:52683 info dds_sub_serialization_listener.h:354]:DDSSubSerializationListener: embosa state is shutdown, topic: /odom/base_link
[2026-09-29 16:11:26.946 thread:52683 info dds_sub_serialization_listener.h:354]:DDSSubSerializationListener: embosa state is shutdown, topic: singorix/wbcs/sensor
[2026-09-29 16:11:26.946 thread:52683 info dds_sub_serialization_listener.h:354]:DDSSubSerializationListener: embosa state is shutdown, topic: singorix/wbcs/error
[2026-09-29 16:11:26.946 thread:52683 info dds_sub_serialization_listener.h:354]:DDSSubSerializationListener: embosa state is shutdown, topic: /odom/base_link
[2026-09-29 16:11:26.946 thread:52683 info dds_sub_serialization_listener.h:354]:DDSSubSerializationListener: embosa state is shutdown, topic: singorix/wbcs/sensor
[2026-09-29 16:11:26.946 thread:52683 info dds_sub_serialization_listener.h:354]:DDSSubSerializationListener: embosa state is shutdown, topic: singorix/wbcs/wbc_info
[2026-09-29 16:11:26.946 thread:52683 info dds_sub_serialization_listener.h:354]:DDSSubSerializationListener: embosa state is shutdown, topic: singorix/wbcs/error
[2026-09-29 16:11:26.946 thread:52683 info dds_sub_serialization_listener.h:354]:DDSSubSerializationListener: embosa state is shutdown, topic: /odom/base_link
[2026-09-29 16:11:26.946 thread:52683 info dds_sub_serialization_listener.h:354]:DDSSubSerializationListener: embosa state is shutdown, topic: singorix/wbcs/sensor
[2026-09-29 16:11:26.946 thread:52683 info dds_sub_serialization_listener.h:354]:DDSSubSerializationListener: embosa state is shutdown, topic: singorix/wbcs/error
[2026-09-29 16:11:26.946 thread:52683 info dds_sub_serialization_listener.h:354]:DDSSubSerializationListener: embosa state is shutdown, topic: /odom/base_link
[2026-09-29 16:11:26.946 thread:52683 info dds_sub_serialization_listener.h:354]:DDSSubSerializationListener: embosa state is shutdown, topic: singorix/wbcs/sensor
[2026-09-29 16:11:26.946 thread:52683 info dds_sub_serialization_listener.h:354]:DDSSubSerializationListener: embosa state is shutdown, topic: singorix/wbcs/wbc_info
[2026-09-29 16:11:26.946 thread:52683 info dds_sub_serialization_listener.h:354]:DDSSubSerializationListener: embosa state is shutdown, topic: singorix/wbcs/error
[2026-09-29 16:11:26.946 thread:52683 info dds_sub_serialization_listener.h:354]:DDSSubSerializationListener: embosa state is shutdown, topic: singorix/wbcs/sensor
[2026-09-29 16:11:26.946 thread:52683 info dds_sub_serialization_listener.h:354]:DDSSubSerializationListener: embosa state is shutdown, topic: /odom/base_link
[2026-09-29 16:11:26.946 thread:52683 info dds_sub_serialization_listener.h:354]:DDSSubSerializationListener: embosa state is shutdown, topic: singorix/wbcs/error
[2026-09-29 16:11:26.946 thread:52683 info dds_sub_serialization_listener.h:354]:DDSSubSerializationListener: embosa state is shutdown, topic: singorix/wbcs/sensor
[2026-09-29 16:11:26.946 thread:52683 info dds_sub_serialization_listener.h:354]:DDSSubSerializationListener: embosa state is shutdown, topic: singorix/wbcs/wbc_info
[2026-09-29 16:11:26.946 thread:52683 info dds_sub_serialization_listener.h:354]:DDSSubSerializationListener: embosa state is shutdown, topic: singorix/wbcs/error
[2026-09-29 16:11:26.946 thread:52683 info dds_sub_serialization_listener.h:354]:DDSSubSerializationListener: embosa state is shutdown, topic: /odom/base_link
[2026-09-29 16:11:26.946 thread:52683 info dds_sub_serialization_listener.h:354]:DDSSubSerializationListener: embosa state is shutdown, topic: singorix/wbcs/sensor
[2026-09-29 16:11:26.946 thread:52683 info dds_sub_serialization_listener.h:354]:DDSSubSerializationListener: embosa state is shutdown, topic: singorix/wbcs/error
[2026-09-29 16:11:26.946 thread:52683 info dds_sub_serialization_listener.h:354]:DDSSubSerializationListener: embosa state is shutdown, topic: /odom/base_link
[2026-09-29 16:11:26.946 thread:52683 info dds_sub_serialization_listener.h:354]:DDSSubSerializationListener: embosa state is shutdown, topic: singorix/wbcs/sensor
[2026-09-29 16:11:26.946 thread:52683 info dds_sub_serialization_listener.h:354]:DDSSubSerializationListener: embosa state is shutdown, topic: singorix/wbcs/wbc_info
[2026-09-29 16:11:26.953 thread:52683 error dds_sub_serialization_listener.h:553]:DDSSubSerializationListener: on_sample_lost, topic: /odom/base_link, total_count 14, total_count_change: 5
[2026-09-29 16:11:26.953 thread:52683 info dds_sub_serialization_listener.h:354]:DDSSubSerializationListener: embosa state is shutdown, topic: /odom/base_link
[2026-09-29 16:11:26.963 thread:52683 info dds_sub_serialization_listener.h:354]:DDSSubSerializationListener: embosa state is shutdown, topic: /odom/base_link
[2026-09-29 16:11:26.963 thread:52683 error dds_sub_serialization_listener.h:553]:DDSSubSerializationListener: on_sample_lost, topic: singorix/wbcs/sensor, total_count 15, total_count_change: 5
[2026-09-29 16:11:26.963 thread:52683 info dds_sub_serialization_listener.h:354]:DDSSubSerializationListener: embosa state is shutdown, topic: singorix/wbcs/sensor
[2026-09-29 16:11:26.964 thread:52683 error dds_sub_serialization_listener.h:553]:DDSSubSerializationListener: on_sample_lost, topic: singorix/wbcs/wbc_info, total_count 7, total_count_change: 2
[2026-09-29 16:11:26.964 thread:52683 info dds_sub_serialization_listener.h:354]:DDSSubSerializationListener: embosa state is shutdown, topic: singorix/wbcs/wbc_info
[2026-09-29 16:11:26.964 thread:52683 error dds_sub_serialization_listener.h:553]:DDSSubSerializationListener: on_sample_lost, topic: singorix/wbcs/error, total_count 18, total_count_change: 6
[2026-09-29 16:11:26.964 thread:52683 info dds_sub_serialization_listener.h:354]:DDSSubSerializationListener: embosa state is shutdown, topic: singorix/wbcs/error
[2026-09-29 16:11:26.965 thread:52684 info dds_sub_serialization_listener.h:354]:DDSSubSerializationListener: embosa state is shutdown, topic: embosa_channel_change_broadcast
[2026-09-29 16:11:26.965 thread:52684 info dds_sub_serialization_listener.h:354]:DDSSubSerializationListener: embosa state is shutdown, topic: embosa_node_change_broadcast
[2026-09-29 16:11:26.973 thread:52683 info dds_sub_serialization_listener.h:354]:DDSSubSerializationListener: embosa state is shutdown, topic: /odom/base_link
[2026-09-29 16:11:26.983 thread:52683 info dds_sub_serialization_listener.h:354]:DDSSubSerializationListener: embosa state is shutdown, topic: /odom/base_link
[2026-09-29 16:11:26.988 thread:52683 info dds_sub_listener.cc:248]:DDSSubListener: embosa state is shutdown, topic: bms
[2026-09-29 16:11:26.996 thread:52683 info dds_sub_serialization_listener.h:354]:DDSSubSerializationListener: embosa state is shutdown, topic: /odom/base_link
[2026-09-29 16:11:27.002 thread:52683 info dds_sub_serialization_listener.h:354]:DDSSubSerializationListener: embosa state is shutdown, topic: /odom/base_link
[2026-09-29 16:11:27.011 thread:52683 info dds_sub_serialization_listener.h:354]:DDSSubSerializationListener: embosa state is shutdown, topic: singorix/wbcs/sensor
[2026-09-29 16:11:27.012 thread:52683 info dds_sub_serialization_listener.h:354]:DDSSubSerializationListener: embosa state is shutdown, topic: singorix/wbcs/error
[2026-09-29 16:11:27.013 thread:52683 info dds_sub_serialization_listener.h:354]:DDSSubSerializationListener: embosa state is shutdown, topic: /odom/base_link
[2026-09-29 16:11:27.013 thread:52683 info dds_sub_serialization_listener.h:354]:DDSSubSerializationListener: embosa state is shutdown, topic: singorix/wbcs/sensor
[2026-09-29 16:11:27.016 thread:52683 info dds_sub_serialization_listener.h:354]:DDSSubSerializationListener: embosa state is shutdown, topic: singorix/wbcs/wbc_info
[2026-09-29 16:11:27.018 thread:52683 info dds_sub_serialization_listener.h:354]:DDSSubSerializationListener: embosa state is shutdown, topic: singorix/wbcs/error
[2026-09-29 16:11:27.023 thread:52683 info dds_sub_serialization_listener.h:354]:DDSSubSerializationListener: embosa state is shutdown, topic: singorix/wbcs/sensor
[2026-09-29 16:11:27.024 thread:52683 info dds_sub_serialization_listener.h:354]:DDSSubSerializationListener: embosa state is shutdown, topic: /odom/base_link
[2026-09-29 16:11:27.029 thread:52683 info dds_sub_serialization_listener.h:354]:DDSSubSerializationListener: embosa state is shutdown, topic: singorix/wbcs/error
[2026-09-29 16:11:27.032 thread:52683 info dds_sub_serialization_listener.h:354]:DDSSubSerializationListener: embosa state is shutdown, topic: singorix/wbcs/sensor
[2026-09-29 16:11:27.032 thread:52683 info dds_sub_serialization_listener.h:354]:DDSSubSerializationListener: embosa state is shutdown, topic: /odom/base_link
[2026-09-29 16:11:27.033 thread:52683 info dds_sub_serialization_listener.h:354]:DDSSubSerializationListener: embosa state is shutdown, topic: singorix/wbcs/wbc_info
[2026-09-29 16:11:27.038 thread:52683 info dds_sub_serialization_listener.h:354]:DDSSubSerializationListener: embosa state is shutdown, topic: singorix/wbcs/error
[2026-09-29 16:11:27.038 thread:52683 info dds_sub_serialization_listener.h:354]:DDSSubSerializationListener: embosa state is shutdown, topic: singorix/wbcs/sensor
[2026-09-29 16:11:27.042 thread:52683 info dds_sub_serialization_listener.h:354]:DDSSubSerializationListener: embosa state is shutdown, topic: singorix/wbcs/error
[2026-09-29 16:11:27.043 thread:52683 info dds_sub_serialization_listener.h:354]:DDSSubSerializationListener: embosa state is shutdown, topic: /odom/base_link
[2026-09-29 16:11:27.046 thread:52683 info dds_sub_serialization_listener.h:354]:DDSSubSerializationListener: embosa state is shutdown, topic: singorix/wbcs/sensor
[2026-09-29 16:11:27.049 thread:52683 info dds_sub_serialization_listener.h:354]:DDSSubSerializationListener: embosa state is shutdown, topic: singorix/wbcs/wbc_info
[2026-09-29 16:11:27.049 thread:52683 info dds_sub_serialization_listener.h:354]:DDSSubSerializationListener: embosa state is shutdown, topic: singorix/wbcs/error
[2026-09-29 16:11:27.052 thread:52683 info dds_sub_serialization_listener.h:354]:DDSSubSerializationListener: embosa state is shutdown, topic: /odom/base_link
[2026-09-29 16:11:27.099 thread:52683 info dds_sub_serialization_listener.h:354]:DDSSubSerializationListener: embosa state is shutdown, topic: singorix/wbcs/sensor
[2026-09-29 16:11:27.099 thread:52683 info dds_sub_serialization_listener.h:354]:DDSSubSerializationListener: embosa state is shutdown, topic: singorix/wbcs/error
[2026-09-29 16:11:27.099 thread:52683 info dds_sub_serialization_listener.h:354]:DDSSubSerializationListener: embosa state is shutdown, topic: singorix/wbcs/sensor
[2026-09-29 16:11:27.099 thread:52683 info dds_sub_serialization_listener.h:354]:DDSSubSerializationListener: embosa state is shutdown, topic: /odom/base_link
[2026-09-29 16:11:27.099 thread:52683 info dds_sub_serialization_listener.h:354]:DDSSubSerializationListener: embosa state is shutdown, topic: /odom/base_link
[2026-09-29 16:11:27.100 thread:52683 info dds_sub_serialization_listener.h:354]:DDSSubSerializationListener: embosa state is shutdown, topic: /odom/base_link
[2026-09-29 16:11:27.100 thread:52683 info dds_sub_serialization_listener.h:354]:DDSSubSerializationListener: embosa state is shutdown, topic: singorix/wbcs/wbc_info
[2026-09-29 16:11:27.100 thread:52683 info dds_sub_serialization_listener.h:354]:DDSSubSerializationListener: embosa state is shutdown, topic: /odom/base_link
[2026-09-29 16:11:27.100 thread:52683 info dds_sub_serialization_listener.h:354]:DDSSubSerializationListener: embosa state is shutdown, topic: singorix/wbcs/error
[2026-09-29 16:11:27.100 thread:52683 info dds_sub_serialization_listener.h:354]:DDSSubSerializationListener: embosa state is shutdown, topic: singorix/wbcs/sensor
[2026-09-29 16:11:27.106 thread:52683 info dds_sub_serialization_listener.h:354]:DDSSubSerializationListener: embosa state is shutdown, topic: singorix/wbcs/error
[2026-09-29 16:11:27.106 thread:52683 info dds_sub_serialization_listener.h:354]:DDSSubSerializationListener: embosa state is shutdown, topic: /odom/base_link
[2026-09-29 16:11:27.106 thread:52683 info dds_sub_serialization_listener.h:354]:DDSSubSerializationListener: embosa state is shutdown, topic: singorix/wbcs/sensor
[2026-09-29 16:11:27.107 thread:52683 info dds_sub_serialization_listener.h:354]:DDSSubSerializationListener: embosa state is shutdown, topic: singorix/wbcs/wbc_info
[2026-09-29 16:11:27.110 thread:52683 info dds_sub_serialization_listener.h:354]:DDSSubSerializationListener: embosa state is shutdown, topic: singorix/wbcs/error
[2026-09-29 16:11:27.112 thread:52683 info dds_sub_serialization_listener.h:354]:DDSSubSerializationListener: embosa state is shutdown, topic: singorix/wbcs/sensor
[2026-09-29 16:11:27.121 thread:52683 info dds_sub_serialization_listener.h:354]:DDSSubSerializationListener: embosa state is shutdown, topic: singorix/wbcs/error
[2026-09-29 16:11:27.121 thread:52683 info dds_sub_serialization_listener.h:354]:DDSSubSerializationListener: embosa state is shutdown, topic: /odom/base_link
[2026-09-29 16:11:27.121 thread:52683 info dds_sub_serialization_listener.h:354]:DDSSubSerializationListener: embosa state is shutdown, topic: singorix/wbcs/sensor
[2026-09-29 16:11:27.124 thread:52683 info dds_sub_serialization_listener.h:354]:DDSSubSerializationListener: embosa state is shutdown, topic: /odom/base_link
[2026-09-29 16:11:27.124 thread:52683 info dds_sub_serialization_listener.h:354]:DDSSubSerializationListener: embosa state is shutdown, topic: singorix/wbcs/wbc_info
[2026-09-29 16:11:27.125 thread:52683 info dds_sub_serialization_listener.h:354]:DDSSubSerializationListener: embosa state is shutdown, topic: singorix/wbcs/error
[2026-09-29 16:11:27.126 thread:52683 info dds_sub_serialization_listener.h:354]:DDSSubSerializationListener: embosa state is shutdown, topic: singorix/wbcs/sensor
[2026-09-29 16:11:27.127 thread:52652 info dds_sub_serialization_listener.h:565]:DDSSubSerializationListener: embosa state is shutdown, topic: embosa_channel_change_broadcast
[2026-09-29 16:11:27.127 thread:52652 info dds_node_factory.cpp:1179]:DeleteWriterUnlock: Writer and associated resources successfully removed
[2026-09-29 16:11:27.129 thread:52683 info dds_sub_serialization_listener.h:354]:DDSSubSerializationListener: embosa state is shutdown, topic: singorix/wbcs/error
[2026-09-29 16:11:27.135 thread:52683 info dds_sub_serialization_listener.h:354]:DDSSubSerializationListener: embosa state is shutdown, topic: /odom/base_link
[2026-09-29 16:11:27.136 thread:52683 info dds_sub_serialization_listener.h:354]:DDSSubSerializationListener: embosa state is shutdown, topic: singorix/wbcs/sensor
[2026-09-29 16:11:27.136 thread:52652 info dds_node_factory.cpp:1179]:DeleteWriterUnlock: Writer and associated resources successfully removed
[2026-09-29 16:11:27.137 thread:52683 info dds_sub_serialization_listener.h:354]:DDSSubSerializationListener: embosa state is shutdown, topic: singorix/wbcs/wbc_info
[2026-09-29 16:11:27.138 thread:52683 info dds_sub_serialization_listener.h:354]:DDSSubSerializationListener: embosa state is shutdown, topic: singorix/wbcs/error
[2026-09-29 16:11:27.141 thread:52683 info dds_sub_serialization_listener.h:354]:DDSSubSerializationListener: embosa state is shutdown, topic: singorix/wbcs/sensor
[2026-09-29 16:11:27.142 thread:52683 info dds_sub_serialization_listener.h:354]:DDSSubSerializationListener: embosa state is shutdown, topic: singorix/wbcs/error
[2026-09-29 16:11:27.142 thread:52683 info dds_sub_serialization_listener.h:354]:DDSSubSerializationListener: embosa state is shutdown, topic: /odom/base_link
[2026-09-29 16:11:27.149 thread:52683 info dds_sub_serialization_listener.h:354]:DDSSubSerializationListener: embosa state is shutdown, topic: singorix/wbcs/sensor
[2026-09-29 16:11:27.150 thread:52683 info dds_sub_serialization_listener.h:354]:DDSSubSerializationListener: embosa state is shutdown, topic: singorix/wbcs/wbc_info
[2026-09-29 16:11:27.150 thread:52683 info dds_sub_serialization_listener.h:354]:DDSSubSerializationListener: embosa state is shutdown, topic: singorix/wbcs/error
[2026-09-29 16:11:27.153 thread:52683 info dds_sub_serialization_listener.h:354]:DDSSubSerializationListener: embosa state is shutdown, topic: /odom/base_link
[2026-09-29 16:11:27.157 thread:52683 info dds_sub_serialization_listener.h:354]:DDSSubSerializationListener: embosa state is shutdown, topic: singorix/wbcs/sensor
[2026-09-29 16:11:27.158 thread:52683 info dds_sub_serialization_listener.h:354]:DDSSubSerializationListener: embosa state is shutdown, topic: singorix/wbcs/error
[2026-09-29 16:11:27.163 thread:52683 info dds_sub_serialization_listener.h:354]:DDSSubSerializationListener: embosa state is shutdown, topic: /odom/base_link
[2026-09-29 16:11:27.165 thread:52683 info dds_sub_serialization_listener.h:354]:DDSSubSerializationListener: embosa state is shutdown, topic: singorix/wbcs/sensor
[2026-09-29 16:11:27.165 thread:52683 info dds_sub_serialization_listener.h:354]:DDSSubSerializationListener: embosa state is shutdown, topic: singorix/wbcs/wbc_info
[2026-09-29 16:11:27.165 thread:52683 info dds_sub_serialization_listener.h:354]:DDSSubSerializationListener: embosa state is shutdown, topic: singorix/wbcs/error
[2026-09-29 16:11:27.172 thread:52683 info dds_sub_serialization_listener.h:354]:DDSSubSerializationListener: embosa state is shutdown, topic: singorix/wbcs/sensor
[2026-09-29 16:11:27.173 thread:52683 info dds_sub_serialization_listener.h:354]:DDSSubSerializationListener: embosa state is shutdown, topic: singorix/wbcs/error
[2026-09-29 16:11:27.173 thread:52683 info dds_sub_serialization_listener.h:354]:DDSSubSerializationListener: embosa state is shutdown, topic: /odom/base_link
[2026-09-29 16:11:27.180 thread:52683 info dds_sub_serialization_listener.h:354]:DDSSubSerializationListener: embosa state is shutdown, topic: singorix/wbcs/sensor
[2026-09-29 16:11:27.181 thread:52683 info dds_sub_serialization_listener.h:354]:DDSSubSerializationListener: embosa state is shutdown, topic: singorix/wbcs/wbc_info
[2026-09-29 16:11:27.183 thread:52683 info dds_sub_serialization_listener.h:354]:DDSSubSerializationListener: embosa state is shutdown, topic: /odom/base_link
[2026-09-29 16:11:27.183 thread:52683 info dds_sub_serialization_listener.h:354]:DDSSubSerializationListener: embosa state is shutdown, topic: singorix/wbcs/error
[2026-09-29 16:11:27.188 thread:52683 info dds_sub_serialization_listener.h:354]:DDSSubSerializationListener: embosa state is shutdown, topic: singorix/wbcs/sensor
[2026-09-29 16:11:27.189 thread:52683 info dds_sub_serialization_listener.h:354]:DDSSubSerializationListener: embosa state is shutdown, topic: singorix/wbcs/error
[2026-09-29 16:11:27.192 thread:52683 info dds_sub_serialization_listener.h:354]:DDSSubSerializationListener: embosa state is shutdown, topic: /odom/base_link
[2026-09-29 16:11:27.199 thread:52683 info dds_sub_serialization_listener.h:354]:DDSSubSerializationListener: embosa state is shutdown, topic: singorix/wbcs/sensor
[2026-09-29 16:11:27.200 thread:52683 info dds_sub_serialization_listener.h:354]:DDSSubSerializationListener: embosa state is shutdown, topic: singorix/wbcs/wbc_info
[2026-09-29 16:11:27.201 thread:52683 info dds_sub_serialization_listener.h:354]:DDSSubSerializationListener: embosa state is shutdown, topic: singorix/wbcs/error
[2026-09-29 16:11:27.204 thread:52683 info dds_sub_serialization_listener.h:354]:DDSSubSerializationListener: embosa state is shutdown, topic: /odom/base_link
[2026-09-29 16:11:27.205 thread:52683 info dds_sub_serialization_listener.h:354]:DDSSubSerializationListener: embosa state is shutdown, topic: singorix/wbcs/sensor
[2026-09-29 16:11:27.205 thread:52683 info dds_sub_serialization_listener.h:354]:DDSSubSerializationListener: embosa state is shutdown, topic: singorix/wbcs/error
[2026-09-29 16:11:27.213 thread:52683 info dds_sub_serialization_listener.h:354]:DDSSubSerializationListener: embosa state is shutdown, topic: singorix/wbcs/sensor
[2026-09-29 16:11:27.213 thread:52683 info dds_sub_serialization_listener.h:354]:DDSSubSerializationListener: embosa state is shutdown, topic: singorix/wbcs/wbc_info
[2026-09-29 16:11:27.213 thread:52683 info dds_sub_serialization_listener.h:354]:DDSSubSerializationListener: embosa state is shutdown, topic: /odom/base_link
[2026-09-29 16:11:27.213 thread:52683 info dds_sub_serialization_listener.h:354]:DDSSubSerializationListener: embosa state is shutdown, topic: singorix/wbcs/error
[2026-09-29 16:11:27.221 thread:52683 info dds_sub_serialization_listener.h:354]:DDSSubSerializationListener: embosa state is shutdown, topic: singorix/wbcs/sensor
[2026-09-29 16:11:27.221 thread:52683 info dds_sub_serialization_listener.h:354]:DDSSubSerializationListener: embosa state is shutdown, topic: singorix/wbcs/error
[2026-09-29 16:11:27.223 thread:52683 info dds_sub_serialization_listener.h:354]:DDSSubSerializationListener: embosa state is shutdown, topic: /odom/base_link
[2026-09-29 16:11:27.229 thread:52683 info dds_sub_serialization_listener.h:354]:DDSSubSerializationListener: embosa state is shutdown, topic: singorix/wbcs/sensor
[2026-09-29 16:11:27.229 thread:52683 info dds_sub_serialization_listener.h:354]:DDSSubSerializationListener: embosa state is shutdown, topic: singorix/wbcs/wbc_info
[2026-09-29 16:11:27.229 thread:52683 info dds_sub_serialization_listener.h:354]:DDSSubSerializationListener: embosa state is shutdown, topic: singorix/wbcs/error
[2026-09-29 16:11:27.233 thread:52683 info dds_sub_serialization_listener.h:354]:DDSSubSerializationListener: embosa state is shutdown, topic: /odom/base_link
[2026-09-29 16:11:27.237 thread:52683 info dds_sub_serialization_listener.h:354]:DDSSubSerializationListener: embosa state is shutdown, topic: singorix/wbcs/sensor
[2026-09-29 16:11:27.237 thread:52683 info dds_sub_serialization_listener.h:354]:DDSSubSerializationListener: embosa state is shutdown, topic: singorix/wbcs/error
[2026-09-29 16:11:27.244 thread:52683 info dds_sub_serialization_listener.h:354]:DDSSubSerializationListener: embosa state is shutdown, topic: singorix/wbcs/sensor
[2026-09-29 16:11:27.244 thread:52683 info dds_sub_serialization_listener.h:354]:DDSSubSerializationListener: embosa state is shutdown, topic: /odom/base_link
[2026-09-29 16:11:27.245 thread:52683 info dds_sub_serialization_listener.h:354]:DDSSubSerializationListener: embosa state is shutdown, topic: singorix/wbcs/wbc_info
[2026-09-29 16:11:27.245 thread:52683 info dds_sub_serialization_listener.h:354]:DDSSubSerializationListener: embosa state is shutdown, topic: singorix/wbcs/error
[2026-09-29 16:11:27.253 thread:52683 info dds_sub_serialization_listener.h:354]:DDSSubSerializationListener: embosa state is shutdown, topic: singorix/wbcs/sensor
[2026-09-29 16:11:27.253 thread:52683 info dds_sub_serialization_listener.h:354]:DDSSubSerializationListener: embosa state is shutdown, topic: singorix/wbcs/error
[2026-09-29 16:11:27.253 thread:52683 info dds_sub_serialization_listener.h:354]:DDSSubSerializationListener: embosa state is shutdown, topic: /odom/base_link
[2026-09-29 16:11:27.260 thread:52683 info dds_sub_serialization_listener.h:354]:DDSSubSerializationListener: embosa state is shutdown, topic: /galbot/mission_manager/onboard_config
[2026-09-29 16:11:27.261 thread:52683 info dds_sub_serialization_listener.h:354]:DDSSubSerializationListener: embosa state is shutdown, topic: singorix/wbcs/sensor
[2026-09-29 16:11:27.261 thread:52683 info dds_sub_serialization_listener.h:354]:DDSSubSerializationListener: embosa state is shutdown, topic: singorix/wbcs/wbc_info
[2026-09-29 16:11:27.261 thread:52683 info dds_sub_serialization_listener.h:354]:DDSSubSerializationListener: embosa state is shutdown, topic: singorix/wbcs/error
[2026-09-29 16:11:27.263 thread:52683 info dds_sub_serialization_listener.h:354]:DDSSubSerializationListener: embosa state is shutdown, topic: /odom/base_link
[2026-09-29 16:11:27.270 thread:52683 info dds_sub_serialization_listener.h:354]:DDSSubSerializationListener: embosa state is shutdown, topic: singorix/wbcs/sensor
[2026-09-29 16:11:27.270 thread:52683 info dds_sub_serialization_listener.h:354]:DDSSubSerializationListener: embosa state is shutdown, topic: singorix/wbcs/error
[2026-09-29 16:11:27.273 thread:52683 info dds_sub_serialization_listener.h:354]:DDSSubSerializationListener: embosa state is shutdown, topic: /odom/base_link
[2026-09-29 16:11:27.278 thread:52683 info dds_sub_serialization_listener.h:354]:DDSSubSerializationListener: embosa state is shutdown, topic: singorix/wbcs/sensor
[2026-09-29 16:11:27.280 thread:52683 info dds_sub_serialization_listener.h:354]:DDSSubSerializationListener: embosa state is shutdown, topic: singorix/wbcs/wbc_info
[2026-09-29 16:11:27.281 thread:52683 info dds_sub_serialization_listener.h:354]:DDSSubSerializationListener: embosa state is shutdown, topic: singorix/wbcs/error
[2026-09-29 16:11:27.282 thread:52683 info dds_sub_serialization_listener.h:354]:DDSSubSerializationListener: embosa state is shutdown, topic: /odom/base_link
[2026-09-29 16:11:27.284 thread:52683 info dds_sub_serialization_listener.h:354]:DDSSubSerializationListener: embosa state is shutdown, topic: singorix/wbcs/sensor
[2026-09-29 16:11:27.284 thread:52683 info dds_sub_serialization_listener.h:354]:DDSSubSerializationListener: embosa state is shutdown, topic: singorix/wbcs/error
[2026-09-29 16:11:27.292 thread:52683 info dds_sub_serialization_listener.h:354]:DDSSubSerializationListener: embosa state is shutdown, topic: /odom/base_link
[2026-09-29 16:11:27.294 thread:52683 info dds_sub_serialization_listener.h:354]:DDSSubSerializationListener: embosa state is shutdown, topic: singorix/wbcs/sensor
[2026-09-29 16:11:27.294 thread:52683 info dds_sub_serialization_listener.h:354]:DDSSubSerializationListener: embosa state is shutdown, topic: singorix/wbcs/wbc_info
[2026-09-29 16:11:27.295 thread:52683 info dds_sub_serialization_listener.h:354]:DDSSubSerializationListener: embosa state is shutdown, topic: singorix/wbcs/error
[2026-09-29 16:11:27.300 thread:52683 info dds_sub_serialization_listener.h:354]:DDSSubSerializationListener: embosa state is shutdown, topic: singorix/wbcs/sensor
[2026-09-29 16:11:27.301 thread:52683 info dds_sub_serialization_listener.h:354]:DDSSubSerializationListener: embosa state is shutdown, topic: singorix/wbcs/error
[2026-09-29 16:11:27.302 thread:52683 info dds_sub_serialization_listener.h:354]:DDSSubSerializationListener: embosa state is shutdown, topic: /odom/base_link
[2026-09-29 16:11:27.308 thread:52683 info dds_sub_serialization_listener.h:354]:DDSSubSerializationListener: embosa state is shutdown, topic: singorix/wbcs/sensor
[2026-09-29 16:11:27.309 thread:52683 info dds_sub_serialization_listener.h:354]:DDSSubSerializationListener: embosa state is shutdown, topic: singorix/wbcs/wbc_info
[2026-09-29 16:11:27.310 thread:52683 info dds_sub_serialization_listener.h:354]:DDSSubSerializationListener: embosa state is shutdown, topic: singorix/wbcs/error
[2026-09-29 16:11:27.312 thread:52683 info dds_sub_serialization_listener.h:354]:DDSSubSerializationListener: embosa state is shutdown, topic: /odom/base_link
[2026-09-29 16:11:27.318 thread:52683 info dds_sub_serialization_listener.h:354]:DDSSubSerializationListener: embosa state is shutdown, topic: singorix/wbcs/sensor
[2026-09-29 16:11:27.318 thread:52683 info dds_sub_serialization_listener.h:354]:DDSSubSerializationListener: embosa state is shutdown, topic: singorix/wbcs/error
[2026-09-29 16:11:27.323 thread:52683 info dds_sub_serialization_listener.h:354]:DDSSubSerializationListener: embosa state is shutdown, topic: /odom/base_link
[2026-09-29 16:11:27.324 thread:52683 info dds_sub_serialization_listener.h:354]:DDSSubSerializationListener: embosa state is shutdown, topic: singorix/wbcs/sensor
[2026-09-29 16:11:27.325 thread:52683 info dds_sub_serialization_listener.h:354]:DDSSubSerializationListener: embosa state is shutdown, topic: singorix/wbcs/wbc_info
[2026-09-29 16:11:27.325 thread:52683 info dds_sub_serialization_listener.h:354]:DDSSubSerializationListener: embosa state is shutdown, topic: singorix/wbcs/error
[2026-09-29 16:11:27.332 thread:52683 info dds_sub_serialization_listener.h:354]:DDSSubSerializationListener: embosa state is shutdown, topic: /odom/base_link
[2026-09-29 16:11:27.334 thread:52683 info dds_sub_serialization_listener.h:354]:DDSSubSerializationListener: embosa state is shutdown, topic: singorix/wbcs/sensor
[2026-09-29 16:11:27.334 thread:52683 info dds_sub_serialization_listener.h:354]:DDSSubSerializationListener: embosa state is shutdown, topic: singorix/wbcs/error
[2026-09-29 16:11:27.340 thread:52683 info dds_sub_serialization_listener.h:354]:DDSSubSerializationListener: embosa state is shutdown, topic: singorix/wbcs/sensor
[2026-09-29 16:11:27.341 thread:52683 info dds_sub_serialization_listener.h:354]:DDSSubSerializationListener: embosa state is shutdown, topic: singorix/wbcs/wbc_info
[2026-09-29 16:11:27.341 thread:52683 info dds_sub_serialization_listener.h:354]:DDSSubSerializationListener: embosa state is shutdown, topic: singorix/wbcs/error
[2026-09-29 16:11:27.342 thread:52683 info dds_sub_serialization_listener.h:354]:DDSSubSerializationListener: embosa state is shutdown, topic: /odom/base_link
[2026-09-29 16:11:27.348 thread:52683 info dds_sub_serialization_listener.h:354]:DDSSubSerializationListener: embosa state is shutdown, topic: singorix/wbcs/sensor
[2026-09-29 16:11:27.349 thread:52683 info dds_sub_serialization_listener.h:354]:DDSSubSerializationListener: embosa state is shutdown, topic: singorix/wbcs/error
[2026-09-29 16:11:27.353 thread:52683 info dds_sub_serialization_listener.h:354]:DDSSubSerializationListener: embosa state is shutdown, topic: /odom/base_link
[2026-09-29 16:11:27.358 thread:52683 info dds_sub_serialization_listener.h:354]:DDSSubSerializationListener: embosa state is shutdown, topic: singorix/wbcs/sensor
[2026-09-29 16:11:27.358 thread:52683 info dds_sub_serialization_listener.h:354]:DDSSubSerializationListener: embosa state is shutdown, topic: singorix/wbcs/wbc_info
[2026-09-29 16:11:27.358 thread:52683 info dds_sub_serialization_listener.h:354]:DDSSubSerializationListener: embosa state is shutdown, topic: singorix/wbcs/error
[2026-09-29 16:11:27.363 thread:52683 info dds_sub_serialization_listener.h:354]:DDSSubSerializationListener: embosa state is shutdown, topic: /odom/base_link
[2026-09-29 16:11:27.365 thread:52683 info dds_sub_serialization_listener.h:354]:DDSSubSerializationListener: embosa state is shutdown, topic: singorix/wbcs/sensor
[2026-09-29 16:11:27.365 thread:52683 info dds_sub_serialization_listener.h:354]:DDSSubSerializationListener: embosa state is shutdown, topic: singorix/wbcs/error
[2026-09-29 16:11:27.373 thread:52683 info dds_sub_serialization_listener.h:354]:DDSSubSerializationListener: embosa state is shutdown, topic: /odom/base_link
[2026-09-29 16:11:27.373 thread:52683 info dds_sub_serialization_listener.h:354]:DDSSubSerializationListener: embosa state is shutdown, topic: singorix/wbcs/sensor
[2026-09-29 16:11:27.374 thread:52683 info dds_sub_serialization_listener.h:354]:DDSSubSerializationListener: embosa state is shutdown, topic: singorix/wbcs/wbc_info
[2026-09-29 16:11:27.375 thread:52683 info dds_sub_serialization_listener.h:354]:DDSSubSerializationListener: embosa state is shutdown, topic: singorix/wbcs/error
[2026-09-29 16:11:27.381 thread:52683 info dds_sub_serialization_listener.h:354]:DDSSubSerializationListener: embosa state is shutdown, topic: singorix/wbcs/sensor
[2026-09-29 16:11:27.381 thread:52683 info dds_sub_serialization_listener.h:354]:DDSSubSerializationListener: embosa state is shutdown, topic: singorix/wbcs/error
[2026-09-29 16:11:27.382 thread:52683 info dds_sub_serialization_listener.h:354]:DDSSubSerializationListener: embosa state is shutdown, topic: /odom/base_link
[2026-09-29 16:11:27.388 thread:52683 info dds_sub_serialization_listener.h:354]:DDSSubSerializationListener: embosa state is shutdown, topic: singorix/wbcs/sensor
[2026-09-29 16:11:27.389 thread:52683 info dds_sub_serialization_listener.h:354]:DDSSubSerializationListener: embosa state is shutdown, topic: singorix/wbcs/wbc_info
[2026-09-29 16:11:27.389 thread:52683 info dds_sub_serialization_listener.h:354]:DDSSubSerializationListener: embosa state is shutdown, topic: singorix/wbcs/error
[2026-09-29 16:11:27.392 thread:52683 info dds_sub_serialization_listener.h:354]:DDSSubSerializationListener: embosa state is shutdown, topic: /odom/base_link
[2026-09-29 16:11:27.397 thread:52683 info dds_sub_serialization_listener.h:354]:DDSSubSerializationListener: embosa state is shutdown, topic: singorix/wbcs/sensor
[2026-09-29 16:11:27.397 thread:52683 info dds_sub_serialization_listener.h:354]:DDSSubSerializationListener: embosa state is shutdown, topic: singorix/wbcs/error
[2026-09-29 16:11:27.403 thread:52683 info dds_sub_serialization_listener.h:354]:DDSSubSerializationListener: embosa state is shutdown, topic: /odom/base_link
[2026-09-29 16:11:27.405 thread:52683 info dds_sub_serialization_listener.h:354]:DDSSubSerializationListener: embosa state is shutdown, topic: singorix/wbcs/sensor
[2026-09-29 16:11:27.405 thread:52683 info dds_sub_serialization_listener.h:354]:DDSSubSerializationListener: embosa state is shutdown, topic: singorix/wbcs/wbc_info
[2026-09-29 16:11:27.406 thread:52683 info dds_sub_serialization_listener.h:354]:DDSSubSerializationListener: embosa state is shutdown, topic: singorix/wbcs/error
[2026-09-29 16:11:27.412 thread:52683 info dds_sub_serialization_listener.h:354]:DDSSubSerializationListener: embosa state is shutdown, topic: /odom/base_link
[2026-09-29 16:11:27.413 thread:52683 info dds_sub_serialization_listener.h:354]:DDSSubSerializationListener: embosa state is shutdown, topic: singorix/wbcs/sensor
[2026-09-29 16:11:27.413 thread:52683 info dds_sub_serialization_listener.h:354]:DDSSubSerializationListener: embosa state is shutdown, topic: singorix/wbcs/error
[2026-09-29 16:11:27.421 thread:52683 info dds_sub_serialization_listener.h:354]:DDSSubSerializationListener: embosa state is shutdown, topic: singorix/wbcs/sensor
[2026-09-29 16:11:27.421 thread:52683 info dds_sub_serialization_listener.h:354]:DDSSubSerializationListener: embosa state is shutdown, topic: singorix/wbcs/wbc_info
[2026-09-29 16:11:27.422 thread:52683 info dds_sub_serialization_listener.h:354]:DDSSubSerializationListener: embosa state is shutdown, topic: singorix/wbcs/error
[2026-09-29 16:11:27.422 thread:52683 info dds_sub_serialization_listener.h:354]:DDSSubSerializationListener: embosa state is shutdown, topic: /odom/base_link
[2026-09-29 16:11:27.428 thread:52683 info dds_sub_serialization_listener.h:354]:DDSSubSerializationListener: embosa state is shutdown, topic: singorix/wbcs/sensor
[2026-09-29 16:11:27.429 thread:52683 info dds_sub_serialization_listener.h:354]:DDSSubSerializationListener: embosa state is shutdown, topic: singorix/wbcs/error
[2026-09-29 16:11:27.433 thread:52683 info dds_sub_serialization_listener.h:354]:DDSSubSerializationListener: embosa state is shutdown, topic: /odom/base_link
[2026-09-29 16:11:27.437 thread:52683 info dds_sub_serialization_listener.h:354]:DDSSubSerializationListener: embosa state is shutdown, topic: singorix/wbcs/sensor
[2026-09-29 16:11:27.437 thread:52683 info dds_sub_serialization_listener.h:354]:DDSSubSerializationListener: embosa state is shutdown, topic: singorix/wbcs/wbc_info
[2026-09-29 16:11:27.437 thread:52683 info dds_sub_serialization_listener.h:354]:DDSSubSerializationListener: embosa state is shutdown, topic: singorix/wbcs/error
[2026-09-29 16:11:27.443 thread:52683 info dds_sub_serialization_listener.h:354]:DDSSubSerializationListener: embosa state is shutdown, topic: /odom/base_link
[2026-09-29 16:11:27.445 thread:52683 info dds_sub_serialization_listener.h:354]:DDSSubSerializationListener: embosa state is shutdown, topic: singorix/wbcs/sensor
[2026-09-29 16:11:27.445 thread:52683 info dds_sub_serialization_listener.h:354]:DDSSubSerializationListener: embosa state is shutdown, topic: singorix/wbcs/error
[2026-09-29 16:11:27.452 thread:52683 info dds_sub_serialization_listener.h:354]:DDSSubSerializationListener: embosa state is shutdown, topic: /odom/base_link
[2026-09-29 16:11:27.454 thread:52683 info dds_sub_serialization_listener.h:354]:DDSSubSerializationListener: embosa state is shutdown, topic: singorix/wbcs/sensor
[2026-09-29 16:11:27.455 thread:52683 info dds_sub_serialization_listener.h:354]:DDSSubSerializationListener: embosa state is shutdown, topic: singorix/wbcs/wbc_info
[2026-09-29 16:11:27.455 thread:52683 info dds_sub_serialization_listener.h:354]:DDSSubSerializationListener: embosa state is shutdown, topic: singorix/wbcs/error
[2026-09-29 16:11:27.460 thread:52683 info dds_sub_serialization_listener.h:354]:DDSSubSerializationListener: embosa state is shutdown, topic: singorix/wbcs/sensor
[2026-09-29 16:11:27.460 thread:52683 info dds_sub_serialization_listener.h:354]:DDSSubSerializationListener: embosa state is shutdown, topic: singorix/wbcs/error
[2026-09-29 16:11:27.462 thread:52683 info dds_sub_serialization_listener.h:354]:DDSSubSerializationListener: embosa state is shutdown, topic: /odom/base_link
[2026-09-29 16:11:27.468 thread:52683 info dds_sub_serialization_listener.h:354]:DDSSubSerializationListener: embosa state is shutdown, topic: singorix/wbcs/sensor
[2026-09-29 16:11:27.470 thread:52683 info dds_sub_serialization_listener.h:354]:DDSSubSerializationListener: embosa state is shutdown, topic: singorix/wbcs/wbc_info
[2026-09-29 16:11:27.470 thread:52683 info dds_sub_serialization_listener.h:354]:DDSSubSerializationListener: embosa state is shutdown, topic: singorix/wbcs/error
[2026-09-29 16:11:27.472 thread:52683 info dds_sub_serialization_listener.h:354]:DDSSubSerializationListener: embosa state is shutdown, topic: /odom/base_link
[2026-09-29 16:11:27.477 thread:52683 info dds_sub_serialization_listener.h:354]:DDSSubSerializationListener: embosa state is shutdown, topic: singorix/wbcs/sensor
[2026-09-29 16:11:27.477 thread:52683 info dds_sub_serialization_listener.h:354]:DDSSubSerializationListener: embosa state is shutdown, topic: singorix/wbcs/error
[2026-09-29 16:11:27.482 thread:52683 info dds_sub_serialization_listener.h:354]:DDSSubSerializationListener: embosa state is shutdown, topic: /odom/base_link
[2026-09-29 16:11:27.484 thread:52683 info dds_sub_serialization_listener.h:354]:DDSSubSerializationListener: embosa state is shutdown, topic: singorix/wbcs/sensor
[2026-09-29 16:11:27.485 thread:52683 info dds_sub_serialization_listener.h:354]:DDSSubSerializationListener: embosa state is shutdown, topic: singorix/wbcs/wbc_info
[2026-09-29 16:11:27.485 thread:52683 info dds_sub_serialization_listener.h:354]:DDSSubSerializationListener: embosa state is shutdown, topic: singorix/wbcs/error
[2026-09-29 16:11:27.492 thread:52683 info dds_sub_serialization_listener.h:354]:DDSSubSerializationListener: embosa state is shutdown, topic: /odom/base_link
[2026-09-29 16:11:27.494 thread:52683 info dds_sub_serialization_listener.h:354]:DDSSubSerializationListener: embosa state is shutdown, topic: singorix/wbcs/sensor
[2026-09-29 16:11:27.494 thread:52683 info dds_sub_serialization_listener.h:354]:DDSSubSerializationListener: embosa state is shutdown, topic: singorix/wbcs/error
[2026-09-29 16:11:27.500 thread:52683 info dds_sub_serialization_listener.h:354]:DDSSubSerializationListener: embosa state is shutdown, topic: singorix/wbcs/sensor
[2026-09-29 16:11:27.502 thread:52683 info dds_sub_serialization_listener.h:354]:DDSSubSerializationListener: embosa state is shutdown, topic: /odom/base_link
[2026-09-29 16:11:27.503 thread:52683 info dds_sub_serialization_listener.h:354]:DDSSubSerializationListener: embosa state is shutdown, topic: singorix/wbcs/wbc_info
[2026-09-29 16:11:27.503 thread:52683 info dds_sub_serialization_listener.h:354]:DDSSubSerializationListener: embosa state is shutdown, topic: singorix/wbcs/error
[2026-09-29 16:11:27.509 thread:52683 info dds_sub_serialization_listener.h:354]:DDSSubSerializationListener: embosa state is shutdown, topic: singorix/wbcs/sensor
[2026-09-29 16:11:27.509 thread:52683 info dds_sub_serialization_listener.h:354]:DDSSubSerializationListener: embosa state is shutdown, topic: singorix/wbcs/error
[2026-09-29 16:11:27.512 thread:52683 info dds_sub_serialization_listener.h:354]:DDSSubSerializationListener: embosa state is shutdown, topic: /odom/base_link
[2026-09-29 16:11:27.517 thread:52683 info dds_sub_serialization_listener.h:354]:DDSSubSerializationListener: embosa state is shutdown, topic: singorix/wbcs/sensor
[2026-09-29 16:11:27.517 thread:52683 info dds_sub_serialization_listener.h:354]:DDSSubSerializationListener: embosa state is shutdown, topic: singorix/wbcs/wbc_info
[2026-09-29 16:11:27.517 thread:52683 info dds_sub_serialization_listener.h:354]:DDSSubSerializationListener: embosa state is shutdown, topic: singorix/wbcs/error
[2026-09-29 16:11:27.526 thread:52683 info dds_sub_serialization_listener.h:354]:DDSSubSerializationListener: embosa state is shutdown, topic: singorix/wbcs/sensor
[2026-09-29 16:11:27.528 thread:52683 info dds_sub_serialization_listener.h:354]:DDSSubSerializationListener: embosa state is shutdown, topic: singorix/wbcs/error
[2026-09-29 16:11:27.532 thread:52683 info dds_sub_serialization_listener.h:354]:DDSSubSerializationListener: embosa state is shutdown, topic: /odom/base_link
[2026-09-29 16:11:27.534 thread:52683 info dds_sub_serialization_listener.h:354]:DDSSubSerializationListener: embosa state is shutdown, topic: singorix/wbcs/sensor
[2026-09-29 16:11:27.535 thread:52683 info dds_sub_serialization_listener.h:354]:DDSSubSerializationListener: embosa state is shutdown, topic: singorix/wbcs/wbc_info
[2026-09-29 16:11:27.537 thread:52683 info dds_sub_serialization_listener.h:354]:DDSSubSerializationListener: embosa state is shutdown, topic: singorix/wbcs/error
[2026-09-29 16:11:27.541 thread:52683 info dds_sub_serialization_listener.h:354]:DDSSubSerializationListener: embosa state is shutdown, topic: singorix/wbcs/sensor
[2026-09-29 16:11:27.542 thread:52683 info dds_sub_serialization_listener.h:354]:DDSSubSerializationListener: embosa state is shutdown, topic: /odom/base_link
[2026-09-29 16:11:27.543 thread:52683 info dds_sub_serialization_listener.h:354]:DDSSubSerializationListener: embosa state is shutdown, topic: singorix/wbcs/error
[2026-09-29 16:11:27.548 thread:52683 info dds_sub_serialization_listener.h:354]:DDSSubSerializationListener: embosa state is shutdown, topic: singorix/wbcs/sensor
[2026-09-29 16:11:27.549 thread:52683 info dds_sub_serialization_listener.h:354]:DDSSubSerializationListener: embosa state is shutdown, topic: singorix/wbcs/wbc_info
[2026-09-29 16:11:27.549 thread:52683 info dds_sub_serialization_listener.h:354]:DDSSubSerializationListener: embosa state is shutdown, topic: singorix/wbcs/error
[2026-09-29 16:11:27.554 thread:52683 info dds_sub_serialization_listener.h:354]:DDSSubSerializationListener: embosa state is shutdown, topic: /odom/base_link
[2026-09-29 16:11:27.562 thread:52683 info dds_sub_serialization_listener.h:354]:DDSSubSerializationListener: embosa state is shutdown, topic: singorix/wbcs/sensor
[2026-09-29 16:11:27.563 thread:52683 info dds_sub_serialization_listener.h:354]:DDSSubSerializationListener: embosa state is shutdown, topic: singorix/wbcs/error
[2026-09-29 16:11:27.564 thread:52683 info dds_sub_serialization_listener.h:354]:DDSSubSerializationListener: embosa state is shutdown, topic: /odom/base_link
[2026-09-29 16:11:27.569 thread:52683 info dds_sub_serialization_listener.h:354]:DDSSubSerializationListener: embosa state is shutdown, topic: singorix/wbcs/sensor
[2026-09-29 16:11:27.570 thread:52683 info dds_sub_serialization_listener.h:354]:DDSSubSerializationListener: embosa state is shutdown, topic: singorix/wbcs/wbc_info
[2026-09-29 16:11:27.572 thread:52683 info dds_sub_serialization_listener.h:354]:DDSSubSerializationListener: embosa state is shutdown, topic: /odom/base_link
[2026-09-29 16:11:27.576 thread:52683 info dds_sub_serialization_listener.h:354]:DDSSubSerializationListener: embosa state is shutdown, topic: singorix/wbcs/error
[2026-09-29 16:11:27.577 thread:52683 info dds_sub_serialization_listener.h:354]:DDSSubSerializationListener: embosa state is shutdown, topic: singorix/wbcs/sensor
[2026-09-29 16:11:27.577 thread:52683 info dds_sub_serialization_listener.h:354]:DDSSubSerializationListener: embosa state is shutdown, topic: singorix/wbcs/error
[2026-09-29 16:11:27.583 thread:52683 info dds_sub_serialization_listener.h:354]:DDSSubSerializationListener: embosa state is shutdown, topic: singorix/wbcs/sensor
[2026-09-29 16:11:27.584 thread:52683 info dds_sub_serialization_listener.h:354]:DDSSubSerializationListener: embosa state is shutdown, topic: /odom/base_link
[2026-09-29 16:11:27.587 thread:52683 info dds_sub_serialization_listener.h:354]:DDSSubSerializationListener: embosa state is shutdown, topic: singorix/wbcs/wbc_info
[2026-09-29 16:11:27.588 thread:52683 info dds_sub_serialization_listener.h:354]:DDSSubSerializationListener: embosa state is shutdown, topic: singorix/wbcs/error
[2026-09-29 16:11:27.589 thread:52683 info dds_sub_serialization_listener.h:354]:DDSSubSerializationListener: embosa state is shutdown, topic: singorix/wbcs/sensor
[2026-09-29 16:11:27.589 thread:52683 info dds_sub_serialization_listener.h:354]:DDSSubSerializationListener: embosa state is shutdown, topic: singorix/wbcs/error
[2026-09-29 16:11:27.593 thread:52683 info dds_sub_serialization_listener.h:354]:DDSSubSerializationListener: embosa state is shutdown, topic: /odom/base_link
[2026-09-29 16:11:27.596 thread:52683 info dds_sub_serialization_listener.h:354]:DDSSubSerializationListener: embosa state is shutdown, topic: singorix/wbcs/sensor
[2026-09-29 16:11:27.597 thread:52683 info dds_sub_serialization_listener.h:354]:DDSSubSerializationListener: embosa state is shutdown, topic: singorix/wbcs/wbc_info
[2026-09-29 16:11:27.598 thread:52683 info dds_sub_serialization_listener.h:354]:DDSSubSerializationListener: embosa state is shutdown, topic: singorix/wbcs/error
[2026-09-29 16:11:27.603 thread:52683 info dds_sub_serialization_listener.h:354]:DDSSubSerializationListener: embosa state is shutdown, topic: /odom/base_link
[2026-09-29 16:11:27.605 thread:52683 info dds_sub_serialization_listener.h:354]:DDSSubSerializationListener: embosa state is shutdown, topic: singorix/wbcs/sensor
[2026-09-29 16:11:27.605 thread:52683 info dds_sub_serialization_listener.h:354]:DDSSubSerializationListener: embosa state is shutdown, topic: singorix/wbcs/error
[2026-09-29 16:11:27.612 thread:52683 info dds_sub_serialization_listener.h:354]:DDSSubSerializationListener: embosa state is shutdown, topic: /odom/base_link
[2026-09-29 16:11:27.614 thread:52683 info dds_sub_serialization_listener.h:354]:DDSSubSerializationListener: embosa state is shutdown, topic: singorix/wbcs/sensor
[2026-09-29 16:11:27.615 thread:52683 info dds_sub_serialization_listener.h:354]:DDSSubSerializationListener: embosa state is shutdown, topic: singorix/wbcs/wbc_info
[2026-09-29 16:11:27.615 thread:52683 info dds_sub_serialization_listener.h:354]:DDSSubSerializationListener: embosa state is shutdown, topic: singorix/wbcs/error
[2026-09-29 16:11:27.620 thread:52683 info dds_sub_serialization_listener.h:354]:DDSSubSerializationListener: embosa state is shutdown, topic: singorix/wbcs/sensor
[2026-09-29 16:11:27.620 thread:52683 info dds_sub_serialization_listener.h:354]:DDSSubSerializationListener: embosa state is shutdown, topic: singorix/wbcs/error
[2026-09-29 16:11:27.625 thread:52683 info dds_sub_serialization_listener.h:354]:DDSSubSerializationListener: embosa state is shutdown, topic: /odom/base_link
[2026-09-29 16:11:27.631 thread:52683 info dds_sub_serialization_listener.h:354]:DDSSubSerializationListener: embosa state is shutdown, topic: singorix/wbcs/sensor
[2026-09-29 16:11:27.633 thread:52683 info dds_sub_serialization_listener.h:354]:DDSSubSerializationListener: embosa state is shutdown, topic: singorix/wbcs/wbc_info
[2026-09-29 16:11:27.633 thread:52683 info dds_sub_serialization_listener.h:354]:DDSSubSerializationListener: embosa state is shutdown, topic: /odom/base_link
[2026-09-29 16:11:27.633 thread:52683 info dds_sub_serialization_listener.h:354]:DDSSubSerializationListener: embosa state is shutdown, topic: singorix/wbcs/error
[2026-09-29 16:11:27.636 thread:52683 info dds_sub_serialization_listener.h:354]:DDSSubSerializationListener: embosa state is shutdown, topic: singorix/wbcs/sensor
[2026-09-29 16:11:27.637 thread:52683 info dds_sub_serialization_listener.h:354]:DDSSubSerializationListener: embosa state is shutdown, topic: singorix/wbcs/error
[2026-09-29 16:11:27.644 thread:52683 info dds_sub_serialization_listener.h:354]:DDSSubSerializationListener: embosa state is shutdown, topic: /odom/base_link
[2026-09-29 16:11:27.646 thread:52683 info dds_sub_serialization_listener.h:354]:DDSSubSerializationListener: embosa state is shutdown, topic: singorix/wbcs/sensor
[2026-09-29 16:11:27.647 thread:52683 info dds_sub_serialization_listener.h:354]:DDSSubSerializationListener: embosa state is shutdown, topic: singorix/wbcs/wbc_info
[2026-09-29 16:11:27.647 thread:52683 info dds_sub_serialization_listener.h:354]:DDSSubSerializationListener: embosa state is shutdown, topic: singorix/wbcs/error
[2026-09-29 16:11:27.653 thread:52683 info dds_sub_serialization_listener.h:354]:DDSSubSerializationListener: embosa state is shutdown, topic: /odom/base_link
[2026-09-29 16:11:27.654 thread:52683 info dds_sub_serialization_listener.h:354]:DDSSubSerializationListener: embosa state is shutdown, topic: singorix/wbcs/sensor
[2026-09-29 16:11:27.654 thread:52683 info dds_sub_serialization_listener.h:354]:DDSSubSerializationListener: embosa state is shutdown, topic: singorix/wbcs/error
[2026-09-29 16:11:27.660 thread:52683 info dds_sub_serialization_listener.h:354]:DDSSubSerializationListener: embosa state is shutdown, topic: singorix/wbcs/sensor
[2026-09-29 16:11:27.661 thread:52683 info dds_sub_serialization_listener.h:354]:DDSSubSerializationListener: embosa state is shutdown, topic: singorix/wbcs/wbc_info
[2026-09-29 16:11:27.661 thread:52683 info dds_sub_serialization_listener.h:354]:DDSSubSerializationListener: embosa state is shutdown, topic: singorix/wbcs/error
[2026-09-29 16:11:27.662 thread:52683 info dds_sub_serialization_listener.h:354]:DDSSubSerializationListener: embosa state is shutdown, topic: /odom/base_link
[2026-09-29 16:11:27.668 thread:52683 info dds_sub_serialization_listener.h:354]:DDSSubSerializationListener: embosa state is shutdown, topic: singorix/wbcs/sensor
[2026-09-29 16:11:27.669 thread:52683 info dds_sub_serialization_listener.h:354]:DDSSubSerializationListener: embosa state is shutdown, topic: singorix/wbcs/error
[2026-09-29 16:11:27.672 thread:52683 info dds_sub_serialization_listener.h:354]:DDSSubSerializationListener: embosa state is shutdown, topic: /odom/base_link
[2026-09-29 16:11:27.676 thread:52683 info dds_sub_serialization_listener.h:354]:DDSSubSerializationListener: embosa state is shutdown, topic: singorix/wbcs/sensor
[2026-09-29 16:11:27.677 thread:52683 info dds_sub_serialization_listener.h:354]:DDSSubSerializationListener: embosa state is shutdown, topic: singorix/wbcs/wbc_info
[2026-09-29 16:11:27.677 thread:52683 info dds_sub_serialization_listener.h:354]:DDSSubSerializationListener: embosa state is shutdown, topic: singorix/wbcs/error
[2026-09-29 16:11:27.682 thread:52683 info dds_sub_serialization_listener.h:354]:DDSSubSerializationListener: embosa state is shutdown, topic: /odom/base_link
[2026-09-29 16:11:27.685 thread:52683 info dds_sub_serialization_listener.h:354]:DDSSubSerializationListener: embosa state is shutdown, topic: singorix/wbcs/sensor
[2026-09-29 16:11:27.685 thread:52683 info dds_sub_serialization_listener.h:354]:DDSSubSerializationListener: embosa state is shutdown, topic: singorix/wbcs/error
[2026-09-29 16:11:27.692 thread:52683 info dds_sub_serialization_listener.h:354]:DDSSubSerializationListener: embosa state is shutdown, topic: /odom/base_link
[2026-09-29 16:11:27.695 thread:52683 info dds_sub_serialization_listener.h:354]:DDSSubSerializationListener: embosa state is shutdown, topic: singorix/wbcs/sensor
[2026-09-29 16:11:27.696 thread:52683 info dds_sub_serialization_listener.h:354]:DDSSubSerializationListener: embosa state is shutdown, topic: singorix/wbcs/wbc_info
[2026-09-29 16:11:27.697 thread:52683 info dds_sub_serialization_listener.h:354]:DDSSubSerializationListener: embosa state is shutdown, topic: singorix/wbcs/error
[2026-09-29 16:11:27.701 thread:52683 info dds_sub_serialization_listener.h:354]:DDSSubSerializationListener: embosa state is shutdown, topic: singorix/wbcs/sensor
[2026-09-29 16:11:27.702 thread:52683 info dds_sub_serialization_listener.h:354]:DDSSubSerializationListener: embosa state is shutdown, topic: /odom/base_link
[2026-09-29 16:11:27.704 thread:52683 info dds_sub_serialization_listener.h:354]:DDSSubSerializationListener: embosa state is shutdown, topic: singorix/wbcs/error
[2026-09-29 16:11:27.709 thread:52683 info dds_sub_serialization_listener.h:354]:DDSSubSerializationListener: embosa state is shutdown, topic: singorix/wbcs/sensor
[2026-09-29 16:11:27.709 thread:52683 info dds_sub_serialization_listener.h:354]:DDSSubSerializationListener: embosa state is shutdown, topic: singorix/wbcs/wbc_info
[2026-09-29 16:11:27.709 thread:52683 info dds_sub_serialization_listener.h:354]:DDSSubSerializationListener: embosa state is shutdown, topic: singorix/wbcs/error
[2026-09-29 16:11:27.712 thread:52683 info dds_sub_serialization_listener.h:354]:DDSSubSerializationListener: embosa state is shutdown, topic: /odom/base_link
[2026-09-29 16:11:27.718 thread:52683 info dds_sub_serialization_listener.h:354]:DDSSubSerializationListener: embosa state is shutdown, topic: singorix/wbcs/sensor
[2026-09-29 16:11:27.720 thread:52683 info dds_sub_serialization_listener.h:354]:DDSSubSerializationListener: embosa state is shutdown, topic: singorix/wbcs/error
[2026-09-29 16:11:27.723 thread:52683 info dds_sub_serialization_listener.h:354]:DDSSubSerializationListener: embosa state is shutdown, topic: /odom/base_link
[2026-09-29 16:11:27.725 thread:52683 info dds_sub_serialization_listener.h:354]:DDSSubSerializationListener: embosa state is shutdown, topic: singorix/wbcs/sensor
[2026-09-29 16:11:27.725 thread:52683 info dds_sub_serialization_listener.h:354]:DDSSubSerializationListener: embosa state is shutdown, topic: singorix/wbcs/wbc_info
[2026-09-29 16:11:27.725 thread:52683 info dds_sub_serialization_listener.h:354]:DDSSubSerializationListener: embosa state is shutdown, topic: singorix/wbcs/error
[2026-09-29 16:11:27.732 thread:52683 info dds_sub_serialization_listener.h:354]:DDSSubSerializationListener: embosa state is shutdown, topic: /odom/base_link
[2026-09-29 16:11:27.735 thread:52683 info dds_sub_serialization_listener.h:354]:DDSSubSerializationListener: embosa state is shutdown, topic: singorix/wbcs/sensor
[2026-09-29 16:11:27.735 thread:52683 info dds_sub_serialization_listener.h:354]:DDSSubSerializationListener: embosa state is shutdown, topic: singorix/wbcs/error
[2026-09-29 16:11:27.743 thread:52683 info dds_sub_serialization_listener.h:354]:DDSSubSerializationListener: embosa state is shutdown, topic: /odom/base_link
[2026-09-29 16:11:27.744 thread:52683 info dds_sub_serialization_listener.h:354]:DDSSubSerializationListener: embosa state is shutdown, topic: singorix/wbcs/sensor
[2026-09-29 16:11:27.745 thread:52683 info dds_sub_serialization_listener.h:354]:DDSSubSerializationListener: embosa state is shutdown, topic: singorix/wbcs/wbc_info
[2026-09-29 16:11:27.745 thread:52683 info dds_sub_serialization_listener.h:354]:DDSSubSerializationListener: embosa state is shutdown, topic: singorix/wbcs/error
[2026-09-29 16:11:27.749 thread:52683 info dds_sub_serialization_listener.h:354]:DDSSubSerializationListener: embosa state is shutdown, topic: singorix/wbcs/sensor
[2026-09-29 16:11:27.749 thread:52683 info dds_sub_serialization_listener.h:354]:DDSSubSerializationListener: embosa state is shutdown, topic: singorix/wbcs/error
[2026-09-29 16:11:27.752 thread:52683 info dds_sub_serialization_listener.h:354]:DDSSubSerializationListener: embosa state is shutdown, topic: /odom/base_link
[2026-09-29 16:11:27.757 thread:52683 info dds_sub_serialization_listener.h:354]:DDSSubSerializationListener: embosa state is shutdown, topic: singorix/wbcs/sensor
[2026-09-29 16:11:27.758 thread:52683 info dds_sub_serialization_listener.h:354]:DDSSubSerializationListener: embosa state is shutdown, topic: singorix/wbcs/wbc_info
[2026-09-29 16:11:27.759 thread:52683 info dds_sub_serialization_listener.h:354]:DDSSubSerializationListener: embosa state is shutdown, topic: singorix/wbcs/error
[2026-09-29 16:11:27.762 thread:52683 info dds_sub_serialization_listener.h:354]:DDSSubSerializationListener: embosa state is shutdown, topic: /odom/base_link
[2026-09-29 16:11:27.765 thread:52683 info dds_sub_serialization_listener.h:354]:DDSSubSerializationListener: embosa state is shutdown, topic: singorix/wbcs/sensor
[2026-09-29 16:11:27.766 thread:52683 info dds_sub_serialization_listener.h:354]:DDSSubSerializationListener: embosa state is shutdown, topic: singorix/wbcs/error
[2026-09-29 16:11:27.772 thread:52683 info dds_sub_serialization_listener.h:354]:DDSSubSerializationListener: embosa state is shutdown, topic: /odom/base_link
[2026-09-29 16:11:27.774 thread:52683 info dds_sub_serialization_listener.h:354]:DDSSubSerializationListener: embosa state is shutdown, topic: singorix/wbcs/sensor
[2026-09-29 16:11:27.774 thread:52683 info dds_sub_serialization_listener.h:354]:DDSSubSerializationListener: embosa state is shutdown, topic: singorix/wbcs/wbc_info
[2026-09-29 16:11:27.774 thread:52683 info dds_sub_serialization_listener.h:354]:DDSSubSerializationListener: embosa state is shutdown, topic: singorix/wbcs/error
[2026-09-29 16:11:27.780 thread:52683 info dds_sub_serialization_listener.h:354]:DDSSubSerializationListener: embosa state is shutdown, topic: singorix/wbcs/sensor
[2026-09-29 16:11:27.781 thread:52683 info dds_sub_serialization_listener.h:354]:DDSSubSerializationListener: embosa state is shutdown, topic: singorix/wbcs/error
[2026-09-29 16:11:27.783 thread:52683 info dds_sub_serialization_listener.h:354]:DDSSubSerializationListener: embosa state is shutdown, topic: /odom/base_link
[2026-09-29 16:11:27.789 thread:52683 info dds_sub_serialization_listener.h:354]:DDSSubSerializationListener: embosa state is shutdown, topic: singorix/wbcs/sensor
[2026-09-29 16:11:27.790 thread:52683 info dds_sub_serialization_listener.h:354]:DDSSubSerializationListener: embosa state is shutdown, topic: singorix/wbcs/wbc_info
[2026-09-29 16:11:27.791 thread:52683 info dds_sub_serialization_listener.h:354]:DDSSubSerializationListener: embosa state is shutdown, topic: singorix/wbcs/error
[2026-09-29 16:11:27.793 thread:52683 info dds_sub_serialization_listener.h:354]:DDSSubSerializationListener: embosa state is shutdown, topic: /odom/base_link
[2026-09-29 16:11:27.798 thread:52683 info dds_sub_serialization_listener.h:354]:DDSSubSerializationListener: embosa state is shutdown, topic: singorix/wbcs/sensor
[2026-09-29 16:11:27.799 thread:52683 info dds_sub_serialization_listener.h:354]:DDSSubSerializationListener: embosa state is shutdown, topic: singorix/wbcs/error
[2026-09-29 16:11:27.802 thread:52683 info dds_sub_serialization_listener.h:354]:DDSSubSerializationListener: embosa state is shutdown, topic: /odom/base_link
[2026-09-29 16:11:27.807 thread:52683 info dds_sub_serialization_listener.h:354]:DDSSubSerializationListener: embosa state is shutdown, topic: singorix/wbcs/sensor
[2026-09-29 16:11:27.810 thread:52683 info dds_sub_serialization_listener.h:354]:DDSSubSerializationListener: embosa state is shutdown, topic: singorix/wbcs/wbc_info
[2026-09-29 16:11:27.811 thread:52683 info dds_sub_serialization_listener.h:354]:DDSSubSerializationListener: embosa state is shutdown, topic: singorix/wbcs/error
[2026-09-29 16:11:27.813 thread:52683 info dds_sub_serialization_listener.h:354]:DDSSubSerializationListener: embosa state is shutdown, topic: /odom/base_link
[2026-09-29 16:11:27.815 thread:52683 info dds_sub_serialization_listener.h:354]:DDSSubSerializationListener: embosa state is shutdown, topic: singorix/wbcs/sensor
[2026-09-29 16:11:27.818 thread:52683 info dds_sub_serialization_listener.h:354]:DDSSubSerializationListener: embosa state is shutdown, topic: singorix/wbcs/error
[2026-09-29 16:11:27.820 thread:52683 info dds_sub_serialization_listener.h:354]:DDSSubSerializationListener: embosa state is shutdown, topic: singorix/wbcs/sensor
[2026-09-29 16:11:27.821 thread:52683 info dds_sub_serialization_listener.h:354]:DDSSubSerializationListener: embosa state is shutdown, topic: singorix/wbcs/wbc_info
[2026-09-29 16:11:27.823 thread:52683 info dds_sub_serialization_listener.h:354]:DDSSubSerializationListener: embosa state is shutdown, topic: /odom/base_link
[2026-09-29 16:11:27.823 thread:52683 info dds_sub_serialization_listener.h:354]:DDSSubSerializationListener: embosa state is shutdown, topic: singorix/wbcs/error
[2026-09-29 16:11:27.829 thread:52683 info dds_sub_serialization_listener.h:354]:DDSSubSerializationListener: embosa state is shutdown, topic: singorix/wbcs/sensor
[2026-09-29 16:11:27.830 thread:52683 info dds_sub_serialization_listener.h:354]:DDSSubSerializationListener: embosa state is shutdown, topic: singorix/wbcs/error
[2026-09-29 16:11:27.832 thread:52683 info dds_sub_serialization_listener.h:354]:DDSSubSerializationListener: embosa state is shutdown, topic: /odom/base_link
[2026-09-29 16:11:27.837 thread:52683 info dds_sub_serialization_listener.h:354]:DDSSubSerializationListener: embosa state is shutdown, topic: singorix/wbcs/sensor
[2026-09-29 16:11:27.840 thread:52683 info dds_sub_serialization_listener.h:354]:DDSSubSerializationListener: embosa state is shutdown, topic: singorix/wbcs/wbc_info
[2026-09-29 16:11:27.841 thread:52683 info dds_sub_serialization_listener.h:354]:DDSSubSerializationListener: embosa state is shutdown, topic: singorix/wbcs/error
[2026-09-29 16:11:27.843 thread:52683 info dds_sub_serialization_listener.h:354]:DDSSubSerializationListener: embosa state is shutdown, topic: /odom/base_link
[2026-09-29 16:11:27.845 thread:52683 info dds_sub_serialization_listener.h:354]:DDSSubSerializationListener: embosa state is shutdown, topic: singorix/wbcs/sensor
[2026-09-29 16:11:27.846 thread:52683 info dds_sub_serialization_listener.h:354]:DDSSubSerializationListener: embosa state is shutdown, topic: singorix/wbcs/error
[2026-09-29 16:11:27.852 thread:52683 info dds_sub_serialization_listener.h:354]:DDSSubSerializationListener: embosa state is shutdown, topic: /odom/base_link
[2026-09-29 16:11:27.854 thread:52683 info dds_sub_serialization_listener.h:354]:DDSSubSerializationListener: embosa state is shutdown, topic: singorix/wbcs/sensor
[2026-09-29 16:11:27.856 thread:52683 info dds_sub_serialization_listener.h:354]:DDSSubSerializationListener: embosa state is shutdown, topic: singorix/wbcs/wbc_info
[2026-09-29 16:11:27.857 thread:52683 info dds_sub_serialization_listener.h:354]:DDSSubSerializationListener: embosa state is shutdown, topic: singorix/wbcs/error
[2026-09-29 16:11:27.863 thread:52683 info dds_sub_serialization_listener.h:354]:DDSSubSerializationListener: embosa state is shutdown, topic: /odom/base_link
[2026-09-29 16:11:27.864 thread:52683 info dds_sub_serialization_listener.h:354]:DDSSubSerializationListener: embosa state is shutdown, topic: singorix/wbcs/sensor
[2026-09-29 16:11:27.864 thread:52683 info dds_sub_serialization_listener.h:354]:DDSSubSerializationListener: embosa state is shutdown, topic: singorix/wbcs/error
[2026-09-29 16:11:27.869 thread:52683 info dds_sub_serialization_listener.h:354]:DDSSubSerializationListener: embosa state is shutdown, topic: singorix/wbcs/sensor
[2026-09-29 16:11:27.870 thread:52683 info dds_sub_serialization_listener.h:354]:DDSSubSerializationListener: embosa state is shutdown, topic: singorix/wbcs/wbc_info
[2026-09-29 16:11:27.870 thread:52683 info dds_sub_serialization_listener.h:354]:DDSSubSerializationListener: embosa state is shutdown, topic: singorix/wbcs/error
[2026-09-29 16:11:27.872 thread:52683 info dds_sub_serialization_listener.h:354]:DDSSubSerializationListener: embosa state is shutdown, topic: /odom/base_link
[2026-09-29 16:11:27.877 thread:52683 info dds_sub_serialization_listener.h:354]:DDSSubSerializationListener: embosa state is shutdown, topic: singorix/wbcs/sensor
[2026-09-29 16:11:27.877 thread:52683 info dds_sub_serialization_listener.h:354]:DDSSubSerializationListener: embosa state is shutdown, topic: singorix/wbcs/error
[2026-09-29 16:11:27.883 thread:52683 info dds_sub_serialization_listener.h:354]:DDSSubSerializationListener: embosa state is shutdown, topic: /odom/base_link
[2026-09-29 16:11:27.886 thread:52683 info dds_sub_serialization_listener.h:354]:DDSSubSerializationListener: embosa state is shutdown, topic: singorix/wbcs/sensor
[2026-09-29 16:11:27.889 thread:52683 info dds_sub_serialization_listener.h:354]:DDSSubSerializationListener: embosa state is shutdown, topic: singorix/wbcs/wbc_info
[2026-09-29 16:11:27.889 thread:52683 info dds_sub_serialization_listener.h:354]:DDSSubSerializationListener: embosa state is shutdown, topic: singorix/wbcs/error
[2026-09-29 16:11:27.893 thread:52683 info dds_sub_serialization_listener.h:354]:DDSSubSerializationListener: embosa state is shutdown, topic: /odom/base_link
[2026-09-29 16:11:27.895 thread:52683 info dds_sub_serialization_listener.h:354]:DDSSubSerializationListener: embosa state is shutdown, topic: singorix/wbcs/sensor
[2026-09-29 16:11:27.896 thread:52683 info dds_sub_serialization_listener.h:354]:DDSSubSerializationListener: embosa state is shutdown, topic: singorix/wbcs/error
[2026-09-29 16:11:27.901 thread:52683 info dds_sub_serialization_listener.h:354]:DDSSubSerializationListener: embosa state is shutdown, topic: singorix/wbcs/sensor
[2026-09-29 16:11:27.903 thread:52683 info dds_sub_serialization_listener.h:354]:DDSSubSerializationListener: embosa state is shutdown, topic: singorix/wbcs/wbc_info
[2026-09-29 16:11:27.903 thread:52683 info dds_sub_serialization_listener.h:354]:DDSSubSerializationListener: embosa state is shutdown, topic: /odom/base_link
[2026-09-29 16:11:27.903 thread:52683 info dds_sub_serialization_listener.h:354]:DDSSubSerializationListener: embosa state is shutdown, topic: singorix/wbcs/error
[2026-09-29 16:11:27.909 thread:52683 info dds_sub_serialization_listener.h:354]:DDSSubSerializationListener: embosa state is shutdown, topic: singorix/wbcs/sensor
[2026-09-29 16:11:27.910 thread:52683 info dds_sub_serialization_listener.h:354]:DDSSubSerializationListener: embosa state is shutdown, topic: singorix/wbcs/error
[2026-09-29 16:11:27.912 thread:52683 info dds_sub_serialization_listener.h:354]:DDSSubSerializationListener: embosa state is shutdown, topic: /odom/base_link
[2026-09-29 16:11:27.917 thread:52683 info dds_sub_serialization_listener.h:354]:DDSSubSerializationListener: embosa state is shutdown, topic: singorix/wbcs/sensor
[2026-09-29 16:11:27.919 thread:52683 info dds_sub_serialization_listener.h:354]:DDSSubSerializationListener: embosa state is shutdown, topic: singorix/wbcs/wbc_info
[2026-09-29 16:11:27.920 thread:52683 info dds_sub_serialization_listener.h:354]:DDSSubSerializationListener: embosa state is shutdown, topic: singorix/wbcs/error
[2026-09-29 16:11:27.923 thread:52683 info dds_sub_serialization_listener.h:354]:DDSSubSerializationListener: embosa state is shutdown, topic: /odom/base_link
[2026-09-29 16:11:27.928 thread:52683 info dds_sub_serialization_listener.h:354]:DDSSubSerializationListener: embosa state is shutdown, topic: singorix/wbcs/sensor
[2026-09-29 16:11:27.928 thread:52683 info dds_sub_serialization_listener.h:354]:DDSSubSerializationListener: embosa state is shutdown, topic: singorix/wbcs/error
[2026-09-29 16:11:27.932 thread:52683 info dds_sub_serialization_listener.h:354]:DDSSubSerializationListener: embosa state is shutdown, topic: /odom/base_link
[2026-09-29 16:11:27.934 thread:52683 info dds_sub_serialization_listener.h:354]:DDSSubSerializationListener: embosa state is shutdown, topic: singorix/wbcs/sensor
[2026-09-29 16:11:27.935 thread:52683 info dds_sub_serialization_listener.h:354]:DDSSubSerializationListener: embosa state is shutdown, topic: singorix/wbcs/wbc_info
[2026-09-29 16:11:27.935 thread:52683 info dds_sub_serialization_listener.h:354]:DDSSubSerializationListener: embosa state is shutdown, topic: singorix/wbcs/error
[2026-09-29 16:11:27.942 thread:52683 info dds_sub_serialization_listener.h:354]:DDSSubSerializationListener: embosa state is shutdown, topic: /odom/base_link
[2026-09-29 16:11:27.945 thread:52683 info dds_sub_serialization_listener.h:354]:DDSSubSerializationListener: embosa state is shutdown, topic: singorix/wbcs/sensor
[2026-09-29 16:11:27.948 thread:52683 info dds_sub_serialization_listener.h:354]:DDSSubSerializationListener: embosa state is shutdown, topic: singorix/wbcs/error
[2026-09-29 16:11:27.953 thread:52683 info dds_sub_serialization_listener.h:354]:DDSSubSerializationListener: embosa state is shutdown, topic: /odom/base_link
[2026-09-29 16:11:27.963 thread:52683 info dds_sub_serialization_listener.h:354]:DDSSubSerializationListener: embosa state is shutdown, topic: /odom/base_link
[2026-09-29 16:11:27.965 thread:52683 info dds_sub_serialization_listener.h:354]:DDSSubSerializationListener: embosa state is shutdown, topic: singorix/wbcs/sensor
[2026-09-29 16:11:27.967 thread:52683 info dds_sub_serialization_listener.h:354]:DDSSubSerializationListener: embosa state is shutdown, topic: singorix/wbcs/wbc_info
[2026-09-29 16:11:27.969 thread:52683 info dds_sub_serialization_listener.h:354]:DDSSubSerializationListener: embosa state is shutdown, topic: singorix/wbcs/error
[2026-09-29 16:11:27.970 thread:52683 info dds_sub_serialization_listener.h:354]:DDSSubSerializationListener: embosa state is shutdown, topic: singorix/wbcs/sensor
[2026-09-29 16:11:27.972 thread:52683 info dds_sub_serialization_listener.h:354]:DDSSubSerializationListener: embosa state is shutdown, topic: /odom/base_link
[2026-09-29 16:11:27.974 thread:52683 info dds_sub_serialization_listener.h:354]:DDSSubSerializationListener: embosa state is shutdown, topic: singorix/wbcs/error
[2026-09-29 16:11:27.975 thread:52683 info dds_sub_serialization_listener.h:354]:DDSSubSerializationListener: embosa state is shutdown, topic: singorix/wbcs/sensor
[2026-09-29 16:11:27.976 thread:52683 info dds_sub_serialization_listener.h:354]:DDSSubSerializationListener: embosa state is shutdown, topic: singorix/wbcs/wbc_info
[2026-09-29 16:11:27.977 thread:52683 info dds_sub_serialization_listener.h:354]:DDSSubSerializationListener: embosa state is shutdown, topic: singorix/wbcs/error
[2026-09-29 16:11:27.982 thread:52683 info dds_sub_serialization_listener.h:354]:DDSSubSerializationListener: embosa state is shutdown, topic: singorix/wbcs/sensor
[2026-09-29 16:11:27.982 thread:52683 info dds_sub_serialization_listener.h:354]:DDSSubSerializationListener: embosa state is shutdown, topic: singorix/wbcs/error
[2026-09-29 16:11:27.983 thread:52683 info dds_sub_serialization_listener.h:354]:DDSSubSerializationListener: embosa state is shutdown, topic: /odom/base_link
[2026-09-29 16:11:27.987 thread:52683 info dds_sub_listener.cc:248]:DDSSubListener: embosa state is shutdown, topic: bms
[2026-09-29 16:11:27.992 thread:52683 info dds_sub_serialization_listener.h:354]:DDSSubSerializationListener: embosa state is shutdown, topic: singorix/wbcs/sensor
[2026-09-29 16:11:27.993 thread:52683 info dds_sub_serialization_listener.h:354]:DDSSubSerializationListener: embosa state is shutdown, topic: singorix/wbcs/wbc_info
[2026-09-29 16:11:27.994 thread:52683 info dds_sub_serialization_listener.h:354]:DDSSubSerializationListener: embosa state is shutdown, topic: singorix/wbcs/error
[2026-09-29 16:11:27.994 thread:52683 info dds_sub_serialization_listener.h:354]:DDSSubSerializationListener: embosa state is shutdown, topic: /odom/base_link
[2026-09-29 16:11:27.996 thread:52683 info dds_sub_serialization_listener.h:354]:DDSSubSerializationListener: embosa state is shutdown, topic: singorix/wbcs/sensor
[2026-09-29 16:11:27.996 thread:52683 info dds_sub_serialization_listener.h:354]:DDSSubSerializationListener: embosa state is shutdown, topic: singorix/wbcs/error
[2026-09-29 16:11:28.003 thread:52683 info dds_sub_serialization_listener.h:354]:DDSSubSerializationListener: embosa state is shutdown, topic: /odom/base_link
[2026-09-29 16:11:28.005 thread:52683 info dds_sub_serialization_listener.h:354]:DDSSubSerializationListener: embosa state is shutdown, topic: singorix/wbcs/sensor
[2026-09-29 16:11:28.006 thread:52683 info dds_sub_serialization_listener.h:354]:DDSSubSerializationListener: embosa state is shutdown, topic: singorix/wbcs/wbc_info
[2026-09-29 16:11:28.007 thread:52683 info dds_sub_serialization_listener.h:354]:DDSSubSerializationListener: embosa state is shutdown, topic: singorix/wbcs/error
[2026-09-29 16:11:28.012 thread:52683 info dds_sub_serialization_listener.h:354]:DDSSubSerializationListener: embosa state is shutdown, topic: /odom/base_link
[2026-09-29 16:11:28.015 thread:52683 info dds_sub_serialization_listener.h:354]:DDSSubSerializationListener: embosa state is shutdown, topic: singorix/wbcs/sensor
[2026-09-29 16:11:28.016 thread:52683 info dds_sub_serialization_listener.h:354]:DDSSubSerializationListener: embosa state is shutdown, topic: singorix/wbcs/error
[2026-09-29 16:11:28.021 thread:52683 info dds_sub_serialization_listener.h:354]:DDSSubSerializationListener: embosa state is shutdown, topic: singorix/wbcs/sensor
[2026-09-29 16:11:28.022 thread:52683 info dds_sub_serialization_listener.h:354]:DDSSubSerializationListener: embosa state is shutdown, topic: singorix/wbcs/wbc_info
[2026-09-29 16:11:28.022 thread:52683 info dds_sub_serialization_listener.h:354]:DDSSubSerializationListener: embosa state is shutdown, topic: /odom/base_link
[2026-09-29 16:11:28.023 thread:52683 info dds_sub_serialization_listener.h:354]:DDSSubSerializationListener: embosa state is shutdown, topic: singorix/wbcs/error
[2026-09-29 16:11:28.029 thread:52683 info dds_sub_serialization_listener.h:354]:DDSSubSerializationListener: embosa state is shutdown, topic: singorix/wbcs/sensor
[2026-09-29 16:11:28.029 thread:52683 info dds_sub_serialization_listener.h:354]:DDSSubSerializationListener: embosa state is shutdown, topic: singorix/wbcs/error
[2026-09-29 16:11:28.031 thread:52683 info dds_sub_serialization_listener.h:354]:DDSSubSerializationListener: embosa state is shutdown, topic: /odom/base_link
[2026-09-29 16:11:28.037 thread:52683 info dds_sub_serialization_listener.h:354]:DDSSubSerializationListener: embosa state is shutdown, topic: singorix/wbcs/sensor
[2026-09-29 16:11:28.038 thread:52683 info dds_sub_serialization_listener.h:354]:DDSSubSerializationListener: embosa state is shutdown, topic: singorix/wbcs/wbc_info
[2026-09-29 16:11:28.039 thread:52683 info dds_sub_serialization_listener.h:354]:DDSSubSerializationListener: embosa state is shutdown, topic: singorix/wbcs/error
[2026-09-29 16:11:28.042 thread:52683 info dds_sub_serialization_listener.h:354]:DDSSubSerializationListener: embosa state is shutdown, topic: /odom/base_link
[2026-09-29 16:11:28.045 thread:52683 info dds_sub_serialization_listener.h:354]:DDSSubSerializationListener: embosa state is shutdown, topic: singorix/wbcs/sensor
[2026-09-29 16:11:28.046 thread:52683 info dds_sub_serialization_listener.h:354]:DDSSubSerializationListener: embosa state is shutdown, topic: singorix/wbcs/error
[2026-09-29 16:11:28.051 thread:52683 info dds_sub_serialization_listener.h:354]:DDSSubSerializationListener: embosa state is shutdown, topic: /odom/base_link
[2026-09-29 16:11:28.054 thread:52683 info dds_sub_serialization_listener.h:354]:DDSSubSerializationListener: embosa state is shutdown, topic: singorix/wbcs/sensor
[2026-09-29 16:11:28.056 thread:52683 info dds_sub_serialization_listener.h:354]:DDSSubSerializationListener: embosa state is shutdown, topic: singorix/wbcs/wbc_info
[2026-09-29 16:11:28.057 thread:52683 info dds_sub_serialization_listener.h:354]:DDSSubSerializationListener: embosa state is shutdown, topic: singorix/wbcs/error
[2026-09-29 16:11:28.061 thread:52683 info dds_sub_serialization_listener.h:354]:DDSSubSerializationListener: embosa state is shutdown, topic: singorix/wbcs/sensor
[2026-09-29 16:11:28.062 thread:52683 info dds_sub_serialization_listener.h:354]:DDSSubSerializationListener: embosa state is shutdown, topic: singorix/wbcs/error
[2026-09-29 16:11:28.062 thread:52683 info dds_sub_serialization_listener.h:354]:DDSSubSerializationListener: embosa state is shutdown, topic: /odom/base_link
[2026-09-29 16:11:28.070 thread:52683 info dds_sub_serialization_listener.h:354]:DDSSubSerializationListener: embosa state is shutdown, topic: singorix/wbcs/sensor
[2026-09-29 16:11:28.071 thread:52683 info dds_sub_serialization_listener.h:354]:DDSSubSerializationListener: embosa state is shutdown, topic: singorix/wbcs/wbc_info
[2026-09-29 16:11:28.072 thread:52683 info dds_sub_serialization_listener.h:354]:DDSSubSerializationListener: embosa state is shutdown, topic: singorix/wbcs/error
[2026-09-29 16:11:28.072 thread:52683 info dds_sub_serialization_listener.h:354]:DDSSubSerializationListener: embosa state is shutdown, topic: /odom/base_link
[2026-09-29 16:11:28.077 thread:52683 info dds_sub_serialization_listener.h:354]:DDSSubSerializationListener: embosa state is shutdown, topic: singorix/wbcs/sensor
[2026-09-29 16:11:28.078 thread:52683 info dds_sub_serialization_listener.h:354]:DDSSubSerializationListener: embosa state is shutdown, topic: singorix/wbcs/error
[2026-09-29 16:11:28.082 thread:52683 info dds_sub_serialization_listener.h:354]:DDSSubSerializationListener: embosa state is shutdown, topic: /odom/base_link
[2026-09-29 16:11:28.085 thread:52683 info dds_sub_serialization_listener.h:354]:DDSSubSerializationListener: embosa state is shutdown, topic: singorix/wbcs/sensor
[2026-09-29 16:11:28.087 thread:52683 info dds_sub_serialization_listener.h:354]:DDSSubSerializationListener: embosa state is shutdown, topic: singorix/wbcs/wbc_info
[2026-09-29 16:11:28.088 thread:52683 info dds_sub_serialization_listener.h:354]:DDSSubSerializationListener: embosa state is shutdown, topic: singorix/wbcs/error
[2026-09-29 16:11:28.093 thread:52683 info dds_sub_serialization_listener.h:354]:DDSSubSerializationListener: embosa state is shutdown, topic: /odom/base_link
[2026-09-29 16:11:28.096 thread:52683 info dds_sub_serialization_listener.h:354]:DDSSubSerializationListener: embosa state is shutdown, topic: singorix/wbcs/sensor
[2026-09-29 16:11:28.097 thread:52683 info dds_sub_serialization_listener.h:354]:DDSSubSerializationListener: embosa state is shutdown, topic: singorix/wbcs/error
[2026-09-29 16:11:28.101 thread:52683 info dds_sub_serialization_listener.h:354]:DDSSubSerializationListener: embosa state is shutdown, topic: singorix/wbcs/sensor
[2026-09-29 16:11:28.103 thread:52683 info dds_sub_serialization_listener.h:354]:DDSSubSerializationListener: embosa state is shutdown, topic: singorix/wbcs/wbc_info
[2026-09-29 16:11:28.103 thread:52683 info dds_sub_serialization_listener.h:354]:DDSSubSerializationListener: embosa state is shutdown, topic: singorix/wbcs/error
[2026-09-29 16:11:28.104 thread:52683 info dds_sub_serialization_listener.h:354]:DDSSubSerializationListener: embosa state is shutdown, topic: /odom/base_link
[2026-09-29 16:11:28.109 thread:52683 info dds_sub_serialization_listener.h:354]:DDSSubSerializationListener: embosa state is shutdown, topic: singorix/wbcs/sensor
[2026-09-29 16:11:28.109 thread:52683 info dds_sub_serialization_listener.h:354]:DDSSubSerializationListener: embosa state is shutdown, topic: singorix/wbcs/error
[2026-09-29 16:11:28.113 thread:52683 info dds_sub_serialization_listener.h:354]:DDSSubSerializationListener: embosa state is shutdown, topic: /odom/base_link
[2026-09-29 16:11:28.118 thread:52683 info dds_sub_serialization_listener.h:354]:DDSSubSerializationListener: embosa state is shutdown, topic: singorix/wbcs/sensor
[2026-09-29 16:11:28.119 thread:52683 info dds_sub_serialization_listener.h:354]:DDSSubSerializationListener: embosa state is shutdown, topic: singorix/wbcs/wbc_info
[2026-09-29 16:11:28.119 thread:52683 info dds_sub_serialization_listener.h:354]:DDSSubSerializationListener: embosa state is shutdown, topic: singorix/wbcs/error
[2026-09-29 16:11:28.122 thread:52683 info dds_sub_serialization_listener.h:354]:DDSSubSerializationListener: embosa state is shutdown, topic: /odom/base_link
[2026-09-29 16:11:28.127 thread:52683 info dds_sub_serialization_listener.h:354]:DDSSubSerializationListener: embosa state is shutdown, topic: singorix/wbcs/sensor
[2026-09-29 16:11:28.128 thread:52683 info dds_sub_serialization_listener.h:354]:DDSSubSerializationListener: embosa state is shutdown, topic: singorix/wbcs/error
[2026-09-29 16:11:28.133 thread:52683 info dds_sub_serialization_listener.h:354]:DDSSubSerializationListener: embosa state is shutdown, topic: singorix/wbcs/sensor
[2026-09-29 16:11:28.133 thread:52683 info dds_sub_serialization_listener.h:354]:DDSSubSerializationListener: embosa state is shutdown, topic: singorix/wbcs/wbc_info
[2026-09-29 16:11:28.133 thread:52683 info dds_sub_serialization_listener.h:354]:DDSSubSerializationListener: embosa state is shutdown, topic: singorix/wbcs/error
[2026-09-29 16:11:28.135 thread:52683 info dds_sub_serialization_listener.h:354]:DDSSubSerializationListener: embosa state is shutdown, topic: /odom/base_link
[2026-09-29 16:11:28.137 thread:52652 info dds_sub_serialization_listener.h:565]:DDSSubSerializationListener: embosa state is shutdown, topic: embosa_node_change_broadcast
[2026-09-29 16:11:28.137 thread:52652 info dds_node_factory.cpp:1179]:DeleteWriterUnlock: Writer and associated resources successfully removed
[2026-09-29 16:11:28.137 thread:52652 info dds_node_factory.cpp:75]:All writers cleared successfully
[2026-09-29 16:11:28.137 thread:52652 info dds_node_factory.cpp:81]:Clearing all readers from reader_map_
[2026-09-29 16:11:28.139 thread:52652 info dds_node_factory.cpp:1322]:DeleteReaderUnlock: Reader and associated resources successfully removed
[2026-09-29 16:11:28.140 thread:52652 info dds_node_factory.cpp:1322]:DeleteReaderUnlock: Reader and associated resources successfully removed
[2026-09-29 16:11:28.141 thread:52652 info dds_node_factory.cpp:1322]:DeleteReaderUnlock: Reader and associated resources successfully removed
[2026-09-29 16:11:28.141 thread:52652 info dds_node_factory.cpp:1322]:DeleteReaderUnlock: Reader and associated resources successfully removed
[2026-09-29 16:11:28.142 thread:52652 info dds_node_factory.cpp:1322]:DeleteReaderUnlock: Reader and associated resources successfully removed
[2026-09-29 16:11:28.144 thread:52683 info dds_sub_serialization_listener.h:354]:DDSSubSerializationListener: embosa state is shutdown, topic: /odom/base_link
[2026-09-29 16:11:28.144 thread:52652 info dds_node_factory.cpp:1322]:DeleteReaderUnlock: Reader and associated resources successfully removed
[2026-09-29 16:11:28.144 thread:52683 info dds_sub_serialization_listener.h:354]:DDSSubSerializationListener: embosa state is shutdown, topic: singorix/wbcs/error
[2026-09-29 16:11:28.145 thread:52652 info dds_node_factory.cpp:1322]:DeleteReaderUnlock: Reader and associated resources successfully removed
[2026-09-29 16:11:28.146 thread:52652 info dds_node_factory.cpp:1322]:DeleteReaderUnlock: Reader and associated resources successfully removed
[2026-09-29 16:11:28.148 thread:52652 info dds_node_factory.cpp:1322]:DeleteReaderUnlock: Reader and associated resources successfully removed
[2026-09-29 16:11:28.149 thread:52652 info dds_node_factory.cpp:1322]:DeleteReaderUnlock: Reader and associated resources successfully removed
[2026-09-29 16:11:28.150 thread:52652 info dds_node_factory.cpp:1322]:DeleteReaderUnlock: Reader and associated resources successfully removed
[2026-09-29 16:11:28.152 thread:52652 info dds_node_factory.cpp:1322]:DeleteReaderUnlock: Reader and associated resources successfully removed
[2026-09-29 16:11:28.152 thread:52683 info dds_sub_serialization_listener.h:354]:DDSSubSerializationListener: embosa state is shutdown, topic: singorix/wbcs/wbc_info
[2026-09-29 16:11:28.153 thread:52683 info dds_sub_serialization_listener.h:354]:DDSSubSerializationListener: embosa state is shutdown, topic: singorix/wbcs/error
[2026-09-29 16:11:28.154 thread:52652 info dds_node_factory.cpp:1322]:DeleteReaderUnlock: Reader and associated resources successfully removed
[2026-09-29 16:11:28.156 thread:52652 info dds_node_factory.cpp:1322]:DeleteReaderUnlock: Reader and associated resources successfully removed
[2026-09-29 16:11:28.157 thread:52652 info dds_node_factory.cpp:1322]:DeleteReaderUnlock: Reader and associated resources successfully removed
[2026-09-29 16:11:28.158 thread:52652 info dds_node_factory.cpp:1322]:DeleteReaderUnlock: Reader and associated resources successfully removed
[2026-09-29 16:11:28.158 thread:52652 info dds_node_factory.cpp:107]:All readers cleared successfully
[2026-09-29 16:11:28.168 thread:52652 info threadpool.cpp:99]:threadpool release
