[2026-09-29 13:42:13.101 thread:1171377 info init.cc:218]:EmbOSA runtime version: V9.1.2
[2026-09-29 13:42:13.101 thread:1171377 info init.h:15]:EmbOSA build version: V9.1.2
[2026-09-29 13:42:13.102 thread:1171377 info dds_participant.cc:138]:set participant discovery callback.
[2026-09-29 13:42:13.102 thread:1171377 info dds_participant.cc:163]:Local Interface IPs:
[2026-09-29 13:42:13.102 thread:1171377 info dds_participant.cc:165]:192.168.100.88
[2026-09-29 13:42:13.102 thread:1171377 info dds_participant.cc:168]:Peer List IPs:
[2026-09-29 13:42:13.102 thread:1171377 info dds_participant.cc:170]:192.168.100.66
[2026-09-29 13:42:13.120 thread:1171403 info topology_manager.cc:150]:discovery participant name:galbot-echo+4051_embosa_0
[2026-09-29 13:42:13.121 thread:1171403 info topology_manager.cc:150]:discovery participant name:galbot-echo+3977_embosa_0
[2026-09-29 13:42:13.122 thread:1171403 info topology_manager.cc:150]:discovery participant name:galbot-echo+4052_embosa_0
[2026-09-29 13:42:13.124 thread:1171403 info topology_manager.cc:150]:discovery participant name:galbot-echo+4407_embosa_0
[2026-09-29 13:42:13.126 thread:1171404 info topology_manager.cc:150]:discovery participant name:galbot-echo+4061_embosa_0
[2026-09-29 13:42:13.128 thread:1171404 info topology_manager.cc:150]:discovery participant name:galbot-echo+4403_embosa_0
[2026-09-29 13:42:13.130 thread:1171404 info topology_manager.cc:150]:discovery participant name:galbot-echo+5489_embosa_0
[2026-09-29 13:42:13.131 thread:1171404 info topology_manager.cc:150]:discovery participant name:galbot-echo+4406_embosa_0
[2026-09-29 13:42:13.133 thread:1171404 info topology_manager.cc:150]:discovery participant name:galbot-xcu+4003_embosa_0
[2026-09-29 13:42:13.136 thread:1171377 info dds_node_factory.cpp:344]:Successfully created DataWriter for topic: embosa_node_change_broadcast
[2026-09-29 13:42:13.136 thread:1171377 info threadpool.cpp:20]:hardware concurrency count: 12
[2026-09-29 13:42:13.137 thread:1171404 info topology_manager.cc:150]:discovery participant name:galbot-xcu+3649_embosa_0
[2026-09-29 13:42:13.137 thread:1171377 info dds_node_factory.cpp:420]:Topic already exists: embosa_node_change_broadcast
[2026-09-29 13:42:13.140 thread:1171377 info dds_pub_listener.cc:19]:DDSPubListener matched. topic: embosa_node_change_broadcast, total match count: 1, current match count: 1
[2026-09-29 13:42:13.140 thread:1171377 info dds_sub_serialization_listener.h:573]:DDSSubSerializationListener matched. topic: embosa_node_change_broadcast, total match count: 1, current match count: 1
[2026-09-29 13:42:13.141 thread:1171377 info dds_node_factory.cpp:526]:Successfully created DataReader for topic: embosa_node_change_broadcast
[2026-09-29 13:42:13.142 thread:1171403 info dds_pub_listener.cc:19]:DDSPubListener matched. topic: embosa_node_change_broadcast, total match count: 2, current match count: 2
[2026-09-29 13:42:13.142 thread:1171403 info topology_manager.cc:150]:discovery participant name:galbot-echo+4397_embosa_0
[2026-09-29 13:42:13.146 thread:1171403 info dds_sub_serialization_listener.h:573]:DDSSubSerializationListener matched. topic: embosa_node_change_broadcast, total match count: 2, current match count: 2
[2026-09-29 13:42:13.146 thread:1171403 info topology_manager.cc:150]:discovery participant name:galbot-echo+4404_embosa_0
[2026-09-29 13:42:13.148 thread:1171403 info topology_manager.cc:150]:discovery participant name:galbot-echo+4401_embosa_0
[2026-09-29 13:42:13.150 thread:1171403 info topology_manager.cc:150]:discovery participant name:galbot-echo+4398_embosa_0
[2026-09-29 13:42:13.154 thread:1171377 info dds_pub_listener.cc:19]:DDSPubListener matched. topic: embosa_channel_change_broadcast, total match count: 1, current match count: 1
[2026-09-29 13:42:13.155 thread:1171377 info dds_node_factory.cpp:344]:Successfully created DataWriter for topic: embosa_channel_change_broadcast
[2026-09-29 13:42:13.155 thread:1171377 info dds_node_factory.cpp:420]:Topic already exists: embosa_channel_change_broadcast
[2026-09-29 13:42:13.156 thread:1171377 info dds_pub_listener.cc:19]:DDSPubListener matched. topic: embosa_channel_change_broadcast, total match count: 2, current match count: 2
[2026-09-29 13:42:13.156 thread:1171377 info dds_sub_serialization_listener.h:573]:DDSSubSerializationListener matched. topic: embosa_channel_change_broadcast, total match count: 1, current match count: 1
[2026-09-29 13:42:13.156 thread:1171377 info dds_sub_serialization_listener.h:573]:DDSSubSerializationListener matched. topic: embosa_channel_change_broadcast, total match count: 2, current match count: 2
[2026-09-29 13:42:13.157 thread:1171377 info dds_node_factory.cpp:526]:Successfully created DataReader for topic: embosa_channel_change_broadcast
[2026-09-29 13:42:13.157 thread:1171403 info topology_manager.cc:150]:discovery participant name:galbot-echo+4400_embosa_0
[2026-09-29 13:42:13.161 thread:1171377 info dds_pub_listener.cc:19]:DDSPubListener matched. topic: embosa_service_change_broadcast, total match count: 1, current match count: 1
[2026-09-29 13:42:13.162 thread:1171403 info topology_manager.cc:150]:discovery participant name:galbot-echo+4399_embosa_0
[2026-09-29 13:42:13.162 thread:1171377 info dds_node_factory.cpp:344]:Successfully created DataWriter for topic: embosa_service_change_broadcast
[2026-09-29 13:42:13.162 thread:1171377 info dds_node_factory.cpp:420]:Topic already exists: embosa_service_change_broadcast
[2026-09-29 13:42:13.165 thread:1171403 info topology_manager.cc:150]:discovery participant name:galbot-echo+4410_embosa_0
[2026-09-29 13:42:13.167 thread:1171377 info dds_pub_listener.cc:19]:DDSPubListener matched. topic: embosa_service_change_broadcast, total match count: 2, current match count: 2
[2026-09-29 13:42:13.167 thread:1171377 info dds_sub_serialization_listener.h:573]:DDSSubSerializationListener matched. topic: embosa_service_change_broadcast, total match count: 1, current match count: 1
[2026-09-29 13:42:13.167 thread:1171377 info dds_sub_serialization_listener.h:573]:DDSSubSerializationListener matched. topic: embosa_service_change_broadcast, total match count: 2, current match count: 2
[2026-09-29 13:42:13.173 thread:1171403 info topology_manager.cc:150]:discovery participant name:galbot-echo+4408_embosa_0
[2026-09-29 13:42:13.174 thread:1171377 info dds_node_factory.cpp:526]:Successfully created DataReader for topic: embosa_service_change_broadcast
[2026-09-29 13:42:13.176 thread:1171404 info topology_manager.cc:150]:discovery participant name:galbot-xcu+3650_embosa_0
[2026-09-29 13:42:13.179 thread:1171377 info dds_participant.cc:99]:transport no support. Use default transport: DEFAULT_UDP_SHM_TRANSPORT.
[2026-09-29 13:42:13.179 thread:1171403 info dds_pub_listener.cc:19]:DDSPubListener matched. topic: embosa_node_change_broadcast, total match count: 3, current match count: 3
[2026-09-29 13:42:13.179 thread:1171403 info dds_pub_listener.cc:19]:DDSPubListener matched. topic: embosa_channel_change_broadcast, total match count: 3, current match count: 3
[2026-09-29 13:42:13.179 thread:1171403 info topology_manager.cc:150]:discovery participant name:galbot-echo+4409_embosa_0
[2026-09-29 13:42:13.192 thread:1171404 info topology_manager.cc:150]:discovery participant name:galbot-xcu+3651_embosa_0
[2026-09-29 13:42:13.195 thread:1171404 info topology_manager.cc:150]:discovery participant name:galbot-xcu+3648_embosa_0
[2026-09-29 13:42:13.197 thread:1171404 info topology_manager.cc:150]:discovery participant name:galbot-xcu+3653_embosa_0
[2026-09-29 13:42:13.204 thread:1171404 info topology_manager.cc:150]:discovery participant name:galbot-xcu+3655_embosa_0
[2026-09-29 13:42:13.206 thread:1171404 info topology_manager.cc:150]:discovery participant name:galbot-xcu+3945_embosa_0
[2026-09-29 13:42:13.211 thread:1171377 info dds_node_factory.cpp:526]:Successfully created DataReader for topic: /front_head_camera/left_color/image_raw
[2026-09-29 13:42:13.215 thread:1171404 info topology_manager.cc:150]:discovery participant name:galbot-echo+4402_embosa_0
[2026-09-29 13:42:13.218 thread:1171377 info dds_node_factory.cpp:526]:Successfully created DataReader for topic: /front_head_camera/left_color/camera_info
[2026-09-29 13:42:13.219 thread:1171403 info dds_sub_serialization_listener.h:573]:DDSSubSerializationListener matched. topic: embosa_node_change_broadcast, total match count: 3, current match count: 3
[2026-09-29 13:42:13.219 thread:1171403 info dds_sub_serialization_listener.h:573]:DDSSubSerializationListener matched. topic: embosa_node_change_broadcast, total match count: 4, current match count: 4
[2026-09-29 13:42:13.219 thread:1171403 info dds_sub_serialization_listener.h:573]:DDSSubSerializationListener matched. topic: embosa_node_change_broadcast, total match count: 5, current match count: 5
[2026-09-29 13:42:13.219 thread:1171403 info dds_sub_serialization_listener.h:573]:DDSSubSerializationListener matched. topic: embosa_channel_change_broadcast, total match count: 3, current match count: 3
[2026-09-29 13:42:13.220 thread:1171377 info dds_participant.cc:99]:transport no support. Use default transport: DEFAULT_UDP_SHM_TRANSPORT.
[2026-09-29 13:42:13.220 thread:1171403 info dds_sub_serialization_listener.h:573]:DDSSubSerializationListener matched. topic: embosa_service_change_broadcast, total match count: 3, current match count: 3
[2026-09-29 13:42:13.220 thread:1171403 info dds_sub_serialization_listener.h:573]:DDSSubSerializationListener matched. topic: embosa_channel_change_broadcast, total match count: 4, current match count: 4
[2026-09-29 13:42:13.220 thread:1171403 info dds_pub_listener.cc:19]:DDSPubListener matched. topic: embosa_node_change_broadcast, total match count: 4, current match count: 4
[2026-09-29 13:42:13.228 thread:1171404 info dds_pub_listener.cc:19]:DDSPubListener matched. topic: embosa_service_change_broadcast, total match count: 3, current match count: 3
[2026-09-29 13:42:13.229 thread:1171403 info dds_pub_listener.cc:19]:DDSPubListener matched. topic: embosa_channel_change_broadcast, total match count: 4, current match count: 4
[2026-09-29 13:42:13.230 thread:1171403 info dds_sub_serialization_listener.h:573]:DDSSubSerializationListener matched. topic: embosa_service_change_broadcast, total match count: 4, current match count: 4
[2026-09-29 13:42:13.230 thread:1171403 info dds_pub_listener.cc:19]:DDSPubListener matched. topic: embosa_node_change_broadcast, total match count: 5, current match count: 5
[2026-09-29 13:42:13.230 thread:1171403 info dds_pub_listener.cc:19]:DDSPubListener matched. topic: embosa_channel_change_broadcast, total match count: 5, current match count: 5
[2026-09-29 13:42:13.230 thread:1171403 info dds_pub_listener.cc:19]:DDSPubListener matched. topic: embosa_service_change_broadcast, total match count: 4, current match count: 4
[2026-09-29 13:42:13.230 thread:1171403 info dds_pub_listener.cc:19]:DDSPubListener matched. topic: embosa_node_change_broadcast, total match count: 6, current match count: 6
[2026-09-29 13:42:13.230 thread:1171403 info dds_pub_listener.cc:19]:DDSPubListener matched. topic: embosa_channel_change_broadcast, total match count: 6, current match count: 6
[2026-09-29 13:42:13.231 thread:1171403 info dds_pub_listener.cc:19]:DDSPubListener matched. topic: embosa_service_change_broadcast, total match count: 5, current match count: 5
[2026-09-29 13:42:13.231 thread:1171403 info dds_sub_serialization_listener.h:573]:DDSSubSerializationListener matched. topic: embosa_node_change_broadcast, total match count: 6, current match count: 6
[2026-09-29 13:42:13.232 thread:1171404 info dds_sub_serialization_listener.h:573]:DDSSubSerializationListener matched. topic: embosa_node_change_broadcast, total match count: 7, current match count: 7
[2026-09-29 13:42:13.232 thread:1171404 info dds_sub_serialization_listener.h:573]:DDSSubSerializationListener matched. topic: embosa_channel_change_broadcast, total match count: 5, current match count: 5
[2026-09-29 13:42:13.238 thread:1171377 info dds_node_factory.cpp:526]:Successfully created DataReader for topic: /front_head_camera/right_color/image_raw
[2026-09-29 13:42:13.240 thread:1171403 info dds_sub_serialization_listener.h:573]:DDSSubSerializationListener matched. topic: embosa_node_change_broadcast, total match count: 8, current match count: 8
[2026-09-29 13:42:13.240 thread:1171403 info dds_sub_serialization_listener.h:573]:DDSSubSerializationListener matched. topic: embosa_channel_change_broadcast, total match count: 6, current match count: 6
[2026-09-29 13:42:13.240 thread:1171403 info dds_sub_serialization_listener.h:573]:DDSSubSerializationListener matched. topic: embosa_service_change_broadcast, total match count: 5, current match count: 5
[2026-09-29 13:42:13.240 thread:1171403 info dds_sub_serialization_listener.h:573]:DDSSubSerializationListener matched. topic: embosa_node_change_broadcast, total match count: 9, current match count: 9
[2026-09-29 13:42:13.240 thread:1171403 info dds_sub_serialization_listener.h:573]:DDSSubSerializationListener matched. topic: embosa_channel_change_broadcast, total match count: 7, current match count: 7
[2026-09-29 13:42:13.240 thread:1171403 info dds_sub_serialization_listener.h:573]:DDSSubSerializationListener matched. topic: embosa_service_change_broadcast, total match count: 6, current match count: 6
[2026-09-29 13:42:13.241 thread:1171403 info dds_pub_listener.cc:19]:DDSPubListener matched. topic: embosa_node_change_broadcast, total match count: 7, current match count: 7
[2026-09-29 13:42:13.243 thread:1171403 info dds_pub_listener.cc:19]:DDSPubListener matched. topic: embosa_channel_change_broadcast, total match count: 7, current match count: 7
[2026-09-29 13:42:13.244 thread:1171403 info dds_pub_listener.cc:19]:DDSPubListener matched. topic: embosa_service_change_broadcast, total match count: 6, current match count: 6
[2026-09-29 13:42:13.245 thread:1171403 info dds_sub_serialization_listener.h:573]:DDSSubSerializationListener matched. topic: embosa_node_change_broadcast, total match count: 10, current match count: 10
[2026-09-29 13:42:13.245 thread:1171403 info dds_sub_serialization_listener.h:573]:DDSSubSerializationListener matched. topic: embosa_channel_change_broadcast, total match count: 8, current match count: 8
[2026-09-29 13:42:13.245 thread:1171403 info dds_sub_serialization_listener.h:573]:DDSSubSerializationListener matched. topic: embosa_service_change_broadcast, total match count: 7, current match count: 7
[2026-09-29 13:42:13.245 thread:1171403 info dds_pub_listener.cc:19]:DDSPubListener matched. topic: embosa_node_change_broadcast, total match count: 8, current match count: 8
[2026-09-29 13:42:13.246 thread:1171403 info dds_pub_listener.cc:19]:DDSPubListener matched. topic: embosa_channel_change_broadcast, total match count: 8, current match count: 8
[2026-09-29 13:42:13.246 thread:1171403 info dds_pub_listener.cc:19]:DDSPubListener matched. topic: embosa_service_change_broadcast, total match count: 7, current match count: 7
[2026-09-29 13:42:13.247 thread:1171403 info dds_sub_serialization_listener.h:573]:DDSSubSerializationListener matched. topic: embosa_node_change_broadcast, total match count: 11, current match count: 11
[2026-09-29 13:42:13.247 thread:1171403 info dds_sub_serialization_listener.h:573]:DDSSubSerializationListener matched. topic: embosa_node_change_broadcast, total match count: 12, current match count: 12
[2026-09-29 13:42:13.248 thread:1171403 info dds_sub_serialization_listener.h:573]:DDSSubSerializationListener matched. topic: embosa_channel_change_broadcast, total match count: 9, current match count: 9
[2026-09-29 13:42:13.248 thread:1171403 info dds_sub_serialization_listener.h:573]:DDSSubSerializationListener matched. topic: embosa_service_change_broadcast, total match count: 8, current match count: 8
[2026-09-29 13:42:13.248 thread:1171403 info dds_sub_serialization_listener.h:573]:DDSSubSerializationListener matched. topic: embosa_channel_change_broadcast, total match count: 10, current match count: 10
[2026-09-29 13:42:13.248 thread:1171403 info dds_sub_serialization_listener.h:573]:DDSSubSerializationListener matched. topic: embosa_service_change_broadcast, total match count: 9, current match count: 9
[2026-09-29 13:42:13.249 thread:1171400 error HISTORY_DATASHARING_PAYLOADPOOL:102]:DDS Failed to open segment fast_datasharing_01.0f.00.a4.31.11.6c.3b.00.00.00.00_0.0.f.3: No such file or directory
[2026-09-29 13:42:13.249 thread:1171400 error RTPS_READER:300]:DDS Failed to add Writer Proxy 01.0f.00.a4.31.11.6c.3b.00.00.00.00|0.0.f.3 to 0.0.7.4 with data sharing.
[2026-09-29 13:42:13.249 thread:1171403 info dds_pub_listener.cc:19]:DDSPubListener matched. topic: embosa_node_change_broadcast, total match count: 9, current match count: 9
[2026-09-29 13:42:13.250 thread:1171400 error HISTORY_DATASHARING_PAYLOADPOOL:102]:DDS Failed to open segment fast_datasharing_01.0f.00.a4.31.11.6c.3b.00.00.00.00_0.0.10.3: No such file or directory
[2026-09-29 13:42:13.250 thread:1171400 error RTPS_READER:300]:DDS Failed to add Writer Proxy 01.0f.00.a4.31.11.6c.3b.00.00.00.00|0.0.10.3 to 0.0.9.4 with data sharing.
[2026-09-29 13:42:13.250 thread:1171403 info dds_pub_listener.cc:19]:DDSPubListener matched. topic: embosa_node_change_broadcast, total match count: 10, current match count: 10
[2026-09-29 13:42:13.251 thread:1171403 info dds_pub_listener.cc:19]:DDSPubListener matched. topic: embosa_channel_change_broadcast, total match count: 9, current match count: 9
[2026-09-29 13:42:13.251 thread:1171404 info dds_sub_serialization_listener.h:573]:DDSSubSerializationListener matched. topic: embosa_service_change_broadcast, total match count: 10, current match count: 10
[2026-09-29 13:42:13.251 thread:1171404 info topology_manager.cc:150]:discovery participant name:galbot-xcu+3595_embosa_0
[2026-09-29 13:42:13.256 thread:1171377 info dds_node_factory.cpp:526]:Successfully created DataReader for topic: /front_head_camera/right_color/camera_info
[2026-09-29 13:42:13.267 thread:1171377 info dds_participant.cc:99]:transport no support. Use default transport: DEFAULT_UDP_SHM_TRANSPORT.
[2026-09-29 13:42:13.268 thread:1171403 info dds_pub_listener.cc:19]:DDSPubListener matched. topic: embosa_service_change_broadcast, total match count: 8, current match count: 8
[2026-09-29 13:42:13.280 thread:1171400 error HISTORY_DATASHARING_PAYLOADPOOL:102]:DDS Failed to open segment fast_datasharing_01.0f.00.a4.31.11.6c.3b.00.00.00.00_0.0.13.3: No such file or directory
[2026-09-29 13:42:13.280 thread:1171400 error RTPS_READER:157]:DDS Failed to add Writer Proxy 01.0f.00.a4.31.11.6c.3b.00.00.00.00|0.0.13.3 to 0.0.8.4 with data sharing.
[2026-09-29 13:42:13.282 thread:1171404 info dds_sub_serialization_listener.h:573]:DDSSubSerializationListener matched. topic: embosa_channel_change_broadcast, total match count: 11, current match count: 11
[2026-09-29 13:42:13.282 thread:1171400 error HISTORY_DATASHARING_PAYLOADPOOL:102]:DDS Failed to open segment fast_datasharing_01.0f.00.a4.31.11.6c.3b.00.00.00.00_0.0.14.3: No such file or directory
[2026-09-29 13:42:13.282 thread:1171400 error RTPS_READER:157]:DDS Failed to add Writer Proxy 01.0f.00.a4.31.11.6c.3b.00.00.00.00|0.0.14.3 to 0.0.a.4 with data sharing.
[2026-09-29 13:42:13.287 thread:1171403 info dds_pub_listener.cc:19]:DDSPubListener matched. topic: embosa_node_change_broadcast, total match count: 11, current match count: 11
[2026-09-29 13:42:13.287 thread:1171404 info dds_sub_serialization_listener.h:573]:DDSSubSerializationListener matched. topic: embosa_service_change_broadcast, total match count: 11, current match count: 11
[2026-09-29 13:42:13.291 thread:1171400 error HISTORY_DATASHARING_PAYLOADPOOL:102]:DDS Failed to open segment fast_datasharing_01.0f.00.a4.3a.11.f7.c7.00.00.00.00_0.0.c.3: No such file or directory
[2026-09-29 13:42:13.292 thread:1171400 error RTPS_READER:300]:DDS Failed to add Writer Proxy 01.0f.00.a4.3a.11.f7.c7.00.00.00.00|0.0.c.3 to 0.0.b.4 with data sharing.
[2026-09-29 13:42:13.294 thread:1171377 info dds_node_factory.cpp:526]:Successfully created DataReader for topic: /left_arm_camera/color/image_raw
[2026-09-29 13:42:13.296 thread:1171404 info dds_pub_listener.cc:19]:DDSPubListener matched. topic: embosa_node_change_broadcast, total match count: 12, current match count: 12
[2026-09-29 13:42:13.296 thread:1171403 info dds_pub_listener.cc:19]:DDSPubListener matched. topic: embosa_channel_change_broadcast, total match count: 10, current match count: 10
[2026-09-29 13:42:13.296 thread:1171403 info dds_pub_listener.cc:19]:DDSPubListener matched. topic: embosa_service_change_broadcast, total match count: 9, current match count: 9
[2026-09-29 13:42:13.296 thread:1171403 info dds_pub_listener.cc:19]:DDSPubListener matched. topic: embosa_service_change_broadcast, total match count: 10, current match count: 10
[2026-09-29 13:42:13.298 thread:1171403 info dds_sub_serialization_listener.h:573]:DDSSubSerializationListener matched. topic: embosa_node_change_broadcast, total match count: 13, current match count: 13
[2026-09-29 13:42:13.298 thread:1171404 info dds_pub_listener.cc:19]:DDSPubListener matched. topic: embosa_channel_change_broadcast, total match count: 11, current match count: 11
[2026-09-29 13:42:13.298 thread:1171404 info dds_pub_listener.cc:19]:DDSPubListener matched. topic: embosa_service_change_broadcast, total match count: 11, current match count: 11
[2026-09-29 13:42:13.298 thread:1171404 info topology_manager.cc:150]:discovery participant name:galbot-xcu+3652_embosa_0
[2026-09-29 13:42:13.301 thread:1171400 error HISTORY_DATASHARING_PAYLOADPOOL:102]:DDS Failed to open segment fast_datasharing_01.0f.00.a4.3a.11.f7.c7.00.00.00.00_0.0.10.3: No such file or directory
[2026-09-29 13:42:13.301 thread:1171400 error RTPS_READER:157]:DDS Failed to add Writer Proxy 01.0f.00.a4.3a.11.f7.c7.00.00.00.00|0.0.10.3 to 0.0.c.4 with data sharing.
[2026-09-29 13:42:13.301 thread:1171403 info dds_pub_listener.cc:19]:DDSPubListener matched. topic: embosa_node_change_broadcast, total match count: 13, current match count: 13
[2026-09-29 13:42:13.301 thread:1171403 info dds_pub_listener.cc:19]:DDSPubListener matched. topic: embosa_channel_change_broadcast, total match count: 12, current match count: 12
[2026-09-29 13:42:13.302 thread:1171403 info dds_pub_listener.cc:19]:DDSPubListener matched. topic: embosa_channel_change_broadcast, total match count: 13, current match count: 13
[2026-09-29 13:42:13.302 thread:1171403 info dds_sub_serialization_listener.h:573]:DDSSubSerializationListener matched. topic: embosa_node_change_broadcast, total match count: 14, current match count: 14
[2026-09-29 13:42:13.302 thread:1171403 info dds_sub_serialization_listener.h:573]:DDSSubSerializationListener matched. topic: embosa_channel_change_broadcast, total match count: 12, current match count: 12
[2026-09-29 13:42:13.303 thread:1171403 info dds_sub_serialization_listener.h:573]:DDSSubSerializationListener matched. topic: embosa_service_change_broadcast, total match count: 12, current match count: 12
[2026-09-29 13:42:13.303 thread:1171377 info dds_node_factory.cpp:526]:Successfully created DataReader for topic: /left_arm_camera/color/camera_info
[2026-09-29 13:42:13.303 thread:1171377 info dds_participant.cc:99]:transport no support. Use default transport: DEFAULT_UDP_SHM_TRANSPORT.
[2026-09-29 13:42:13.315 thread:1171403 info dds_sub_serialization_listener.h:573]:DDSSubSerializationListener matched. topic: embosa_node_change_broadcast, total match count: 15, current match count: 15
[2026-09-29 13:42:13.315 thread:1171403 info dds_sub_serialization_listener.h:573]:DDSSubSerializationListener matched. topic: embosa_channel_change_broadcast, total match count: 13, current match count: 13
[2026-09-29 13:42:13.315 thread:1171403 info dds_sub_serialization_listener.h:573]:DDSSubSerializationListener matched. topic: embosa_service_change_broadcast, total match count: 13, current match count: 13
[2026-09-29 13:42:13.315 thread:1171403 info dds_pub_listener.cc:19]:DDSPubListener matched. topic: embosa_node_change_broadcast, total match count: 14, current match count: 14
[2026-09-29 13:42:13.315 thread:1171403 info dds_pub_listener.cc:19]:DDSPubListener matched. topic: embosa_channel_change_broadcast, total match count: 14, current match count: 14
[2026-09-29 13:42:13.315 thread:1171403 info dds_pub_listener.cc:19]:DDSPubListener matched. topic: embosa_service_change_broadcast, total match count: 12, current match count: 12
[2026-09-29 13:42:13.332 thread:1171403 info dds_pub_listener.cc:19]:DDSPubListener matched. topic: embosa_service_change_broadcast, total match count: 13, current match count: 13
[2026-09-29 13:42:13.336 thread:1171404 info dds_sub_serialization_listener.h:573]:DDSSubSerializationListener matched. topic: embosa_node_change_broadcast, total match count: 16, current match count: 16
[2026-09-29 13:42:13.336 thread:1171404 info dds_sub_serialization_listener.h:573]:DDSSubSerializationListener matched. topic: embosa_channel_change_broadcast, total match count: 14, current match count: 14
[2026-09-29 13:42:13.337 thread:1171404 info dds_sub_serialization_listener.h:573]:DDSSubSerializationListener matched. topic: embosa_service_change_broadcast, total match count: 14, current match count: 14
[2026-09-29 13:42:13.337 thread:1171404 info dds_pub_listener.cc:19]:DDSPubListener matched. topic: embosa_node_change_broadcast, total match count: 15, current match count: 15
[2026-09-29 13:42:13.337 thread:1171404 info dds_pub_listener.cc:19]:DDSPubListener matched. topic: embosa_channel_change_broadcast, total match count: 15, current match count: 15
[2026-09-29 13:42:13.337 thread:1171404 info dds_pub_listener.cc:19]:DDSPubListener matched. topic: embosa_service_change_broadcast, total match count: 14, current match count: 14
[2026-09-29 13:42:13.338 thread:1171403 info dds_pub_listener.cc:19]:DDSPubListener matched. topic: embosa_service_change_broadcast, total match count: 15, current match count: 15
[2026-09-29 13:42:13.340 thread:1171400 error HISTORY_DATASHARING_PAYLOADPOOL:102]:DDS Failed to open segment fast_datasharing_01.0f.00.a4.3a.11.f7.c7.00.00.00.00_0.0.d.3: No such file or directory
[2026-09-29 13:42:13.340 thread:1171400 error RTPS_READER:300]:DDS Failed to add Writer Proxy 01.0f.00.a4.3a.11.f7.c7.00.00.00.00|0.0.d.3 to 0.0.d.4 with data sharing.
[2026-09-29 13:42:13.341 thread:1171377 info dds_node_factory.cpp:526]:Successfully created DataReader for topic: /left_arm_camera/depth/image_raw
[2026-09-29 13:42:13.350 thread:1171403 info dds_sub_serialization_listener.h:573]:DDSSubSerializationListener matched. topic: embosa_node_change_broadcast, total match count: 17, current match count: 17
[2026-09-29 13:42:13.350 thread:1171403 info dds_sub_serialization_listener.h:573]:DDSSubSerializationListener matched. topic: embosa_channel_change_broadcast, total match count: 15, current match count: 15
[2026-09-29 13:42:13.353 thread:1171404 info dds_pub_listener.cc:19]:DDSPubListener matched. topic: embosa_node_change_broadcast, total match count: 16, current match count: 16
[2026-09-29 13:42:13.353 thread:1171403 info dds_pub_listener.cc:19]:DDSPubListener matched. topic: embosa_channel_change_broadcast, total match count: 16, current match count: 16
[2026-09-29 13:42:13.354 thread:1171404 info dds_pub_listener.cc:19]:DDSPubListener matched. topic: embosa_service_change_broadcast, total match count: 16, current match count: 16
[2026-09-29 13:42:13.355 thread:1171404 info dds_sub_serialization_listener.h:573]:DDSSubSerializationListener matched. topic: embosa_service_change_broadcast, total match count: 15, current match count: 15
[2026-09-29 13:42:13.357 thread:1171403 info dds_sub_serialization_listener.h:573]:DDSSubSerializationListener matched. topic: embosa_node_change_broadcast, total match count: 18, current match count: 18
[2026-09-29 13:42:13.358 thread:1171403 info dds_sub_serialization_listener.h:573]:DDSSubSerializationListener matched. topic: embosa_channel_change_broadcast, total match count: 16, current match count: 16
[2026-09-29 13:42:13.359 thread:1171403 info dds_sub_serialization_listener.h:573]:DDSSubSerializationListener matched. topic: embosa_service_change_broadcast, total match count: 16, current match count: 16
[2026-09-29 13:42:13.369 thread:1171400 error HISTORY_DATASHARING_PAYLOADPOOL:102]:DDS Failed to open segment fast_datasharing_01.0f.00.a4.3a.11.f7.c7.00.00.00.00_0.0.11.3: No such file or directory
[2026-09-29 13:42:13.369 thread:1171400 error RTPS_READER:157]:DDS Failed to add Writer Proxy 01.0f.00.a4.3a.11.f7.c7.00.00.00.00|0.0.11.3 to 0.0.e.4 with data sharing.
[2026-09-29 13:42:13.370 thread:1171377 info dds_node_factory.cpp:526]:Successfully created DataReader for topic: /left_arm_camera/depth/camera_info
[2026-09-29 13:42:13.378 thread:1171377 info dds_participant.cc:99]:transport no support. Use default transport: DEFAULT_UDP_SHM_TRANSPORT.
[2026-09-29 13:42:13.385 thread:1171404 info dds_sub_serialization_listener.h:573]:DDSSubSerializationListener matched. topic: embosa_node_change_broadcast, total match count: 19, current match count: 19
[2026-09-29 13:42:13.389 thread:1171404 info dds_sub_serialization_listener.h:573]:DDSSubSerializationListener matched. topic: embosa_channel_change_broadcast, total match count: 17, current match count: 17
[2026-09-29 13:42:13.389 thread:1171404 info dds_sub_serialization_listener.h:573]:DDSSubSerializationListener matched. topic: embosa_service_change_broadcast, total match count: 17, current match count: 17
[2026-09-29 13:42:13.391 thread:1171404 info dds_pub_listener.cc:19]:DDSPubListener matched. topic: embosa_node_change_broadcast, total match count: 17, current match count: 17
[2026-09-29 13:42:13.391 thread:1171404 info dds_pub_listener.cc:19]:DDSPubListener matched. topic: embosa_channel_change_broadcast, total match count: 17, current match count: 17
[2026-09-29 13:42:13.405 thread:1171403 info dds_pub_listener.cc:19]:DDSPubListener matched. topic: embosa_service_change_broadcast, total match count: 17, current match count: 17
[2026-09-29 13:42:13.408 thread:1171404 info dds_pub_listener.cc:19]:DDSPubListener matched. topic: embosa_node_change_broadcast, total match count: 18, current match count: 18
[2026-09-29 13:42:13.408 thread:1171404 info dds_pub_listener.cc:19]:DDSPubListener matched. topic: embosa_channel_change_broadcast, total match count: 18, current match count: 18
[2026-09-29 13:42:13.409 thread:1171404 info dds_pub_listener.cc:19]:DDSPubListener matched. topic: embosa_service_change_broadcast, total match count: 18, current match count: 18
[2026-09-29 13:42:13.415 thread:1171377 info dds_node_factory.cpp:526]:Successfully created DataReader for topic: /right_arm_camera/color/image_raw
[2026-09-29 13:42:13.415 thread:1171400 error HISTORY_DATASHARING_PAYLOADPOOL:102]:DDS Failed to open segment fast_datasharing_01.0f.00.a4.37.11.25.a3.00.00.00.00_0.0.c.3: No such file or directory
[2026-09-29 13:42:13.415 thread:1171400 error RTPS_READER:300]:DDS Failed to add Writer Proxy 01.0f.00.a4.37.11.25.a3.00.00.00.00|0.0.c.3 to 0.0.f.4 with data sharing.
[2026-09-29 13:42:13.421 thread:1171404 info dds_pub_listener.cc:19]:DDSPubListener matched. topic: embosa_node_change_broadcast, total match count: 19, current match count: 19
[2026-09-29 13:42:13.422 thread:1171404 info dds_pub_listener.cc:19]:DDSPubListener matched. topic: embosa_node_change_broadcast, total match count: 20, current match count: 20
[2026-09-29 13:42:13.422 thread:1171404 info dds_pub_listener.cc:19]:DDSPubListener matched. topic: embosa_channel_change_broadcast, total match count: 19, current match count: 19
[2026-09-29 13:42:13.422 thread:1171404 info dds_pub_listener.cc:19]:DDSPubListener matched. topic: embosa_service_change_broadcast, total match count: 19, current match count: 19
[2026-09-29 13:42:13.422 thread:1171404 info dds_sub_serialization_listener.h:573]:DDSSubSerializationListener matched. topic: embosa_node_change_broadcast, total match count: 20, current match count: 20
[2026-09-29 13:42:13.422 thread:1171404 info dds_sub_serialization_listener.h:573]:DDSSubSerializationListener matched. topic: embosa_channel_change_broadcast, total match count: 18, current match count: 18
[2026-09-29 13:42:13.422 thread:1171404 info dds_sub_serialization_listener.h:573]:DDSSubSerializationListener matched. topic: embosa_service_change_broadcast, total match count: 18, current match count: 18
[2026-09-29 13:42:13.422 thread:1171404 info dds_pub_listener.cc:19]:DDSPubListener matched. topic: embosa_node_change_broadcast, total match count: 21, current match count: 21
[2026-09-29 13:42:13.423 thread:1171404 info dds_pub_listener.cc:19]:DDSPubListener matched. topic: embosa_channel_change_broadcast, total match count: 20, current match count: 20
[2026-09-29 13:42:13.423 thread:1171404 info dds_pub_listener.cc:19]:DDSPubListener matched. topic: embosa_service_change_broadcast, total match count: 20, current match count: 20
[2026-09-29 13:42:13.430 thread:1171404 info dds_pub_listener.cc:19]:DDSPubListener matched. topic: embosa_channel_change_broadcast, total match count: 21, current match count: 21
[2026-09-29 13:42:13.432 thread:1171404 info dds_pub_listener.cc:19]:DDSPubListener matched. topic: embosa_service_change_broadcast, total match count: 21, current match count: 21
[2026-09-29 13:42:13.433 thread:1171404 info dds_sub_serialization_listener.h:573]:DDSSubSerializationListener matched. topic: embosa_node_change_broadcast, total match count: 21, current match count: 21
[2026-09-29 13:42:13.433 thread:1171404 info dds_sub_serialization_listener.h:573]:DDSSubSerializationListener matched. topic: embosa_channel_change_broadcast, total match count: 19, current match count: 19
[2026-09-29 13:42:13.433 thread:1171404 info dds_sub_serialization_listener.h:573]:DDSSubSerializationListener matched. topic: embosa_service_change_broadcast, total match count: 19, current match count: 19
[2026-09-29 13:42:13.435 thread:1171400 error HISTORY_DATASHARING_PAYLOADPOOL:102]:DDS Failed to open segment fast_datasharing_01.0f.00.a4.37.11.25.a3.00.00.00.00_0.0.10.3: No such file or directory
[2026-09-29 13:42:13.434 thread:1171377 info dds_node_factory.cpp:526]:Successfully created DataReader for topic: /right_arm_camera/color/camera_info
[2026-09-29 13:42:13.435 thread:1171400 error RTPS_READER:157]:DDS Failed to add Writer Proxy 01.0f.00.a4.37.11.25.a3.00.00.00.00|0.0.10.3 to 0.0.10.4 with data sharing.
[2026-09-29 13:42:13.438 thread:1171377 info dds_participant.cc:99]:transport no support. Use default transport: DEFAULT_UDP_SHM_TRANSPORT.
[2026-09-29 13:42:13.469 thread:1171377 info dds_node_factory.cpp:526]:Successfully created DataReader for topic: /right_arm_camera/depth/image_raw
[2026-09-29 13:42:13.470 thread:1171400 error HISTORY_DATASHARING_PAYLOADPOOL:102]:DDS Failed to open segment fast_datasharing_01.0f.00.a4.37.11.25.a3.00.00.00.00_0.0.d.3: No such file or directory
[2026-09-29 13:42:13.470 thread:1171400 error RTPS_READER:300]:DDS Failed to add Writer Proxy 01.0f.00.a4.37.11.25.a3.00.00.00.00|0.0.d.3 to 0.0.11.4 with data sharing.
[2026-09-29 13:42:13.473 thread:1171400 error HISTORY_DATASHARING_PAYLOADPOOL:102]:DDS Failed to open segment fast_datasharing_01.0f.00.a4.37.11.25.a3.00.00.00.00_0.0.11.3: No such file or directory
[2026-09-29 13:42:13.473 thread:1171400 error RTPS_READER:157]:DDS Failed to add Writer Proxy 01.0f.00.a4.37.11.25.a3.00.00.00.00|0.0.11.3 to 0.0.12.4 with data sharing.
[2026-09-29 13:42:13.475 thread:1171377 info dds_node_factory.cpp:526]:Successfully created DataReader for topic: /right_arm_camera/depth/camera_info
[2026-09-29 13:42:13.476 thread:1171377 info dds_participant.cc:99]:transport no support. Use default transport: DEFAULT_UDP_SHM_TRANSPORT.
[2026-09-29 13:42:13.508 thread:1171400 error HISTORY_DATASHARING_PAYLOADPOOL:102]:DDS Failed to open segment fast_datasharing_01.0f.00.a4.2d.11.63.43.00.00.00.00_0.0.a.3: No such file or directory
[2026-09-29 13:42:13.508 thread:1171400 error RTPS_READER:300]:DDS Failed to add Writer Proxy 01.0f.00.a4.2d.11.63.43.00.00.00.00|0.0.a.3 to 0.0.13.4 with data sharing.
[2026-09-29 13:42:13.509 thread:1171377 info dds_node_factory.cpp:526]:Successfully created DataReader for topic: /left_front_surround/color/image_raw
[2026-09-29 13:42:13.510 thread:1171404 info dds_sub_serialization_listener.h:573]:DDSSubSerializationListener matched. topic: embosa_node_change_broadcast, total match count: 22, current match count: 22
[2026-09-29 13:42:13.510 thread:1171404 info dds_sub_serialization_listener.h:573]:DDSSubSerializationListener matched. topic: embosa_channel_change_broadcast, total match count: 20, current match count: 20
[2026-09-29 13:42:13.511 thread:1171404 info dds_sub_serialization_listener.h:573]:DDSSubSerializationListener matched. topic: embosa_service_change_broadcast, total match count: 20, current match count: 20
[2026-09-29 13:42:13.511 thread:1171404 info dds_pub_listener.cc:19]:DDSPubListener matched. topic: embosa_node_change_broadcast, total match count: 22, current match count: 22
[2026-09-29 13:42:13.512 thread:1171404 info dds_pub_listener.cc:19]:DDSPubListener matched. topic: embosa_channel_change_broadcast, total match count: 22, current match count: 22
[2026-09-29 13:42:13.512 thread:1171404 info dds_pub_listener.cc:19]:DDSPubListener matched. topic: embosa_service_change_broadcast, total match count: 22, current match count: 22
[2026-09-29 13:42:13.514 thread:1171400 error HISTORY_DATASHARING_PAYLOADPOOL:102]:DDS Failed to open segment fast_datasharing_01.0f.00.a4.2d.11.63.43.00.00.00.00_0.0.b.3: No such file or directory
[2026-09-29 13:42:13.514 thread:1171400 error RTPS_READER:157]:DDS Failed to add Writer Proxy 01.0f.00.a4.2d.11.63.43.00.00.00.00|0.0.b.3 to 0.0.14.4 with data sharing.
[2026-09-29 13:42:13.515 thread:1171377 info dds_node_factory.cpp:526]:Successfully created DataReader for topic: /left_front_surround/color/camera_info
[2026-09-29 13:42:13.518 thread:1171377 info dds_participant.cc:99]:transport no support. Use default transport: DEFAULT_UDP_SHM_TRANSPORT.
[2026-09-29 13:42:13.537 thread:1171400 error HISTORY_DATASHARING_PAYLOADPOOL:102]:DDS Failed to open segment fast_datasharing_01.0f.00.a4.2d.11.63.43.00.00.00.00_0.0.e.3: No such file or directory
[2026-09-29 13:42:13.537 thread:1171400 error RTPS_READER:300]:DDS Failed to add Writer Proxy 01.0f.00.a4.2d.11.63.43.00.00.00.00|0.0.e.3 to 0.0.15.4 with data sharing.
[2026-09-29 13:42:13.538 thread:1171377 info dds_node_factory.cpp:526]:Successfully created DataReader for topic: /right_front_surround/color/image_raw
[2026-09-29 13:42:13.544 thread:1171400 error HISTORY_DATASHARING_PAYLOADPOOL:102]:DDS Failed to open segment fast_datasharing_01.0f.00.a4.2d.11.63.43.00.00.00.00_0.0.f.3: No such file or directory
[2026-09-29 13:42:13.544 thread:1171400 error RTPS_READER:157]:DDS Failed to add Writer Proxy 01.0f.00.a4.2d.11.63.43.00.00.00.00|0.0.f.3 to 0.0.16.4 with data sharing.
[2026-09-29 13:42:13.545 thread:1171377 info dds_node_factory.cpp:526]:Successfully created DataReader for topic: /right_front_surround/color/camera_info
[2026-09-29 13:42:13.546 thread:1171377 info dds_participant.cc:99]:transport no support. Use default transport: DEFAULT_UDP_SHM_TRANSPORT.
[2026-09-29 13:42:13.583 thread:1171400 error HISTORY_DATASHARING_PAYLOADPOOL:102]:DDS Failed to open segment fast_datasharing_01.0f.00.a4.2d.11.63.43.00.00.00.00_0.0.c.3: No such file or directory
[2026-09-29 13:42:13.583 thread:1171400 error RTPS_READER:300]:DDS Failed to add Writer Proxy 01.0f.00.a4.2d.11.63.43.00.00.00.00|0.0.c.3 to 0.0.17.4 with data sharing.
[2026-09-29 13:42:13.586 thread:1171377 info dds_node_factory.cpp:526]:Successfully created DataReader for topic: /left_rear_surround/color/image_raw
[2026-09-29 13:42:13.591 thread:1171400 error HISTORY_DATASHARING_PAYLOADPOOL:102]:DDS Failed to open segment fast_datasharing_01.0f.00.a4.2d.11.63.43.00.00.00.00_0.0.d.3: No such file or directory
[2026-09-29 13:42:13.591 thread:1171400 error RTPS_READER:157]:DDS Failed to add Writer Proxy 01.0f.00.a4.2d.11.63.43.00.00.00.00|0.0.d.3 to 0.0.18.4 with data sharing.
[2026-09-29 13:42:13.593 thread:1171377 info dds_node_factory.cpp:526]:Successfully created DataReader for topic: /left_rear_surround/color/camera_info
[2026-09-29 13:42:13.593 thread:1171377 info dds_participant.cc:99]:transport no support. Use default transport: DEFAULT_UDP_SHM_TRANSPORT.
[2026-09-29 13:42:13.606 thread:1171400 error HISTORY_DATASHARING_PAYLOADPOOL:102]:DDS Failed to open segment fast_datasharing_01.0f.00.a4.2d.11.63.43.00.00.00.00_0.0.10.3: No such file or directory
[2026-09-29 13:42:13.606 thread:1171400 error RTPS_READER:300]:DDS Failed to add Writer Proxy 01.0f.00.a4.2d.11.63.43.00.00.00.00|0.0.10.3 to 0.0.19.4 with data sharing.
[2026-09-29 13:42:13.608 thread:1171377 info dds_node_factory.cpp:526]:Successfully created DataReader for topic: /right_rear_surround/color/image_raw
[2026-09-29 13:42:13.612 thread:1171400 error HISTORY_DATASHARING_PAYLOADPOOL:102]:DDS Failed to open segment fast_datasharing_01.0f.00.a4.2d.11.63.43.00.00.00.00_0.0.11.3: No such file or directory
[2026-09-29 13:42:13.612 thread:1171400 error RTPS_READER:157]:DDS Failed to add Writer Proxy 01.0f.00.a4.2d.11.63.43.00.00.00.00|0.0.11.3 to 0.0.1a.4 with data sharing.
[2026-09-29 13:42:13.614 thread:1171377 info dds_node_factory.cpp:526]:Successfully created DataReader for topic: /right_rear_surround/color/camera_info
[2026-09-29 13:42:13.615 thread:1171377 info init.h:15]:EmbOSA build version: V9.1.2
[2026-09-29 13:42:13.618 thread:1171400 error HISTORY_DATASHARING_PAYLOADPOOL:102]:DDS Failed to open segment fast_datasharing_01.0f.00.a4.37.11.25.a3.00.00.00.00_0.0.a.3: No such file or directory
[2026-09-29 13:42:13.618 thread:1171400 error RTPS_READER:157]:DDS Failed to add Writer Proxy 01.0f.00.a4.37.11.25.a3.00.00.00.00|0.0.a.3 to 0.0.1b.4 with data sharing.
[2026-09-29 13:42:13.618 thread:1171400 error HISTORY_DATASHARING_PAYLOADPOOL:102]:DDS Failed to open segment fast_datasharing_01.0f.00.a4.33.11.66.97.00.00.00.00_0.0.7.3: No such file or directory
[2026-09-29 13:42:13.618 thread:1171400 error RTPS_READER:157]:DDS Failed to add Writer Proxy 01.0f.00.a4.33.11.66.97.00.00.00.00|0.0.7.3 to 0.0.1b.4 with data sharing.
[2026-09-29 13:42:13.618 thread:1171400 error HISTORY_DATASHARING_PAYLOADPOOL:102]:DDS Failed to open segment fast_datasharing_01.0f.00.a4.31.11.6c.3b.00.00.00.00_0.0.c.3: No such file or directory
[2026-09-29 13:42:13.618 thread:1171400 error RTPS_READER:157]:DDS Failed to add Writer Proxy 01.0f.00.a4.31.11.6c.3b.00.00.00.00|0.0.c.3 to 0.0.1b.4 with data sharing.
[2026-09-29 13:42:13.618 thread:1171400 error HISTORY_DATASHARING_PAYLOADPOOL:102]:DDS Failed to open segment fast_datasharing_01.0f.00.a4.30.11.2e.c0.00.00.00.00_0.0.8.3: No such file or directory
[2026-09-29 13:42:13.618 thread:1171400 error RTPS_READER:157]:DDS Failed to add Writer Proxy 01.0f.00.a4.30.11.2e.c0.00.00.00.00|0.0.8.3 to 0.0.1b.4 with data sharing.
[2026-09-29 13:42:13.618 thread:1171400 error HISTORY_DATASHARING_PAYLOADPOOL:102]:DDS Failed to open segment fast_datasharing_01.0f.00.a4.3a.11.f7.c7.00.00.00.00_0.0.a.3: No such file or directory
[2026-09-29 13:42:13.618 thread:1171400 error RTPS_READER:157]:DDS Failed to add Writer Proxy 01.0f.00.a4.3a.11.f7.c7.00.00.00.00|0.0.a.3 to 0.0.1b.4 with data sharing.
[2026-09-29 13:42:13.620 thread:1171377 info dds_node_factory.cpp:526]:Successfully created DataReader for topic: /embosa_tf
[2026-09-29 13:42:13.624 thread:1171400 error HISTORY_DATASHARING_PAYLOADPOOL:102]:DDS Failed to open segment fast_datasharing_01.0f.00.a4.30.11.2e.c0.00.00.00.00_0.0.9.3: No such file or directory
[2026-09-29 13:42:13.624 thread:1171400 error RTPS_READER:157]:DDS Failed to add Writer Proxy 01.0f.00.a4.30.11.2e.c0.00.00.00.00|0.0.9.3 to 0.0.1c.4 with data sharing.
[2026-09-29 13:42:13.625 thread:1171400 error HISTORY_DATASHARING_PAYLOADPOOL:102]:DDS Failed to open segment fast_datasharing_01.0f.00.a4.2f.11.1d.be.00.00.00.00_0.0.7.3: No such file or directory
[2026-09-29 13:42:13.625 thread:1171400 error RTPS_READER:157]:DDS Failed to add Writer Proxy 01.0f.00.a4.2f.11.1d.be.00.00.00.00|0.0.7.3 to 0.0.1c.4 with data sharing.
[2026-09-29 13:42:13.626 thread:1171377 info dds_node_factory.cpp:526]:Successfully created DataReader for topic: /embosa_tf_static
[2026-09-29 13:42:13.634 thread:1171377 info dds_sub_serialization_listener.h:573]:DDSSubSerializationListener matched. topic: /galbot/mission_manager/onboard_config, total match count: 1, current match count: 1
[2026-09-29 13:42:13.635 thread:1171377 info dds_node_factory.cpp:526]:Successfully created DataReader for topic: /galbot/mission_manager/onboard_config
[2026-09-29 13:42:13.639 thread:1171377 info dds_sub_listener.cc:511]:DDSSubListener matched. topic: bms, total match count: 1, current match count: 1
[2026-09-29 13:42:13.641 thread:1171377 info dds_node_factory.cpp:526]:Successfully created DataReader for topic: bms
[2026-09-29 13:42:13.641 thread:1171377 info init.h:15]:EmbOSA build version: V9.1.2
[2026-09-29 13:42:13.644 thread:1171377 info dds_node_factory.cpp:344]:Successfully created DataWriter for topic: singorix/wbcs/target
[2026-09-29 13:42:13.646 thread:1171377 info dds_participant.cc:99]:transport no support. Use default transport: DEFAULT_UDP_SHM_TRANSPORT.
[2026-09-29 13:42:13.660 thread:1171377 info dds_node_factory.cpp:344]:Successfully created DataWriter for topic: singorix/wbcs/target_server__RPC__REQUEST
[2026-09-29 13:42:13.660 thread:1171377 info dds_participant.cc:99]:transport no support. Use default transport: DEFAULT_UDP_SHM_TRANSPORT.
[2026-09-29 13:42:13.682 thread:1171377 info dds_node_factory.cpp:526]:Successfully created DataReader for topic: singorix/wbcs/target_server__RPC__RESPONSE
[2026-09-29 13:42:13.683 thread:1171377 info dds_participant.cc:99]:transport no support. Use default transport: DEFAULT_UDP_SHM_TRANSPORT.
[2026-09-29 13:42:13.693 thread:1171412 error channel_manager.cc:380]:newly added reader(belongs to node[gateway_server|gateway_service|3652])'s message type[embosa_plain_message_type] does not match the exsited writer(belongs to node[diagnose_process_node|diagnose|3649])'s message type[galbot.gateway_proto.BusinessFrame].
[2026-09-29 13:42:13.693 thread:1171412 error channel_manager.cc:380]:newly added reader(belongs to node[gateway_server|gateway_service|3652])'s message type[embosa_plain_message_type] does not match the exsited writer(belongs to node[aphropm_pns|service_navigation_plan|4404])'s message type[galbot.gateway_proto.BusinessFrame].
[2026-09-29 13:42:13.693 thread:1171412 error channel_manager.cc:394]:newly added reader(belongs to node[gateway_server|gateway_service|3652])'s message type[embosa_plain_message_type] does not match the exsited reader(belongs to node[diagnose_demo_node|galbot_chassis_service|3945])'s message type[galbot.gateway_proto.BusinessFrame].
[2026-09-29 13:42:13.700 thread:1171377 info dds_node_factory.cpp:344]:Successfully created DataWriter for topic: singorix/wbcs/controller_server__RPC__REQUEST
[2026-09-29 13:42:13.700 thread:1171377 info dds_participant.cc:99]:transport no support. Use default transport: DEFAULT_UDP_SHM_TRANSPORT.
[2026-09-29 13:42:13.705 thread:1171404 info dds_sub_serialization_listener.h:573]:DDSSubSerializationListener matched. topic: embosa_node_change_broadcast, total match count: 23, current match count: 23
[2026-09-29 13:42:13.706 thread:1171404 info dds_sub_serialization_listener.h:573]:DDSSubSerializationListener matched. topic: embosa_channel_change_broadcast, total match count: 21, current match count: 21
[2026-09-29 13:42:13.710 thread:1171404 info dds_sub_serialization_listener.h:573]:DDSSubSerializationListener matched. topic: embosa_service_change_broadcast, total match count: 21, current match count: 21
[2026-09-29 13:42:13.715 thread:1171404 info dds_pub_listener.cc:19]:DDSPubListener matched. topic: embosa_node_change_broadcast, total match count: 23, current match count: 23
[2026-09-29 13:42:13.715 thread:1171404 info dds_pub_listener.cc:19]:DDSPubListener matched. topic: embosa_channel_change_broadcast, total match count: 23, current match count: 23
[2026-09-29 13:42:13.717 thread:1171404 info dds_pub_listener.cc:19]:DDSPubListener matched. topic: embosa_service_change_broadcast, total match count: 23, current match count: 23
[2026-09-29 13:42:13.717 thread:1171377 info dds_node_factory.cpp:526]:Successfully created DataReader for topic: singorix/wbcs/controller_server__RPC__RESPONSE
[2026-09-29 13:42:13.723 thread:1171377 info dds_node_factory.cpp:526]:Successfully created DataReader for topic: singorix/wbcs/error
[2026-09-29 13:42:13.730 thread:1171377 info dds_node_factory.cpp:526]:Successfully created DataReader for topic: singorix/wbcs/wbc_info
[2026-09-29 13:42:13.738 thread:1171377 info dds_node_factory.cpp:526]:Successfully created DataReader for topic: singorix/wbcs/sensor
[2026-09-29 13:42:13.743 thread:1171377 info dds_sub_serialization_listener.h:573]:DDSSubSerializationListener matched. topic: /odom/base_link, total match count: 1, current match count: 1
[2026-09-29 13:42:13.744 thread:1171377 info dds_node_factory.cpp:526]:Successfully created DataReader for topic: /odom/base_link
[2026-09-29 13:42:13.773 thread:1171404 info dds_sub_serialization_listener.h:573]:DDSSubSerializationListener matched. topic: embosa_node_change_broadcast, total match count: 24, current match count: 24
[2026-09-29 13:42:13.774 thread:1171404 info dds_sub_serialization_listener.h:573]:DDSSubSerializationListener matched. topic: embosa_channel_change_broadcast, total match count: 22, current match count: 22
[2026-09-29 13:42:13.774 thread:1171404 info dds_sub_serialization_listener.h:573]:DDSSubSerializationListener matched. topic: embosa_service_change_broadcast, total match count: 22, current match count: 22
[2026-09-29 13:42:13.775 thread:1171404 info dds_pub_listener.cc:19]:DDSPubListener matched. topic: embosa_node_change_broadcast, total match count: 24, current match count: 24
[2026-09-29 13:42:13.775 thread:1171404 info dds_pub_listener.cc:19]:DDSPubListener matched. topic: embosa_channel_change_broadcast, total match count: 24, current match count: 24
[2026-09-29 13:42:13.775 thread:1171404 info dds_pub_listener.cc:19]:DDSPubListener matched. topic: embosa_service_change_broadcast, total match count: 24, current match count: 24
[2026-09-29 13:42:13.782 thread:1171404 info dds_pub_listener.cc:19]:DDSPubListener matched. topic: embosa_node_change_broadcast, total match count: 25, current match count: 25
[2026-09-29 13:42:13.782 thread:1171404 info dds_pub_listener.cc:19]:DDSPubListener matched. topic: embosa_channel_change_broadcast, total match count: 25, current match count: 25
[2026-09-29 13:42:13.782 thread:1171404 info dds_pub_listener.cc:19]:DDSPubListener matched. topic: embosa_service_change_broadcast, total match count: 25, current match count: 25
[2026-09-29 13:42:13.794 thread:1171404 info dds_sub_serialization_listener.h:573]:DDSSubSerializationListener matched. topic: embosa_node_change_broadcast, total match count: 25, current match count: 25
[2026-09-29 13:42:13.794 thread:1171404 info dds_sub_serialization_listener.h:573]:DDSSubSerializationListener matched. topic: embosa_channel_change_broadcast, total match count: 23, current match count: 23
[2026-09-29 13:42:13.795 thread:1171404 info dds_sub_serialization_listener.h:573]:DDSSubSerializationListener matched. topic: embosa_service_change_broadcast, total match count: 23, current match count: 23
[2026-09-29 13:42:13.815 thread:1171404 info dds_pub_listener.cc:19]:DDSPubListener matched. topic: embosa_node_change_broadcast, total match count: 26, current match count: 26
[2026-09-29 13:42:13.815 thread:1171404 info dds_pub_listener.cc:19]:DDSPubListener matched. topic: embosa_channel_change_broadcast, total match count: 26, current match count: 26
[2026-09-29 13:42:13.815 thread:1171404 info dds_pub_listener.cc:19]:DDSPubListener matched. topic: embosa_service_change_broadcast, total match count: 26, current match count: 26
[2026-09-29 13:42:13.815 thread:1171404 info dds_sub_serialization_listener.h:573]:DDSSubSerializationListener matched. topic: embosa_node_change_broadcast, total match count: 26, current match count: 26
[2026-09-29 13:42:13.815 thread:1171404 info dds_sub_serialization_listener.h:573]:DDSSubSerializationListener matched. topic: embosa_channel_change_broadcast, total match count: 24, current match count: 24
[2026-09-29 13:42:13.815 thread:1171404 info dds_sub_serialization_listener.h:573]:DDSSubSerializationListener matched. topic: embosa_service_change_broadcast, total match count: 24, current match count: 24
[2026-09-29 13:42:13.855 thread:1171404 info dds_pub_listener.cc:19]:DDSPubListener matched. topic: embosa_node_change_broadcast, total match count: 27, current match count: 27
[2026-09-29 13:42:13.855 thread:1171404 info dds_pub_listener.cc:19]:DDSPubListener matched. topic: embosa_channel_change_broadcast, total match count: 27, current match count: 27
[2026-09-29 13:42:13.855 thread:1171404 info dds_pub_listener.cc:19]:DDSPubListener matched. topic: embosa_service_change_broadcast, total match count: 27, current match count: 27
[2026-09-29 13:42:13.855 thread:1171404 info dds_sub_serialization_listener.h:573]:DDSSubSerializationListener matched. topic: embosa_node_change_broadcast, total match count: 27, current match count: 27
[2026-09-29 13:42:13.855 thread:1171404 info dds_sub_serialization_listener.h:573]:DDSSubSerializationListener matched. topic: embosa_channel_change_broadcast, total match count: 25, current match count: 25
[2026-09-29 13:42:13.856 thread:1171404 info dds_sub_serialization_listener.h:573]:DDSSubSerializationListener matched. topic: embosa_service_change_broadcast, total match count: 25, current match count: 25
[2026-09-29 13:42:13.910 thread:1171404 info dds_sub_serialization_listener.h:573]:DDSSubSerializationListener matched. topic: /galbot/mission_manager/onboard_config, total match count: 2, current match count: 2
[2026-09-29 13:42:14.127 thread:1171404 info dds_pub_listener.cc:19]:DDSPubListener matched. topic: embosa_node_change_broadcast, total match count: 28, current match count: 28
[2026-09-29 13:42:14.127 thread:1171403 info dds_pub_listener.cc:19]:DDSPubListener matched. topic: embosa_channel_change_broadcast, total match count: 28, current match count: 28
[2026-09-29 13:42:14.128 thread:1171403 info dds_pub_listener.cc:19]:DDSPubListener matched. topic: embosa_service_change_broadcast, total match count: 28, current match count: 28
[2026-09-29 13:42:14.128 thread:1171404 info dds_sub_serialization_listener.h:573]:DDSSubSerializationListener matched. topic: embosa_channel_change_broadcast, total match count: 26, current match count: 26
[2026-09-29 13:42:14.129 thread:1171404 info dds_sub_serialization_listener.h:573]:DDSSubSerializationListener matched. topic: embosa_node_change_broadcast, total match count: 28, current match count: 28
[2026-09-29 13:42:14.129 thread:1171404 info dds_sub_serialization_listener.h:573]:DDSSubSerializationListener matched. topic: embosa_service_change_broadcast, total match count: 26, current match count: 26
[2026-09-29 13:42:14.133 thread:1171404 info dds_sub_serialization_listener.h:573]:DDSSubSerializationListener matched. topic: embosa_channel_change_broadcast, total match count: 27, current match count: 27
[2026-09-29 13:42:14.138 thread:1171404 info dds_sub_serialization_listener.h:573]:DDSSubSerializationListener matched. topic: embosa_service_change_broadcast, total match count: 27, current match count: 27
[2026-09-29 13:42:14.162 thread:1171403 info dds_sub_serialization_listener.h:573]:DDSSubSerializationListener matched. topic: embosa_channel_change_broadcast, total match count: 28, current match count: 28
[2026-09-29 13:42:14.162 thread:1171404 info dds_sub_serialization_listener.h:573]:DDSSubSerializationListener matched. topic: embosa_service_change_broadcast, total match count: 28, current match count: 28
[2026-09-29 13:42:14.165 thread:1171404 info dds_sub_serialization_listener.h:573]:DDSSubSerializationListener matched. topic: embosa_node_change_broadcast, total match count: 29, current match count: 29
[2026-09-29 13:42:14.165 thread:1171404 info dds_sub_serialization_listener.h:573]:DDSSubSerializationListener matched. topic: embosa_channel_change_broadcast, total match count: 29, current match count: 29
[2026-09-29 13:42:14.166 thread:1171404 info dds_sub_serialization_listener.h:573]:DDSSubSerializationListener matched. topic: embosa_service_change_broadcast, total match count: 29, current match count: 29
[2026-09-29 13:42:14.177 thread:1171404 info dds_pub_listener.cc:19]:DDSPubListener matched. topic: embosa_node_change_broadcast, total match count: 29, current match count: 29
[2026-09-29 13:42:14.177 thread:1171404 info dds_pub_listener.cc:19]:DDSPubListener matched. topic: embosa_channel_change_broadcast, total match count: 29, current match count: 29
[2026-09-29 13:42:14.177 thread:1171404 info dds_pub_listener.cc:19]:DDSPubListener matched. topic: embosa_service_change_broadcast, total match count: 29, current match count: 29
[2026-09-29 13:42:14.225 thread:1171404 info topology_manager.cc:150]:discovery participant name:galbot-xcu+3647_embosa_0
[2026-09-29 13:42:14.244 thread:1171415 error channel_manager.cc:380]:newly added reader(belongs to node[Sensor#0|swallows|4408])'s message type[N6galbot6embosa7MessageE] does not match the exsited writer(belongs to node[service_front_head_camera_sensor_capture|front_head_camera_capture|4401])'s message type[galbot.sensor_proto.CompressedImage].
[2026-09-29 13:42:14.244 thread:1171415 error channel_manager.cc:394]:newly added reader(belongs to node[Sensor#0|swallows|4408])'s message type[N6galbot6embosa7MessageE] does not match the exsited reader(belongs to node[sensor_sdk_node|python3.11|1171377])'s message type[galbot.sensor_proto.CompressedImage].
[2026-09-29 13:42:14.244 thread:1171421 error channel_manager.cc:380]:newly added reader(belongs to node[Sensor#0|swallows|4408])'s message type[N6galbot6embosa7MessageE] does not match the exsited writer(belongs to node[service_front_head_camera_sensor_capture|front_head_camera_capture|4401])'s message type[galbot.sensor_proto.CompressedImage].
[2026-09-29 13:42:14.244 thread:1171421 error channel_manager.cc:394]:newly added reader(belongs to node[Sensor#0|swallows|4408])'s message type[N6galbot6embosa7MessageE] does not match the exsited reader(belongs to node[sensor_sdk_node|python3.11|1171377])'s message type[galbot.sensor_proto.CompressedImage].
[2026-09-29 13:42:14.244 thread:1171416 error channel_manager.cc:380]:newly added reader(belongs to node[Sensor#0|swallows|4408])'s message type[N6galbot6embosa7MessageE] does not match the exsited writer(belongs to node[service_left_arm_camera_sensor_capture|left_arm_camera_capture|4410])'s message type[galbot.sensor_proto.CompressedImage].
[2026-09-29 13:42:14.244 thread:1171416 error channel_manager.cc:394]:newly added reader(belongs to node[Sensor#0|swallows|4408])'s message type[N6galbot6embosa7MessageE] does not match the exsited reader(belongs to node[sensor_sdk_node|python3.11|1171377])'s message type[galbot.sensor_proto.CompressedImage].
[2026-09-29 13:42:14.244 thread:1171413 error channel_manager.cc:380]:newly added reader(belongs to node[Sensor#0|swallows|4408])'s message type[N6galbot6embosa7MessageE] does not match the exsited writer(belongs to node[service_right_arm_camera_sensor_capture|right_arm_camera_capture|4407])'s message type[galbot.sensor_proto.CompressedImage].
[2026-09-29 13:42:14.244 thread:1171413 error channel_manager.cc:394]:newly added reader(belongs to node[Sensor#0|swallows|4408])'s message type[N6galbot6embosa7MessageE] does not match the exsited reader(belongs to node[sensor_sdk_node|python3.11|1171377])'s message type[galbot.sensor_proto.CompressedImage].
[2026-09-29 13:42:14.244 thread:1171418 error channel_manager.cc:380]:newly added reader(belongs to node[Sensor#0|swallows|4408])'s message type[N6galbot6embosa7MessageE] does not match the exsited writer(belongs to node[service_front_head_camera_sensor_capture|front_head_camera_capture|4401])'s message type[galbot.sensor_proto.CameraInfo].
[2026-09-29 13:42:14.244 thread:1171418 error channel_manager.cc:394]:newly added reader(belongs to node[Sensor#0|swallows|4408])'s message type[N6galbot6embosa7MessageE] does not match the exsited reader(belongs to node[sensor_sdk_node|python3.11|1171377])'s message type[galbot.sensor_proto.CameraInfo].
[2026-09-29 13:42:14.245 thread:1171420 error channel_manager.cc:380]:newly added reader(belongs to node[Sensor#0|swallows|4408])'s message type[N6galbot6embosa7MessageE] does not match the exsited writer(belongs to node[service_front_head_camera_sensor_capture|front_head_camera_capture|4401])'s message type[galbot.sensor_proto.CameraInfo].
[2026-09-29 13:42:14.245 thread:1171420 error channel_manager.cc:394]:newly added reader(belongs to node[Sensor#0|swallows|4408])'s message type[N6galbot6embosa7MessageE] does not match the exsited reader(belongs to node[sensor_sdk_node|python3.11|1171377])'s message type[galbot.sensor_proto.CameraInfo].
[2026-09-29 13:42:14.245 thread:1171411 error channel_manager.cc:380]:newly added reader(belongs to node[Sensor#0|swallows|4408])'s message type[N6galbot6embosa7MessageE] does not match the exsited writer(belongs to node[service_left_arm_camera_sensor_capture|left_arm_camera_capture|4410])'s message type[galbot.sensor_proto.CameraInfo].
[2026-09-29 13:42:14.245 thread:1171411 error channel_manager.cc:394]:newly added reader(belongs to node[Sensor#0|swallows|4408])'s message type[N6galbot6embosa7MessageE] does not match the exsited reader(belongs to node[sensor_sdk_node|python3.11|1171377])'s message type[galbot.sensor_proto.CameraInfo].
[2026-09-29 13:42:14.245 thread:1171412 error channel_manager.cc:380]:newly added reader(belongs to node[Sensor#0|swallows|4408])'s message type[N6galbot6embosa7MessageE] does not match the exsited writer(belongs to node[service_right_arm_camera_sensor_capture|right_arm_camera_capture|4407])'s message type[galbot.sensor_proto.CameraInfo].
[2026-09-29 13:42:14.245 thread:1171412 error channel_manager.cc:394]:newly added reader(belongs to node[Sensor#0|swallows|4408])'s message type[N6galbot6embosa7MessageE] does not match the exsited reader(belongs to node[sensor_sdk_node|python3.11|1171377])'s message type[galbot.sensor_proto.CameraInfo].
[2026-09-29 13:42:14.245 thread:1171410 error channel_manager.cc:394]:newly added reader(belongs to node[Sensor#0|swallows|4408])'s message type[N6galbot6embosa7MessageE] does not match the exsited reader(belongs to node[wbc_sdk_node|python3.11|1171377])'s message type[galbot.singorix_proto.SingoriXSensor].
[2026-09-29 13:42:14.245 thread:1171410 error channel_manager.cc:394]:newly added reader(belongs to node[Sensor#0|swallows|4408])'s message type[N6galbot6embosa7MessageE] does not match the exsited reader(belongs to node[motion_planning_service_node|service_motion_plan|4409])'s message type[galbot.singorix_proto.SingoriXSensor].
[2026-09-29 13:42:14.245 thread:1171410 error channel_manager.cc:394]:newly added reader(belongs to node[Sensor#0|swallows|4408])'s message type[N6galbot6embosa7MessageE] does not match the exsited reader(belongs to node[robot_state_publisher|robot_state_publish|4400])'s message type[galbot.singorix_proto.SingoriXSensor].
[2026-09-29 13:42:14.245 thread:1171410 error channel_manager.cc:394]:newly added reader(belongs to node[Sensor#0|swallows|4408])'s message type[N6galbot6embosa7MessageE] does not match the exsited reader(belongs to node[aphropm_pns|service_navigation_plan|4404])'s message type[galbot.singorix_proto.SingoriXSensor].
[2026-09-29 13:42:14.246 thread:1171414 error channel_manager.cc:394]:newly added reader(belongs to node[Sensor#0|swallows|4408])'s message type[N6galbot6embosa7MessageE] does not match the exsited reader(belongs to node[wbc_sdk_node|python3.11|1171377])'s message type[galbot.singorix_proto.WBCInfo].
[2026-09-29 13:42:14.246 thread:1171414 error channel_manager.cc:394]:newly added reader(belongs to node[Sensor#0|swallows|4408])'s message type[N6galbot6embosa7MessageE] does not match the exsited reader(belongs to node[aphropm_pns|service_navigation_plan|4404])'s message type[galbot.singorix_proto.WBCInfo].
[2026-09-29 13:42:14.246 thread:1171419 error channel_manager.cc:394]:newly added reader(belongs to node[Sensor#0|swallows|4408])'s message type[N6galbot6embosa7MessageE] does not match the exsited reader(belongs to node[wbc_sdk_node|python3.11|1171377])'s message type[galbot.singorix_proto.SingoriXError].
[2026-09-29 13:42:14.246 thread:1171419 error channel_manager.cc:394]:newly added reader(belongs to node[Sensor#0|swallows|4408])'s message type[N6galbot6embosa7MessageE] does not match the exsited reader(belongs to node[motion_planning_service_node|service_motion_plan|4409])'s message type[galbot.singorix_proto.SingoriXError].
[2026-09-29 13:42:14.246 thread:1171419 error channel_manager.cc:394]:newly added reader(belongs to node[Sensor#0|swallows|4408])'s message type[N6galbot6embosa7MessageE] does not match the exsited reader(belongs to node[aphropm_pns|service_navigation_plan|4404])'s message type[galbot.singorix_proto.SingoriXError].
[2026-09-29 13:42:14.246 thread:1171417 error channel_manager.cc:380]:newly added reader(belongs to node[Sensor#0|swallows|4408])'s message type[N6galbot6embosa7MessageE] does not match the exsited writer(belongs to node[service_right_arm_camera_sensor_capture|right_arm_camera_capture|4407])'s message type[galbot.tf2_proto.TF2Message].
[2026-09-29 13:42:14.246 thread:1171417 error channel_manager.cc:380]:newly added reader(belongs to node[Sensor#0|swallows|4408])'s message type[N6galbot6embosa7MessageE] does not match the exsited writer(belongs to node[embosa_localization_node|localization_server|4403])'s message type[galbot.tf2_proto.TF2Message].
[2026-09-29 13:42:14.246 thread:1171417 error channel_manager.cc:380]:newly added reader(belongs to node[Sensor#0|swallows|4408])'s message type[N6galbot6embosa7MessageE] does not match the exsited writer(belongs to node[service_left_arm_camera_sensor_capture|left_arm_camera_capture|4410])'s message type[galbot.tf2_proto.TF2Message].
[2026-09-29 13:42:14.246 thread:1171417 error channel_manager.cc:380]:newly added reader(belongs to node[Sensor#0|swallows|4408])'s message type[N6galbot6embosa7MessageE] does not match the exsited writer(belongs to node[robot_state_publisher|robot_state_publish|4400])'s message type[galbot.tf2_proto.TF2Message].
[2026-09-29 13:42:14.246 thread:1171417 error channel_manager.cc:380]:newly added reader(belongs to node[Sensor#0|swallows|4408])'s message type[N6galbot6embosa7MessageE] does not match the exsited writer(belongs to node[service_front_head_camera_sensor_capture|front_head_camera_capture|4401])'s message type[galbot.tf2_proto.TF2Message].
[2026-09-29 13:42:14.246 thread:1171417 error channel_manager.cc:394]:newly added reader(belongs to node[Sensor#0|swallows|4408])'s message type[N6galbot6embosa7MessageE] does not match the exsited reader(belongs to node[system_sdk_node|python3.11|1171377])'s message type[galbot.tf2_proto.TF2Message].
[2026-09-29 13:42:14.246 thread:1171417 error channel_manager.cc:394]:newly added reader(belongs to node[Sensor#0|swallows|4408])'s message type[N6galbot6embosa7MessageE] does not match the exsited reader(belongs to node[/galbot_perception|Perception_Algorithm_Service|4402])'s message type[galbot.tf2_proto.TF2Message].
[2026-09-29 13:42:14.246 thread:1171417 error channel_manager.cc:394]:newly added reader(belongs to node[Sensor#0|swallows|4408])'s message type[N6galbot6embosa7MessageE] does not match the exsited reader(belongs to node[galbot_fusion|galbot_fusion_main|4398])'s message type[galbot.tf2_proto.TF2Message].
[2026-09-29 13:42:14.246 thread:1171417 error channel_manager.cc:394]:newly added reader(belongs to node[Sensor#0|swallows|4408])'s message type[N6galbot6embosa7MessageE] does not match the exsited reader(belongs to node[embosa_localization_node|localization_server|4403])'s message type[galbot.tf2_proto.TF2Message].
[2026-09-29 13:42:14.246 thread:1171415 error channel_manager.cc:380]:newly added reader(belongs to node[Sensor#0|swallows|4408])'s message type[N6galbot6embosa7MessageE] does not match the exsited writer(belongs to node[embosa_eyehand_calib_publish|eyehand_calib_publish|4399])'s message type[galbot.tf2_proto.TF2Message].
[2026-09-29 13:42:14.246 thread:1171415 error channel_manager.cc:380]:newly added reader(belongs to node[Sensor#0|swallows|4408])'s message type[N6galbot6embosa7MessageE] does not match the exsited writer(belongs to node[robot_state_publisher|robot_state_publish|4400])'s message type[galbot.tf2_proto.TF2Message].
[2026-09-29 13:42:14.246 thread:1171415 error channel_manager.cc:394]:newly added reader(belongs to node[Sensor#0|swallows|4408])'s message type[N6galbot6embosa7MessageE] does not match the exsited reader(belongs to node[system_sdk_node|python3.11|1171377])'s message type[galbot.tf2_proto.TF2Message].
[2026-09-29 13:42:14.246 thread:1171415 error channel_manager.cc:394]:newly added reader(belongs to node[Sensor#0|swallows|4408])'s message type[N6galbot6embosa7MessageE] does not match the exsited reader(belongs to node[/galbot_perception|Perception_Algorithm_Service|4402])'s message type[galbot.tf2_proto.TF2Message].
[2026-09-29 13:42:14.246 thread:1171415 error channel_manager.cc:394]:newly added reader(belongs to node[Sensor#0|swallows|4408])'s message type[N6galbot6embosa7MessageE] does not match the exsited reader(belongs to node[galbot_fusion|galbot_fusion_main|4398])'s message type[galbot.tf2_proto.TF2Message].
[2026-09-29 13:42:14.246 thread:1171415 error channel_manager.cc:394]:newly added reader(belongs to node[Sensor#0|swallows|4408])'s message type[N6galbot6embosa7MessageE] does not match the exsited reader(belongs to node[embosa_localization_node|localization_server|4403])'s message type[galbot.tf2_proto.TF2Message].
[2026-09-29 13:42:14.246 thread:1171421 error channel_manager.cc:380]:newly added reader(belongs to node[Sensor#0|swallows|4408])'s message type[N6galbot6embosa7MessageE] does not match the exsited writer(belongs to node[/data/galbot/bin/service_lidar_capture|service_lidar_capture|4406])'s message type[galbot.sensor_proto.PointCloud2].
[2026-09-29 13:42:14.246 thread:1171421 error channel_manager.cc:394]:newly added reader(belongs to node[Sensor#0|swallows|4408])'s message type[N6galbot6embosa7MessageE] does not match the exsited reader(belongs to node[galbot_fusion|galbot_fusion_main|4398])'s message type[galbot.sensor_proto.PointCloud2].
[2026-09-29 13:42:14.246 thread:1171421 error channel_manager.cc:394]:newly added reader(belongs to node[Sensor#0|swallows|4408])'s message type[N6galbot6embosa7MessageE] does not match the exsited reader(belongs to node[embosa_localization_node|localization_server|4403])'s message type[galbot.sensor_proto.PointCloud2].
[2026-09-29 13:42:14.248 thread:1171416 error channel_manager.cc:380]:newly added reader(belongs to node[Sensor#0|swallows|4408])'s message type[N6galbot6embosa7MessageE] does not match the exsited writer(belongs to node[/data/galbot/bin/service_lidar_capture|service_lidar_capture|4406])'s message type[galbot.sensor_proto.ImuSensor].
[2026-09-29 13:42:14.248 thread:1171416 error channel_manager.cc:394]:newly added reader(belongs to node[Sensor#0|swallows|4408])'s message type[N6galbot6embosa7MessageE] does not match the exsited reader(belongs to node[embosa_localization_node|localization_server|4403])'s message type[galbot.sensor_proto.ImuSensor].
[2026-09-29 13:42:14.248 thread:1171413 error channel_manager.cc:380]:newly added reader(belongs to node[Sensor#0|swallows|4408])'s message type[N6galbot6embosa7MessageE] does not match the exsited writer(belongs to node[/data/galbot/bin/service_lidar_capture|service_lidar_capture|4406])'s message type[galbot.core_proto.StringValue].
[2026-09-29 13:42:14.248 thread:1171418 error channel_manager.cc:380]:newly added reader(belongs to node[Sensor#0|swallows|4408])'s message type[N6galbot6embosa7MessageE] does not match the exsited writer(belongs to node[/galbot_perception|Perception_Algorithm_Service|4402])'s message type[galbot.perception_proto.DetectionResult].
[2026-09-29 13:42:14.249 thread:1171411 error channel_manager.cc:380]:newly added reader(belongs to node[Sensor#0|swallows|4408])'s message type[N6galbot6embosa7MessageE] does not match the exsited writer(belongs to node[galbot_fusion|galbot_fusion_main|4398])'s message type[galbot.perception_proto.TsdfGrid].
[2026-09-29 13:42:14.249 thread:1171412 error channel_manager.cc:380]:newly added reader(belongs to node[Sensor#0|swallows|4408])'s message type[N6galbot6embosa7MessageE] does not match the exsited writer(belongs to node[embosa_localization_node|localization_server|4403])'s message type[galbot.sensor_proto.PointCloud2].
[2026-09-29 13:42:14.249 thread:1171410 error channel_manager.cc:380]:newly added reader(belongs to node[Sensor#0|swallows|4408])'s message type[N6galbot6embosa7MessageE] does not match the exsited writer(belongs to node[embosa_localization_node|localization_server|4403])'s message type[galbot.core_proto.FloatValue].
[2026-09-29 13:42:14.249 thread:1171419 error channel_manager.cc:380]:newly added reader(belongs to node[Sensor#0|swallows|4408])'s message type[N6galbot6embosa7MessageE] does not match the exsited writer(belongs to node[embosa_localization_node|localization_server|4403])'s message type[galbot.spatial_proto.PoseMsg].
[2026-09-29 13:42:14.249 thread:1171419 error channel_manager.cc:394]:newly added reader(belongs to node[Sensor#0|swallows|4408])'s message type[N6galbot6embosa7MessageE] does not match the exsited reader(belongs to node[context_mission_mode|mission_manager|3595])'s message type[galbot.spatial_proto.PoseMsg].
[2026-09-29 13:42:14.249 thread:1171419 error channel_manager.cc:394]:newly added reader(belongs to node[Sensor#0|swallows|4408])'s message type[N6galbot6embosa7MessageE] does not match the exsited reader(belongs to node[galbot_fusion|galbot_fusion_main|4398])'s message type[galbot.spatial_proto.PoseMsg].
[2026-09-29 13:42:14.249 thread:1171419 error channel_manager.cc:394]:newly added reader(belongs to node[Sensor#0|swallows|4408])'s message type[N6galbot6embosa7MessageE] does not match the exsited reader(belongs to node[motion_planning_service_node|service_motion_plan|4409])'s message type[galbot.spatial_proto.PoseMsg].
[2026-09-29 13:42:14.249 thread:1171419 error channel_manager.cc:394]:newly added reader(belongs to node[Sensor#0|swallows|4408])'s message type[N6galbot6embosa7MessageE] does not match the exsited reader(belongs to node[aphropm_pns|service_navigation_plan|4404])'s message type[galbot.spatial_proto.PoseMsg].
[2026-09-29 13:42:14.251 thread:1171417 error channel_manager.cc:394]:newly added reader(belongs to node[Sensor#0|swallows|4408])'s message type[N6galbot6embosa7MessageE] does not match the exsited reader(belongs to node[embosa_localization_node|localization_server|4403])'s message type[galbot.spatial_proto.PoseMsg].
[2026-09-29 13:42:14.251 thread:1171415 error channel_manager.cc:380]:newly added reader(belongs to node[Sensor#0|swallows|4408])'s message type[N6galbot6embosa7MessageE] does not match the exsited writer(belongs to node[embosa_localization_node|localization_server|4403])'s message type[galbot.spatial_proto.PoseMsg].
[2026-09-29 13:42:14.252 thread:1171421 error channel_manager.cc:380]:newly added reader(belongs to node[Sensor#0|swallows|4408])'s message type[N6galbot6embosa7MessageE] does not match the exsited writer(belongs to node[aphropm_pns|service_navigation_plan|4404])'s message type[galbot.navigation_proto.Path].
[2026-09-29 13:42:14.252 thread:1171416 error channel_manager.cc:380]:newly added reader(belongs to node[Sensor#0|swallows|4408])'s message type[N6galbot6embosa7MessageE] does not match the exsited writer(belongs to node[embosa_test_rpc_client_node|galbot_chassis_service|3945])'s message type[galbot.navigation_proto.Odometry].
[2026-09-29 13:42:14.252 thread:1171416 error channel_manager.cc:394]:newly added reader(belongs to node[Sensor#0|swallows|4408])'s message type[N6galbot6embosa7MessageE] does not match the exsited reader(belongs to node[wbc_sdk_node|python3.11|1171377])'s message type[galbot.navigation_proto.Odometry].
[2026-09-29 13:42:14.252 thread:1171416 error channel_manager.cc:394]:newly added reader(belongs to node[Sensor#0|swallows|4408])'s message type[N6galbot6embosa7MessageE] does not match the exsited reader(belongs to node[embosa_localization_node|localization_server|4403])'s message type[galbot.navigation_proto.Odometry].
[2026-09-29 13:42:14.253 thread:1171418 error channel_manager.cc:380]:newly added reader(belongs to node[relocalization_server|relocalization_server|5489])'s message type[embosa_plain_message_type] does not match the exsited writer(belongs to node[/data/galbot/bin/service_lidar_capture|service_lidar_capture|4406])'s message type[galbot.sensor_proto.PointCloud2].
[2026-09-29 13:42:14.253 thread:1171418 error channel_manager.cc:394]:newly added reader(belongs to node[relocalization_server|relocalization_server|5489])'s message type[embosa_plain_message_type] does not match the exsited reader(belongs to node[Sensor#0|swallows|4408])'s message type[N6galbot6embosa7MessageE].
[2026-09-29 13:42:14.253 thread:1171418 error channel_manager.cc:394]:newly added reader(belongs to node[relocalization_server|relocalization_server|5489])'s message type[embosa_plain_message_type] does not match the exsited reader(belongs to node[galbot_fusion|galbot_fusion_main|4398])'s message type[galbot.sensor_proto.PointCloud2].
[2026-09-29 13:42:14.253 thread:1171418 error channel_manager.cc:394]:newly added reader(belongs to node[relocalization_server|relocalization_server|5489])'s message type[embosa_plain_message_type] does not match the exsited reader(belongs to node[embosa_localization_node|localization_server|4403])'s message type[galbot.sensor_proto.PointCloud2].
[2026-09-29 13:42:14.254 thread:1171420 error channel_manager.cc:380]:newly added reader(belongs to node[Sensor#0|swallows|4408])'s message type[N6galbot6embosa7MessageE] does not match the exsited writer(belongs to node[context_mission_mode|mission_manager|3595])'s message type[galbot.system_proto.mission_manager_proto.MissionManagerMessage].
[2026-09-29 13:42:14.254 thread:1171420 error channel_manager.cc:394]:newly added reader(belongs to node[Sensor#0|swallows|4408])'s message type[N6galbot6embosa7MessageE] does not match the exsited reader(belongs to node[diagnose_process_node|diagnose|3649])'s message type[galbot.system_proto.mission_manager_proto.MissionManagerMessage].
[2026-09-29 13:42:14.254 thread:1171420 error channel_manager.cc:394]:newly added reader(belongs to node[Sensor#0|swallows|4408])'s message type[N6galbot6embosa7MessageE] does not match the exsited reader(belongs to node[data_backflow|data_backflow_service|4051])'s message type[galbot.system_proto.mission_manager_proto.MissionManagerMessage].
[2026-09-29 13:42:14.254 thread:1171411 error channel_manager.cc:380]:newly added reader(belongs to node[Sensor#0|swallows|4408])'s message type[N6galbot6embosa7MessageE] does not match the exsited writer(belongs to node[context_mission_mode|mission_manager|3595])'s message type[galbot.system_proto.mission_manager_proto.OnboardConfig].
[2026-09-29 13:42:14.254 thread:1171411 error channel_manager.cc:380]:newly added reader(belongs to node[Sensor#0|swallows|4408])'s message type[N6galbot6embosa7MessageE] does not match the exsited writer(belongs to node[version_node|devinfo_server|3655])'s message type[galbot.system_proto.mission_manager_proto.OnboardConfig].
[2026-09-29 13:42:14.254 thread:1171411 error channel_manager.cc:394]:newly added reader(belongs to node[Sensor#0|swallows|4408])'s message type[N6galbot6embosa7MessageE] does not match the exsited reader(belongs to node[system_sdk_node|python3.11|1171377])'s message type[galbot.system_proto.mission_manager_proto.OnboardConfig].
[2026-09-29 13:42:14.255 thread:1171419 error channel_manager.cc:380]:newly added reader(belongs to node[Sensor#0|swallows|4408])'s message type[N6galbot6embosa7MessageE] does not match the exsited writer(belongs to node[robot_state_publisher|robot_state_publish|4400])'s message type[galbot.core_proto.StringValue].
[2026-09-29 13:42:14.375 thread:1171404 info dds_sub_serialization_listener.h:573]:DDSSubSerializationListener matched. topic: embosa_node_change_broadcast, total match count: 30, current match count: 30
[2026-09-29 13:42:14.375 thread:1171404 info dds_sub_serialization_listener.h:573]:DDSSubSerializationListener matched. topic: embosa_channel_change_broadcast, total match count: 30, current match count: 30
[2026-09-29 13:42:14.376 thread:1171404 info dds_sub_serialization_listener.h:573]:DDSSubSerializationListener matched. topic: embosa_service_change_broadcast, total match count: 30, current match count: 30
[2026-09-29 13:42:14.377 thread:1171404 info dds_pub_listener.cc:19]:DDSPubListener matched. topic: embosa_node_change_broadcast, total match count: 30, current match count: 30
[2026-09-29 13:42:14.378 thread:1171404 info dds_pub_listener.cc:19]:DDSPubListener matched. topic: embosa_channel_change_broadcast, total match count: 30, current match count: 30
[2026-09-29 13:42:14.378 thread:1171404 info dds_pub_listener.cc:19]:DDSPubListener matched. topic: embosa_service_change_broadcast, total match count: 30, current match count: 30
[2026-09-29 13:42:15.216 thread:1171404 info topology_manager.cc:150]:discovery participant name:galbot-echo+3980_embosa_0
[2026-09-29 13:42:15.289 thread:1171404 info dds_sub_serialization_listener.h:573]:DDSSubSerializationListener matched. topic: embosa_node_change_broadcast, total match count: 31, current match count: 31
[2026-09-29 13:42:15.290 thread:1171404 info dds_sub_serialization_listener.h:573]:DDSSubSerializationListener matched. topic: embosa_channel_change_broadcast, total match count: 31, current match count: 31
[2026-09-29 13:42:15.291 thread:1171404 info dds_sub_serialization_listener.h:573]:DDSSubSerializationListener matched. topic: embosa_service_change_broadcast, total match count: 31, current match count: 31
[2026-09-29 13:42:15.296 thread:1171404 info dds_pub_listener.cc:19]:DDSPubListener matched. topic: embosa_node_change_broadcast, total match count: 31, current match count: 31
[2026-09-29 13:42:15.297 thread:1171404 info dds_pub_listener.cc:19]:DDSPubListener matched. topic: embosa_channel_change_broadcast, total match count: 31, current match count: 31
[2026-09-29 13:42:15.298 thread:1171404 info dds_pub_listener.cc:19]:DDSPubListener matched. topic: embosa_service_change_broadcast, total match count: 31, current match count: 31
[2026-09-29 13:42:15.371 thread:1171417 error channel_manager.cc:394]:newly added reader(belongs to node[hpu_context_node|hpu_launcher|3980])'s message type[galbot.system_proto.mission_manager_proto.MissionManagerMessage] does not match the exsited reader(belongs to node[Sensor#0|swallows|4408])'s message type[N6galbot6embosa7MessageE].
[2026-09-29 13:42:15.372 thread:1171416 error channel_manager.cc:394]:newly added reader(belongs to node[manage_node|hpu_launcher|3980])'s message type[galbot.perception_proto.DetectionResult] does not match the exsited reader(belongs to node[Sensor#0|swallows|4408])'s message type[N6galbot6embosa7MessageE].
[2026-09-29 13:42:15.744 thread:1171404 info topology_manager.cc:150]:discovery participant name:galbot-xcu+4379_embosa_0
[2026-09-29 13:42:15.820 thread:1171404 info dds_sub_serialization_listener.h:573]:DDSSubSerializationListener matched. topic: embosa_node_change_broadcast, total match count: 32, current match count: 32
[2026-09-29 13:42:15.820 thread:1171404 info dds_sub_serialization_listener.h:573]:DDSSubSerializationListener matched. topic: embosa_channel_change_broadcast, total match count: 32, current match count: 32
[2026-09-29 13:42:15.820 thread:1171404 info dds_sub_serialization_listener.h:573]:DDSSubSerializationListener matched. topic: embosa_service_change_broadcast, total match count: 32, current match count: 32
[2026-09-29 13:42:15.820 thread:1171404 info dds_sub_serialization_listener.h:573]:DDSSubSerializationListener matched. topic: singorix/wbcs/sensor, total match count: 1, current match count: 1
[2026-09-29 13:42:15.820 thread:1171404 info dds_sub_serialization_listener.h:573]:DDSSubSerializationListener matched. topic: singorix/wbcs/error, total match count: 1, current match count: 1
[2026-09-29 13:42:15.821 thread:1171404 info dds_sub_serialization_listener.h:573]:DDSSubSerializationListener matched. topic: singorix/wbcs/wbc_info, total match count: 1, current match count: 1
[2026-09-29 13:42:15.821 thread:1171404 info dds_client_sub_serialization_listener.h:383]:DDSClientSubSerializationListener matched. topic: singorix/wbcs/controller_server__RPC__RESPONSE, total match count: 1, current match count: 1
[2026-09-29 13:42:15.821 thread:1171404 info dds_client_sub_serialization_listener.h:383]:DDSClientSubSerializationListener matched. topic: singorix/wbcs/target_server__RPC__RESPONSE, total match count: 1, current match count: 1
[2026-09-29 13:42:15.821 thread:1171404 info dds_pub_listener.cc:19]:DDSPubListener matched. topic: embosa_node_change_broadcast, total match count: 32, current match count: 32
[2026-09-29 13:42:15.821 thread:1171404 info dds_pub_listener.cc:19]:DDSPubListener matched. topic: embosa_channel_change_broadcast, total match count: 32, current match count: 32
[2026-09-29 13:42:15.821 thread:1171404 info dds_pub_listener.cc:19]:DDSPubListener matched. topic: embosa_service_change_broadcast, total match count: 32, current match count: 32
[2026-09-29 13:42:15.822 thread:1171404 info dds_client_pub_listener.cc:20]:DDSClientPubListener matched. topic: singorix/wbcs/controller_server__RPC__REQUEST, total match count: 1, current match count: 1
[2026-09-29 13:42:15.822 thread:1171404 info dds_client_pub_listener.cc:20]:DDSClientPubListener matched. topic: singorix/wbcs/target_server__RPC__REQUEST, total match count: 1, current match count: 1
[2026-09-29 13:42:15.822 thread:1171404 info dds_pub_listener.cc:19]:DDSPubListener matched. topic: singorix/wbcs/target, total match count: 1, current match count: 1
[2026-09-29 13:42:15.848 thread:1171377 info dds_serialization_dataclient.hpp:409]:Matched server, count: 1, topic: singorix/wbcs/target_server
[2026-09-29 13:42:15.914 thread:1171414 error channel_manager.cc:394]:newly added writer(belongs to node[singorix_wbcs_main|singorix_wbcs_main|4379])'s message type[galbot.singorix_proto.SingoriXSensor] does not match the exsited reader(belongs to node[Sensor#0|swallows|4408])'s message type[N6galbot6embosa7MessageE].
[2026-09-29 13:42:15.915 thread:1171414 error channel_manager.cc:394]:newly added writer(belongs to node[singorix_wbcs_main|singorix_wbcs_main|4379])'s message type[galbot.singorix_proto.SingoriXError] does not match the exsited reader(belongs to node[Sensor#0|swallows|4408])'s message type[N6galbot6embosa7MessageE].
[2026-09-29 13:42:15.915 thread:1171414 error channel_manager.cc:394]:newly added writer(belongs to node[singorix_wbcs_main|singorix_wbcs_main|4379])'s message type[galbot.singorix_proto.WBCInfo] does not match the exsited reader(belongs to node[Sensor#0|swallows|4408])'s message type[N6galbot6embosa7MessageE].
[2026-09-29 13:42:15.915 thread:1171414 error channel_manager.cc:394]:newly added reader(belongs to node[singorix_wbcs_main|singorix_wbcs_main|4379])'s message type[galbot.spatial_proto.PoseMsg] does not match the exsited reader(belongs to node[Sensor#0|swallows|4408])'s message type[N6galbot6embosa7MessageE].
[2026-09-29 13:42:15.948 thread:1171377 info dds_serialization_dataclient.hpp:409]:Matched server, count: 1, topic: singorix/wbcs/controller_server
[2026-09-29 13:42:16.048 thread:1171377 info init.h:15]:EmbOSA build version: V9.1.2
[2026-09-29 13:42:16.052 thread:1171377 info dds_node_factory.cpp:526]:Successfully created DataReader for topic: /galbot/mic
[2026-09-29 13:42:16.052 thread:1171377 error channel_manager.cc:380]:newly added reader(belongs to node[audio_transceiver_node|python3.11|1171377])'s message type[galbot.sensor_proto.Audio] does not match the exsited writer(belongs to node[vtn_mic_node|galbot_vtn|4061])'s message type[galbot.Audio].
[2026-09-29 13:42:16.055 thread:1171377 info dds_node_factory.cpp:344]:Successfully created DataWriter for topic: /galbot/spk
[2026-09-29 13:43:14.234 thread:1171377 info state.cc:29]:AsyncShutdown invoked.
[2026-09-29 13:43:14.234 thread:1171399 info init.cc:68]:Embosa shutdown signal received, processing shutdown.
[2026-09-29 13:43:14.234 thread:1171399 info init.cc:74]:Embosa exit callback not set.
[2026-09-29 13:43:14.234 thread:1171399 info init.cc:85]:Embosa exit done callback not set.
[2026-09-29 13:43:14.234 thread:1171399 info init.cc:88]:Embosa enters shuttingdown state.
[2026-09-29 13:43:14.238 thread:1171406 info dds_sub_serialization_listener.h:354]:DDSSubSerializationListener: embosa state is shutdown, topic: singorix/wbcs/sensor
[2026-09-29 13:43:14.239 thread:1171406 info dds_sub_serialization_listener.h:354]:DDSSubSerializationListener: embosa state is shutdown, topic: singorix/wbcs/wbc_info
[2026-09-29 13:43:14.239 thread:1171406 info dds_sub_serialization_listener.h:354]:DDSSubSerializationListener: embosa state is shutdown, topic: singorix/wbcs/error
[2026-09-29 13:43:14.239 thread:1171406 info dds_sub_serialization_listener.h:354]:DDSSubSerializationListener: embosa state is shutdown, topic: /odom/base_link
[2026-09-29 13:43:14.245 thread:1171406 info dds_sub_serialization_listener.h:354]:DDSSubSerializationListener: embosa state is shutdown, topic: singorix/wbcs/sensor
[2026-09-29 13:43:14.246 thread:1171406 info dds_sub_serialization_listener.h:354]:DDSSubSerializationListener: embosa state is shutdown, topic: singorix/wbcs/error
[2026-09-29 13:43:14.248 thread:1171406 info dds_sub_serialization_listener.h:354]:DDSSubSerializationListener: embosa state is shutdown, topic: /odom/base_link
[2026-09-29 13:43:14.254 thread:1171406 info dds_sub_serialization_listener.h:354]:DDSSubSerializationListener: embosa state is shutdown, topic: singorix/wbcs/sensor
[2026-09-29 13:43:14.255 thread:1171406 info dds_sub_serialization_listener.h:354]:DDSSubSerializationListener: embosa state is shutdown, topic: singorix/wbcs/wbc_info
[2026-09-29 13:43:14.255 thread:1171406 info dds_sub_serialization_listener.h:354]:DDSSubSerializationListener: embosa state is shutdown, topic: singorix/wbcs/error
[2026-09-29 13:43:14.259 thread:1171406 info dds_sub_serialization_listener.h:354]:DDSSubSerializationListener: embosa state is shutdown, topic: /odom/base_link
[2026-09-29 13:43:14.262 thread:1171406 info dds_sub_serialization_listener.h:354]:DDSSubSerializationListener: embosa state is shutdown, topic: singorix/wbcs/sensor
[2026-09-29 13:43:14.262 thread:1171406 info dds_sub_serialization_listener.h:354]:DDSSubSerializationListener: embosa state is shutdown, topic: singorix/wbcs/error
[2026-09-29 13:43:14.269 thread:1171406 info dds_sub_serialization_listener.h:354]:DDSSubSerializationListener: embosa state is shutdown, topic: /odom/base_link
[2026-09-29 13:43:14.270 thread:1171406 info dds_sub_serialization_listener.h:354]:DDSSubSerializationListener: embosa state is shutdown, topic: singorix/wbcs/sensor
[2026-09-29 13:43:14.273 thread:1171406 info dds_sub_serialization_listener.h:354]:DDSSubSerializationListener: embosa state is shutdown, topic: singorix/wbcs/wbc_info
[2026-09-29 13:43:14.273 thread:1171406 info dds_sub_serialization_listener.h:354]:DDSSubSerializationListener: embosa state is shutdown, topic: singorix/wbcs/error
[2026-09-29 13:43:14.278 thread:1171406 info dds_sub_serialization_listener.h:354]:DDSSubSerializationListener: embosa state is shutdown, topic: singorix/wbcs/sensor
[2026-09-29 13:43:14.279 thread:1171406 info dds_sub_serialization_listener.h:354]:DDSSubSerializationListener: embosa state is shutdown, topic: singorix/wbcs/error
[2026-09-29 13:43:14.280 thread:1171406 info dds_sub_serialization_listener.h:354]:DDSSubSerializationListener: embosa state is shutdown, topic: /odom/base_link
[2026-09-29 13:43:14.286 thread:1171406 info dds_sub_serialization_listener.h:354]:DDSSubSerializationListener: embosa state is shutdown, topic: singorix/wbcs/sensor
[2026-09-29 13:43:14.287 thread:1171406 info dds_sub_serialization_listener.h:354]:DDSSubSerializationListener: embosa state is shutdown, topic: singorix/wbcs/wbc_info
[2026-09-29 13:43:14.287 thread:1171406 info dds_sub_serialization_listener.h:354]:DDSSubSerializationListener: embosa state is shutdown, topic: singorix/wbcs/error
[2026-09-29 13:43:14.289 thread:1171406 info dds_sub_serialization_listener.h:354]:DDSSubSerializationListener: embosa state is shutdown, topic: /odom/base_link
[2026-09-29 13:43:14.294 thread:1171406 info dds_sub_serialization_listener.h:354]:DDSSubSerializationListener: embosa state is shutdown, topic: singorix/wbcs/sensor
[2026-09-29 13:43:14.294 thread:1171406 info dds_sub_serialization_listener.h:354]:DDSSubSerializationListener: embosa state is shutdown, topic: singorix/wbcs/error
[2026-09-29 13:43:14.299 thread:1171406 info dds_sub_serialization_listener.h:354]:DDSSubSerializationListener: embosa state is shutdown, topic: /odom/base_link
[2026-09-29 13:43:14.302 thread:1171406 info dds_sub_serialization_listener.h:354]:DDSSubSerializationListener: embosa state is shutdown, topic: singorix/wbcs/sensor
[2026-09-29 13:43:14.302 thread:1171406 info dds_sub_serialization_listener.h:354]:DDSSubSerializationListener: embosa state is shutdown, topic: singorix/wbcs/wbc_info
[2026-09-29 13:43:14.302 thread:1171406 info dds_sub_serialization_listener.h:354]:DDSSubSerializationListener: embosa state is shutdown, topic: singorix/wbcs/error
[2026-09-29 13:43:14.309 thread:1171406 info dds_sub_serialization_listener.h:354]:DDSSubSerializationListener: embosa state is shutdown, topic: /odom/base_link
[2026-09-29 13:43:14.310 thread:1171406 info dds_sub_serialization_listener.h:354]:DDSSubSerializationListener: embosa state is shutdown, topic: singorix/wbcs/sensor
[2026-09-29 13:43:14.310 thread:1171406 info dds_sub_serialization_listener.h:354]:DDSSubSerializationListener: embosa state is shutdown, topic: singorix/wbcs/error
[2026-09-29 13:43:14.319 thread:1171406 info dds_sub_serialization_listener.h:354]:DDSSubSerializationListener: embosa state is shutdown, topic: /odom/base_link
[2026-09-29 13:43:14.319 thread:1171406 info dds_sub_serialization_listener.h:354]:DDSSubSerializationListener: embosa state is shutdown, topic: singorix/wbcs/sensor
[2026-09-29 13:43:14.320 thread:1171406 info dds_sub_serialization_listener.h:354]:DDSSubSerializationListener: embosa state is shutdown, topic: singorix/wbcs/wbc_info
[2026-09-29 13:43:14.320 thread:1171406 info dds_sub_serialization_listener.h:354]:DDSSubSerializationListener: embosa state is shutdown, topic: singorix/wbcs/error
[2026-09-29 13:43:14.326 thread:1171406 info dds_sub_serialization_listener.h:354]:DDSSubSerializationListener: embosa state is shutdown, topic: singorix/wbcs/sensor
[2026-09-29 13:43:14.326 thread:1171406 info dds_sub_serialization_listener.h:354]:DDSSubSerializationListener: embosa state is shutdown, topic: singorix/wbcs/error
[2026-09-29 13:43:14.329 thread:1171406 info dds_sub_serialization_listener.h:354]:DDSSubSerializationListener: embosa state is shutdown, topic: /odom/base_link
[2026-09-29 13:43:14.334 thread:1171406 info dds_sub_serialization_listener.h:354]:DDSSubSerializationListener: embosa state is shutdown, topic: singorix/wbcs/sensor
[2026-09-29 13:43:14.335 thread:1171406 info dds_sub_serialization_listener.h:354]:DDSSubSerializationListener: embosa state is shutdown, topic: singorix/wbcs/wbc_info
[2026-09-29 13:43:14.335 thread:1171406 info dds_sub_serialization_listener.h:354]:DDSSubSerializationListener: embosa state is shutdown, topic: singorix/wbcs/error
[2026-09-29 13:43:14.339 thread:1171406 info dds_sub_serialization_listener.h:354]:DDSSubSerializationListener: embosa state is shutdown, topic: /odom/base_link
[2026-09-29 13:43:14.342 thread:1171406 info dds_sub_serialization_listener.h:354]:DDSSubSerializationListener: embosa state is shutdown, topic: singorix/wbcs/sensor
[2026-09-29 13:43:14.342 thread:1171406 info dds_sub_serialization_listener.h:354]:DDSSubSerializationListener: embosa state is shutdown, topic: singorix/wbcs/error
[2026-09-29 13:43:14.350 thread:1171406 info dds_sub_serialization_listener.h:354]:DDSSubSerializationListener: embosa state is shutdown, topic: /odom/base_link
[2026-09-29 13:43:14.350 thread:1171406 info dds_sub_serialization_listener.h:354]:DDSSubSerializationListener: embosa state is shutdown, topic: singorix/wbcs/sensor
[2026-09-29 13:43:14.351 thread:1171406 info dds_sub_serialization_listener.h:354]:DDSSubSerializationListener: embosa state is shutdown, topic: singorix/wbcs/wbc_info
[2026-09-29 13:43:14.351 thread:1171406 info dds_sub_serialization_listener.h:354]:DDSSubSerializationListener: embosa state is shutdown, topic: singorix/wbcs/error
[2026-09-29 13:43:14.358 thread:1171406 info dds_sub_serialization_listener.h:354]:DDSSubSerializationListener: embosa state is shutdown, topic: singorix/wbcs/sensor
[2026-09-29 13:43:14.358 thread:1171406 info dds_sub_serialization_listener.h:354]:DDSSubSerializationListener: embosa state is shutdown, topic: singorix/wbcs/error
[2026-09-29 13:43:14.358 thread:1171406 info dds_sub_serialization_listener.h:354]:DDSSubSerializationListener: embosa state is shutdown, topic: /odom/base_link
[2026-09-29 13:43:14.366 thread:1171406 info dds_sub_serialization_listener.h:354]:DDSSubSerializationListener: embosa state is shutdown, topic: singorix/wbcs/sensor
[2026-09-29 13:43:14.366 thread:1171406 info dds_sub_serialization_listener.h:354]:DDSSubSerializationListener: embosa state is shutdown, topic: singorix/wbcs/wbc_info
[2026-09-29 13:43:14.367 thread:1171406 info dds_sub_serialization_listener.h:354]:DDSSubSerializationListener: embosa state is shutdown, topic: singorix/wbcs/error
[2026-09-29 13:43:14.368 thread:1171406 info dds_sub_serialization_listener.h:354]:DDSSubSerializationListener: embosa state is shutdown, topic: /odom/base_link
[2026-09-29 13:43:14.374 thread:1171406 info dds_sub_serialization_listener.h:354]:DDSSubSerializationListener: embosa state is shutdown, topic: singorix/wbcs/sensor
[2026-09-29 13:43:14.374 thread:1171406 info dds_sub_serialization_listener.h:354]:DDSSubSerializationListener: embosa state is shutdown, topic: singorix/wbcs/error
[2026-09-29 13:43:14.379 thread:1171406 info dds_sub_serialization_listener.h:354]:DDSSubSerializationListener: embosa state is shutdown, topic: /odom/base_link
[2026-09-29 13:43:14.383 thread:1171406 info dds_sub_serialization_listener.h:354]:DDSSubSerializationListener: embosa state is shutdown, topic: singorix/wbcs/sensor
[2026-09-29 13:43:14.384 thread:1171406 info dds_sub_serialization_listener.h:354]:DDSSubSerializationListener: embosa state is shutdown, topic: singorix/wbcs/wbc_info
[2026-09-29 13:43:14.384 thread:1171406 info dds_sub_serialization_listener.h:354]:DDSSubSerializationListener: embosa state is shutdown, topic: singorix/wbcs/error
[2026-09-29 13:43:14.389 thread:1171406 info dds_sub_serialization_listener.h:354]:DDSSubSerializationListener: embosa state is shutdown, topic: /odom/base_link
[2026-09-29 13:43:14.391 thread:1171406 info dds_sub_serialization_listener.h:354]:DDSSubSerializationListener: embosa state is shutdown, topic: singorix/wbcs/sensor
[2026-09-29 13:43:14.392 thread:1171406 info dds_sub_serialization_listener.h:354]:DDSSubSerializationListener: embosa state is shutdown, topic: singorix/wbcs/error
[2026-09-29 13:43:14.398 thread:1171406 info dds_sub_serialization_listener.h:354]:DDSSubSerializationListener: embosa state is shutdown, topic: singorix/wbcs/sensor
[2026-09-29 13:43:14.399 thread:1171406 info dds_sub_serialization_listener.h:354]:DDSSubSerializationListener: embosa state is shutdown, topic: singorix/wbcs/wbc_info
[2026-09-29 13:43:14.399 thread:1171406 info dds_sub_serialization_listener.h:354]:DDSSubSerializationListener: embosa state is shutdown, topic: /odom/base_link
[2026-09-29 13:43:14.400 thread:1171406 info dds_sub_serialization_listener.h:354]:DDSSubSerializationListener: embosa state is shutdown, topic: singorix/wbcs/error
[2026-09-29 13:43:14.406 thread:1171406 info dds_sub_serialization_listener.h:354]:DDSSubSerializationListener: embosa state is shutdown, topic: singorix/wbcs/sensor
[2026-09-29 13:43:14.406 thread:1171406 info dds_sub_serialization_listener.h:354]:DDSSubSerializationListener: embosa state is shutdown, topic: singorix/wbcs/error
[2026-09-29 13:43:14.408 thread:1171406 info dds_sub_serialization_listener.h:354]:DDSSubSerializationListener: embosa state is shutdown, topic: /odom/base_link
[2026-09-29 13:43:14.415 thread:1171406 info dds_sub_serialization_listener.h:354]:DDSSubSerializationListener: embosa state is shutdown, topic: singorix/wbcs/sensor
[2026-09-29 13:43:14.416 thread:1171406 info dds_sub_serialization_listener.h:354]:DDSSubSerializationListener: embosa state is shutdown, topic: singorix/wbcs/wbc_info
[2026-09-29 13:43:14.416 thread:1171406 info dds_sub_serialization_listener.h:354]:DDSSubSerializationListener: embosa state is shutdown, topic: singorix/wbcs/error
[2026-09-29 13:43:14.419 thread:1171406 info dds_sub_serialization_listener.h:354]:DDSSubSerializationListener: embosa state is shutdown, topic: /odom/base_link
[2026-09-29 13:43:14.422 thread:1171406 info dds_sub_serialization_listener.h:354]:DDSSubSerializationListener: embosa state is shutdown, topic: singorix/wbcs/sensor
[2026-09-29 13:43:14.424 thread:1171406 info dds_sub_serialization_listener.h:354]:DDSSubSerializationListener: embosa state is shutdown, topic: singorix/wbcs/error
[2026-09-29 13:43:14.429 thread:1171406 info dds_sub_serialization_listener.h:354]:DDSSubSerializationListener: embosa state is shutdown, topic: /odom/base_link
[2026-09-29 13:43:14.432 thread:1171406 info dds_sub_serialization_listener.h:354]:DDSSubSerializationListener: embosa state is shutdown, topic: singorix/wbcs/sensor
[2026-09-29 13:43:14.434 thread:1171406 info dds_sub_serialization_listener.h:354]:DDSSubSerializationListener: embosa state is shutdown, topic: singorix/wbcs/wbc_info
[2026-09-29 13:43:14.435 thread:1171406 info dds_sub_serialization_listener.h:354]:DDSSubSerializationListener: embosa state is shutdown, topic: singorix/wbcs/error
[2026-09-29 13:43:14.438 thread:1171406 info dds_sub_serialization_listener.h:354]:DDSSubSerializationListener: embosa state is shutdown, topic: singorix/wbcs/sensor
[2026-09-29 13:43:14.439 thread:1171406 info dds_sub_serialization_listener.h:354]:DDSSubSerializationListener: embosa state is shutdown, topic: singorix/wbcs/error
[2026-09-29 13:43:14.441 thread:1171406 info dds_sub_serialization_listener.h:354]:DDSSubSerializationListener: embosa state is shutdown, topic: /odom/base_link
[2026-09-29 13:43:14.446 thread:1171406 info dds_sub_serialization_listener.h:354]:DDSSubSerializationListener: embosa state is shutdown, topic: singorix/wbcs/sensor
[2026-09-29 13:43:14.447 thread:1171406 info dds_sub_serialization_listener.h:354]:DDSSubSerializationListener: embosa state is shutdown, topic: singorix/wbcs/wbc_info
[2026-09-29 13:43:14.447 thread:1171406 info dds_sub_serialization_listener.h:354]:DDSSubSerializationListener: embosa state is shutdown, topic: singorix/wbcs/error
[2026-09-29 13:43:14.449 thread:1171406 info dds_sub_serialization_listener.h:354]:DDSSubSerializationListener: embosa state is shutdown, topic: /odom/base_link
[2026-09-29 13:43:14.455 thread:1171406 info dds_sub_serialization_listener.h:354]:DDSSubSerializationListener: embosa state is shutdown, topic: singorix/wbcs/sensor
[2026-09-29 13:43:14.455 thread:1171406 info dds_sub_serialization_listener.h:354]:DDSSubSerializationListener: embosa state is shutdown, topic: singorix/wbcs/error
[2026-09-29 13:43:14.459 thread:1171406 info dds_sub_serialization_listener.h:354]:DDSSubSerializationListener: embosa state is shutdown, topic: /odom/base_link
[2026-09-29 13:43:14.462 thread:1171406 info dds_sub_serialization_listener.h:354]:DDSSubSerializationListener: embosa state is shutdown, topic: singorix/wbcs/sensor
[2026-09-29 13:43:14.466 thread:1171406 info dds_sub_serialization_listener.h:354]:DDSSubSerializationListener: embosa state is shutdown, topic: singorix/wbcs/wbc_info
[2026-09-29 13:43:14.467 thread:1171406 info dds_sub_serialization_listener.h:354]:DDSSubSerializationListener: embosa state is shutdown, topic: singorix/wbcs/error
[2026-09-29 13:43:14.469 thread:1171406 info dds_sub_serialization_listener.h:354]:DDSSubSerializationListener: embosa state is shutdown, topic: /odom/base_link
[2026-09-29 13:43:14.469 thread:1171406 info dds_sub_serialization_listener.h:354]:DDSSubSerializationListener: embosa state is shutdown, topic: singorix/wbcs/sensor
[2026-09-29 13:43:14.469 thread:1171406 info dds_sub_serialization_listener.h:354]:DDSSubSerializationListener: embosa state is shutdown, topic: singorix/wbcs/error
[2026-09-29 13:43:14.478 thread:1171406 info dds_sub_serialization_listener.h:354]:DDSSubSerializationListener: embosa state is shutdown, topic: singorix/wbcs/sensor
[2026-09-29 13:43:14.478 thread:1171406 info dds_sub_serialization_listener.h:354]:DDSSubSerializationListener: embosa state is shutdown, topic: singorix/wbcs/wbc_info
[2026-09-29 13:43:14.480 thread:1171406 info dds_sub_serialization_listener.h:354]:DDSSubSerializationListener: embosa state is shutdown, topic: singorix/wbcs/error
[2026-09-29 13:43:14.480 thread:1171406 info dds_sub_serialization_listener.h:354]:DDSSubSerializationListener: embosa state is shutdown, topic: /odom/base_link
[2026-09-29 13:43:14.486 thread:1171406 info dds_sub_serialization_listener.h:354]:DDSSubSerializationListener: embosa state is shutdown, topic: singorix/wbcs/sensor
[2026-09-29 13:43:14.486 thread:1171406 info dds_sub_serialization_listener.h:354]:DDSSubSerializationListener: embosa state is shutdown, topic: singorix/wbcs/error
[2026-09-29 13:43:14.490 thread:1171406 info dds_sub_serialization_listener.h:354]:DDSSubSerializationListener: embosa state is shutdown, topic: /odom/base_link
[2026-09-29 13:43:14.494 thread:1171406 info dds_sub_serialization_listener.h:354]:DDSSubSerializationListener: embosa state is shutdown, topic: singorix/wbcs/sensor
[2026-09-29 13:43:14.499 thread:1171406 info dds_sub_serialization_listener.h:354]:DDSSubSerializationListener: embosa state is shutdown, topic: /odom/base_link
[2026-09-29 13:43:14.500 thread:1171406 info dds_sub_serialization_listener.h:354]:DDSSubSerializationListener: embosa state is shutdown, topic: singorix/wbcs/wbc_info
[2026-09-29 13:43:14.506 thread:1171406 info dds_sub_serialization_listener.h:354]:DDSSubSerializationListener: embosa state is shutdown, topic: singorix/wbcs/error
[2026-09-29 13:43:14.509 thread:1171406 info dds_sub_serialization_listener.h:354]:DDSSubSerializationListener: embosa state is shutdown, topic: /odom/base_link
[2026-09-29 13:43:14.509 thread:1171406 info dds_sub_serialization_listener.h:354]:DDSSubSerializationListener: embosa state is shutdown, topic: singorix/wbcs/sensor
[2026-09-29 13:43:14.510 thread:1171406 info dds_sub_serialization_listener.h:354]:DDSSubSerializationListener: embosa state is shutdown, topic: singorix/wbcs/error
[2026-09-29 13:43:14.511 thread:1171406 info dds_sub_serialization_listener.h:354]:DDSSubSerializationListener: embosa state is shutdown, topic: singorix/wbcs/sensor
[2026-09-29 13:43:14.515 thread:1171406 info dds_sub_serialization_listener.h:354]:DDSSubSerializationListener: embosa state is shutdown, topic: singorix/wbcs/wbc_info
[2026-09-29 13:43:14.516 thread:1171406 info dds_sub_serialization_listener.h:354]:DDSSubSerializationListener: embosa state is shutdown, topic: singorix/wbcs/error
[2026-09-29 13:43:14.519 thread:1171406 info dds_sub_serialization_listener.h:354]:DDSSubSerializationListener: embosa state is shutdown, topic: /odom/base_link
[2026-09-29 13:43:14.520 thread:1171406 info dds_sub_serialization_listener.h:354]:DDSSubSerializationListener: embosa state is shutdown, topic: singorix/wbcs/sensor
[2026-09-29 13:43:14.521 thread:1171406 info dds_sub_serialization_listener.h:354]:DDSSubSerializationListener: embosa state is shutdown, topic: singorix/wbcs/error
[2026-09-29 13:43:14.526 thread:1171406 info dds_sub_serialization_listener.h:354]:DDSSubSerializationListener: embosa state is shutdown, topic: singorix/wbcs/sensor
[2026-09-29 13:43:14.528 thread:1171406 info dds_sub_serialization_listener.h:354]:DDSSubSerializationListener: embosa state is shutdown, topic: /odom/base_link
[2026-09-29 13:43:14.529 thread:1171406 info dds_sub_serialization_listener.h:354]:DDSSubSerializationListener: embosa state is shutdown, topic: singorix/wbcs/wbc_info
[2026-09-29 13:43:14.530 thread:1171406 info dds_sub_serialization_listener.h:354]:DDSSubSerializationListener: embosa state is shutdown, topic: singorix/wbcs/error
[2026-09-29 13:43:14.536 thread:1171406 info dds_sub_serialization_listener.h:354]:DDSSubSerializationListener: embosa state is shutdown, topic: singorix/wbcs/sensor
[2026-09-29 13:43:14.539 thread:1171406 info dds_sub_serialization_listener.h:354]:DDSSubSerializationListener: embosa state is shutdown, topic: /odom/base_link
[2026-09-29 13:43:14.540 thread:1171406 info dds_sub_serialization_listener.h:354]:DDSSubSerializationListener: embosa state is shutdown, topic: singorix/wbcs/error
[2026-09-29 13:43:14.542 thread:1171406 info dds_sub_serialization_listener.h:354]:DDSSubSerializationListener: embosa state is shutdown, topic: singorix/wbcs/sensor
[2026-09-29 13:43:14.545 thread:1171406 info dds_sub_serialization_listener.h:354]:DDSSubSerializationListener: embosa state is shutdown, topic: singorix/wbcs/wbc_info
[2026-09-29 13:43:14.547 thread:1171406 info dds_sub_serialization_listener.h:354]:DDSSubSerializationListener: embosa state is shutdown, topic: singorix/wbcs/error
[2026-09-29 13:43:14.549 thread:1171406 info dds_sub_serialization_listener.h:354]:DDSSubSerializationListener: embosa state is shutdown, topic: /odom/base_link
[2026-09-29 13:43:14.551 thread:1171406 info dds_sub_serialization_listener.h:354]:DDSSubSerializationListener: embosa state is shutdown, topic: singorix/wbcs/sensor
[2026-09-29 13:43:14.551 thread:1171406 info dds_sub_serialization_listener.h:354]:DDSSubSerializationListener: embosa state is shutdown, topic: singorix/wbcs/error
[2026-09-29 13:43:14.559 thread:1171406 info dds_sub_serialization_listener.h:354]:DDSSubSerializationListener: embosa state is shutdown, topic: singorix/wbcs/sensor
[2026-09-29 13:43:14.560 thread:1171406 info dds_sub_serialization_listener.h:354]:DDSSubSerializationListener: embosa state is shutdown, topic: /odom/base_link
[2026-09-29 13:43:14.561 thread:1171406 info dds_sub_serialization_listener.h:354]:DDSSubSerializationListener: embosa state is shutdown, topic: singorix/wbcs/wbc_info
[2026-09-29 13:43:14.567 thread:1171406 info dds_sub_serialization_listener.h:354]:DDSSubSerializationListener: embosa state is shutdown, topic: singorix/wbcs/error
[2026-09-29 13:43:14.568 thread:1171406 info dds_sub_serialization_listener.h:354]:DDSSubSerializationListener: embosa state is shutdown, topic: singorix/wbcs/sensor
[2026-09-29 13:43:14.568 thread:1171406 info dds_sub_serialization_listener.h:354]:DDSSubSerializationListener: embosa state is shutdown, topic: singorix/wbcs/error
[2026-09-29 13:43:14.569 thread:1171406 info dds_sub_serialization_listener.h:354]:DDSSubSerializationListener: embosa state is shutdown, topic: /odom/base_link
[2026-09-29 13:43:14.574 thread:1171406 info dds_sub_serialization_listener.h:354]:DDSSubSerializationListener: embosa state is shutdown, topic: singorix/wbcs/sensor
[2026-09-29 13:43:14.575 thread:1171406 info dds_sub_serialization_listener.h:354]:DDSSubSerializationListener: embosa state is shutdown, topic: singorix/wbcs/wbc_info
[2026-09-29 13:43:14.576 thread:1171406 info dds_sub_serialization_listener.h:354]:DDSSubSerializationListener: embosa state is shutdown, topic: singorix/wbcs/error
[2026-09-29 13:43:14.579 thread:1171406 info dds_sub_serialization_listener.h:354]:DDSSubSerializationListener: embosa state is shutdown, topic: /odom/base_link
[2026-09-29 13:43:14.582 thread:1171406 info dds_sub_serialization_listener.h:354]:DDSSubSerializationListener: embosa state is shutdown, topic: singorix/wbcs/sensor
[2026-09-29 13:43:14.584 thread:1171406 info dds_sub_serialization_listener.h:354]:DDSSubSerializationListener: embosa state is shutdown, topic: singorix/wbcs/error
[2026-09-29 13:43:14.589 thread:1171406 info dds_sub_serialization_listener.h:354]:DDSSubSerializationListener: embosa state is shutdown, topic: /odom/base_link
[2026-09-29 13:43:14.591 thread:1171406 info dds_sub_serialization_listener.h:354]:DDSSubSerializationListener: embosa state is shutdown, topic: singorix/wbcs/sensor
[2026-09-29 13:43:14.593 thread:1171406 info dds_sub_serialization_listener.h:354]:DDSSubSerializationListener: embosa state is shutdown, topic: singorix/wbcs/wbc_info
[2026-09-29 13:43:14.593 thread:1171406 info dds_sub_serialization_listener.h:354]:DDSSubSerializationListener: embosa state is shutdown, topic: singorix/wbcs/error
[2026-09-29 13:43:14.599 thread:1171406 info dds_sub_serialization_listener.h:354]:DDSSubSerializationListener: embosa state is shutdown, topic: /odom/base_link
[2026-09-29 13:43:14.604 thread:1171406 info dds_sub_serialization_listener.h:354]:DDSSubSerializationListener: embosa state is shutdown, topic: singorix/wbcs/sensor
[2026-09-29 13:43:14.605 thread:1171406 info dds_sub_serialization_listener.h:354]:DDSSubSerializationListener: embosa state is shutdown, topic: singorix/wbcs/error
[2026-09-29 13:43:14.605 thread:1171406 info dds_sub_serialization_listener.h:354]:DDSSubSerializationListener: embosa state is shutdown, topic: singorix/wbcs/sensor
[2026-09-29 13:43:14.606 thread:1171406 info dds_sub_serialization_listener.h:354]:DDSSubSerializationListener: embosa state is shutdown, topic: singorix/wbcs/wbc_info
[2026-09-29 13:43:14.606 thread:1171406 info dds_sub_serialization_listener.h:354]:DDSSubSerializationListener: embosa state is shutdown, topic: singorix/wbcs/error
[2026-09-29 13:43:14.609 thread:1171406 info dds_sub_serialization_listener.h:354]:DDSSubSerializationListener: embosa state is shutdown, topic: /odom/base_link
[2026-09-29 13:43:14.615 thread:1171406 info dds_sub_serialization_listener.h:354]:DDSSubSerializationListener: embosa state is shutdown, topic: singorix/wbcs/sensor
[2026-09-29 13:43:14.615 thread:1171406 info dds_sub_serialization_listener.h:354]:DDSSubSerializationListener: embosa state is shutdown, topic: singorix/wbcs/error
[2026-09-29 13:43:14.618 thread:1171406 info dds_sub_serialization_listener.h:354]:DDSSubSerializationListener: embosa state is shutdown, topic: /odom/base_link
[2026-09-29 13:43:14.621 thread:1171406 info dds_sub_serialization_listener.h:354]:DDSSubSerializationListener: embosa state is shutdown, topic: singorix/wbcs/sensor
[2026-09-29 13:43:14.622 thread:1171406 info dds_sub_serialization_listener.h:354]:DDSSubSerializationListener: embosa state is shutdown, topic: singorix/wbcs/wbc_info
[2026-09-29 13:43:14.622 thread:1171406 info dds_sub_serialization_listener.h:354]:DDSSubSerializationListener: embosa state is shutdown, topic: singorix/wbcs/error
[2026-09-29 13:43:14.629 thread:1171406 info dds_sub_serialization_listener.h:354]:DDSSubSerializationListener: embosa state is shutdown, topic: /odom/base_link
[2026-09-29 13:43:14.632 thread:1171406 info dds_sub_serialization_listener.h:354]:DDSSubSerializationListener: embosa state is shutdown, topic: singorix/wbcs/sensor
[2026-09-29 13:43:14.632 thread:1171406 info dds_sub_serialization_listener.h:354]:DDSSubSerializationListener: embosa state is shutdown, topic: singorix/wbcs/error
[2026-09-29 13:43:14.639 thread:1171406 info dds_sub_serialization_listener.h:354]:DDSSubSerializationListener: embosa state is shutdown, topic: /odom/base_link
[2026-09-29 13:43:14.641 thread:1171406 info dds_sub_serialization_listener.h:354]:DDSSubSerializationListener: embosa state is shutdown, topic: singorix/wbcs/sensor
[2026-09-29 13:43:14.643 thread:1171406 info dds_sub_serialization_listener.h:354]:DDSSubSerializationListener: embosa state is shutdown, topic: singorix/wbcs/wbc_info
[2026-09-29 13:43:14.644 thread:1171406 info dds_sub_serialization_listener.h:354]:DDSSubSerializationListener: embosa state is shutdown, topic: singorix/wbcs/error
[2026-09-29 13:43:14.647 thread:1171406 info dds_sub_serialization_listener.h:354]:DDSSubSerializationListener: embosa state is shutdown, topic: singorix/wbcs/sensor
[2026-09-29 13:43:14.648 thread:1171406 info dds_sub_serialization_listener.h:354]:DDSSubSerializationListener: embosa state is shutdown, topic: singorix/wbcs/error
[2026-09-29 13:43:14.648 thread:1171406 info dds_sub_serialization_listener.h:354]:DDSSubSerializationListener: embosa state is shutdown, topic: /odom/base_link
[2026-09-29 13:43:14.658 thread:1171406 info dds_sub_serialization_listener.h:354]:DDSSubSerializationListener: embosa state is shutdown, topic: singorix/wbcs/sensor
[2026-09-29 13:43:14.660 thread:1171406 info dds_sub_serialization_listener.h:354]:DDSSubSerializationListener: embosa state is shutdown, topic: /odom/base_link
[2026-09-29 13:43:14.663 thread:1171406 info dds_sub_serialization_listener.h:354]:DDSSubSerializationListener: embosa state is shutdown, topic: singorix/wbcs/wbc_info
[2026-09-29 13:43:14.664 thread:1171406 info dds_sub_serialization_listener.h:354]:DDSSubSerializationListener: embosa state is shutdown, topic: singorix/wbcs/error
[2026-09-29 13:43:14.665 thread:1171406 info dds_sub_serialization_listener.h:354]:DDSSubSerializationListener: embosa state is shutdown, topic: singorix/wbcs/sensor
[2026-09-29 13:43:14.665 thread:1171406 info dds_sub_serialization_listener.h:354]:DDSSubSerializationListener: embosa state is shutdown, topic: singorix/wbcs/error
[2026-09-29 13:43:14.668 thread:1171406 info dds_sub_serialization_listener.h:354]:DDSSubSerializationListener: embosa state is shutdown, topic: /odom/base_link
[2026-09-29 13:43:14.669 thread:1171406 info dds_sub_serialization_listener.h:354]:DDSSubSerializationListener: embosa state is shutdown, topic: singorix/wbcs/sensor
[2026-09-29 13:43:14.671 thread:1171406 info dds_sub_serialization_listener.h:354]:DDSSubSerializationListener: embosa state is shutdown, topic: singorix/wbcs/wbc_info
[2026-09-29 13:43:14.671 thread:1171406 info dds_sub_serialization_listener.h:354]:DDSSubSerializationListener: embosa state is shutdown, topic: singorix/wbcs/error
[2026-09-29 13:43:14.678 thread:1171406 info dds_sub_serialization_listener.h:354]:DDSSubSerializationListener: embosa state is shutdown, topic: singorix/wbcs/sensor
[2026-09-29 13:43:14.679 thread:1171406 info dds_sub_serialization_listener.h:354]:DDSSubSerializationListener: embosa state is shutdown, topic: singorix/wbcs/error
[2026-09-29 13:43:14.679 thread:1171406 info dds_sub_serialization_listener.h:354]:DDSSubSerializationListener: embosa state is shutdown, topic: /odom/base_link
[2026-09-29 13:43:14.686 thread:1171406 info dds_sub_serialization_listener.h:354]:DDSSubSerializationListener: embosa state is shutdown, topic: singorix/wbcs/sensor
[2026-09-29 13:43:14.686 thread:1171406 info dds_sub_serialization_listener.h:354]:DDSSubSerializationListener: embosa state is shutdown, topic: singorix/wbcs/wbc_info
[2026-09-29 13:43:14.686 thread:1171406 info dds_sub_serialization_listener.h:354]:DDSSubSerializationListener: embosa state is shutdown, topic: singorix/wbcs/error
[2026-09-29 13:43:14.689 thread:1171406 info dds_sub_serialization_listener.h:354]:DDSSubSerializationListener: embosa state is shutdown, topic: /odom/base_link
[2026-09-29 13:43:14.694 thread:1171406 info dds_sub_serialization_listener.h:354]:DDSSubSerializationListener: embosa state is shutdown, topic: singorix/wbcs/sensor
[2026-09-29 13:43:14.694 thread:1171406 info dds_sub_serialization_listener.h:354]:DDSSubSerializationListener: embosa state is shutdown, topic: singorix/wbcs/error
[2026-09-29 13:43:14.699 thread:1171406 info dds_sub_serialization_listener.h:354]:DDSSubSerializationListener: embosa state is shutdown, topic: /odom/base_link
[2026-09-29 13:43:14.702 thread:1171406 info dds_sub_serialization_listener.h:354]:DDSSubSerializationListener: embosa state is shutdown, topic: singorix/wbcs/sensor
[2026-09-29 13:43:14.703 thread:1171406 info dds_sub_serialization_listener.h:354]:DDSSubSerializationListener: embosa state is shutdown, topic: singorix/wbcs/wbc_info
[2026-09-29 13:43:14.703 thread:1171406 info dds_sub_serialization_listener.h:354]:DDSSubSerializationListener: embosa state is shutdown, topic: singorix/wbcs/error
[2026-09-29 13:43:14.710 thread:1171406 info dds_sub_serialization_listener.h:354]:DDSSubSerializationListener: embosa state is shutdown, topic: /odom/base_link
[2026-09-29 13:43:14.711 thread:1171406 info dds_sub_serialization_listener.h:354]:DDSSubSerializationListener: embosa state is shutdown, topic: singorix/wbcs/sensor
[2026-09-29 13:43:14.711 thread:1171406 info dds_sub_serialization_listener.h:354]:DDSSubSerializationListener: embosa state is shutdown, topic: singorix/wbcs/error
[2026-09-29 13:43:14.718 thread:1171406 info dds_sub_serialization_listener.h:354]:DDSSubSerializationListener: embosa state is shutdown, topic: singorix/wbcs/sensor
[2026-09-29 13:43:14.719 thread:1171406 info dds_sub_serialization_listener.h:354]:DDSSubSerializationListener: embosa state is shutdown, topic: /odom/base_link
[2026-09-29 13:43:14.719 thread:1171406 info dds_sub_serialization_listener.h:354]:DDSSubSerializationListener: embosa state is shutdown, topic: singorix/wbcs/wbc_info
[2026-09-29 13:43:14.719 thread:1171406 info dds_sub_serialization_listener.h:354]:DDSSubSerializationListener: embosa state is shutdown, topic: singorix/wbcs/error
[2026-09-29 13:43:14.726 thread:1171406 info dds_sub_serialization_listener.h:354]:DDSSubSerializationListener: embosa state is shutdown, topic: singorix/wbcs/sensor
[2026-09-29 13:43:14.726 thread:1171406 info dds_sub_serialization_listener.h:354]:DDSSubSerializationListener: embosa state is shutdown, topic: singorix/wbcs/error
[2026-09-29 13:43:14.728 thread:1171406 info dds_sub_serialization_listener.h:354]:DDSSubSerializationListener: embosa state is shutdown, topic: /odom/base_link
[2026-09-29 13:43:14.735 thread:1171406 info dds_sub_serialization_listener.h:354]:DDSSubSerializationListener: embosa state is shutdown, topic: singorix/wbcs/sensor
[2026-09-29 13:43:14.736 thread:1171406 info dds_sub_serialization_listener.h:354]:DDSSubSerializationListener: embosa state is shutdown, topic: singorix/wbcs/wbc_info
[2026-09-29 13:43:14.738 thread:1171406 info dds_sub_serialization_listener.h:354]:DDSSubSerializationListener: embosa state is shutdown, topic: singorix/wbcs/error
[2026-09-29 13:43:14.738 thread:1171406 info dds_sub_serialization_listener.h:354]:DDSSubSerializationListener: embosa state is shutdown, topic: /odom/base_link
[2026-09-29 13:43:14.742 thread:1171406 info dds_sub_serialization_listener.h:354]:DDSSubSerializationListener: embosa state is shutdown, topic: singorix/wbcs/sensor
[2026-09-29 13:43:14.742 thread:1171406 info dds_sub_serialization_listener.h:354]:DDSSubSerializationListener: embosa state is shutdown, topic: singorix/wbcs/error
[2026-09-29 13:43:14.749 thread:1171406 info dds_sub_serialization_listener.h:354]:DDSSubSerializationListener: embosa state is shutdown, topic: /odom/base_link
[2026-09-29 13:43:14.751 thread:1171406 info dds_sub_serialization_listener.h:354]:DDSSubSerializationListener: embosa state is shutdown, topic: singorix/wbcs/sensor
[2026-09-29 13:43:14.753 thread:1171406 info dds_sub_serialization_listener.h:354]:DDSSubSerializationListener: embosa state is shutdown, topic: singorix/wbcs/wbc_info
[2026-09-29 13:43:14.753 thread:1171406 info dds_sub_serialization_listener.h:354]:DDSSubSerializationListener: embosa state is shutdown, topic: singorix/wbcs/error
[2026-09-29 13:43:14.756 thread:1171406 info dds_sub_serialization_listener.h:354]:DDSSubSerializationListener: embosa state is shutdown, topic: /galbot/mission_manager/onboard_config
[2026-09-29 13:43:14.759 thread:1171406 info dds_sub_serialization_listener.h:354]:DDSSubSerializationListener: embosa state is shutdown, topic: /odom/base_link
[2026-09-29 13:43:14.761 thread:1171406 info dds_sub_serialization_listener.h:354]:DDSSubSerializationListener: embosa state is shutdown, topic: singorix/wbcs/sensor
[2026-09-29 13:43:14.761 thread:1171406 info dds_sub_serialization_listener.h:354]:DDSSubSerializationListener: embosa state is shutdown, topic: singorix/wbcs/error
[2026-09-29 13:43:14.765 thread:1171406 info dds_sub_serialization_listener.h:354]:DDSSubSerializationListener: embosa state is shutdown, topic: singorix/wbcs/sensor
[2026-09-29 13:43:14.766 thread:1171406 info dds_sub_serialization_listener.h:354]:DDSSubSerializationListener: embosa state is shutdown, topic: singorix/wbcs/wbc_info
[2026-09-29 13:43:14.766 thread:1171406 info dds_sub_serialization_listener.h:354]:DDSSubSerializationListener: embosa state is shutdown, topic: singorix/wbcs/error
[2026-09-29 13:43:14.768 thread:1171406 info dds_sub_serialization_listener.h:354]:DDSSubSerializationListener: embosa state is shutdown, topic: /odom/base_link
[2026-09-29 13:43:14.780 thread:1171406 info dds_sub_serialization_listener.h:354]:DDSSubSerializationListener: embosa state is shutdown, topic: /odom/base_link
[2026-09-29 13:43:14.780 thread:1171406 info dds_sub_serialization_listener.h:354]:DDSSubSerializationListener: embosa state is shutdown, topic: singorix/wbcs/sensor
[2026-09-29 13:43:14.781 thread:1171406 info dds_sub_serialization_listener.h:354]:DDSSubSerializationListener: embosa state is shutdown, topic: singorix/wbcs/error
[2026-09-29 13:43:14.781 thread:1171406 info dds_sub_serialization_listener.h:354]:DDSSubSerializationListener: embosa state is shutdown, topic: singorix/wbcs/sensor
[2026-09-29 13:43:14.785 thread:1171406 info dds_sub_serialization_listener.h:354]:DDSSubSerializationListener: embosa state is shutdown, topic: singorix/wbcs/wbc_info
[2026-09-29 13:43:14.787 thread:1171406 info dds_sub_serialization_listener.h:354]:DDSSubSerializationListener: embosa state is shutdown, topic: singorix/wbcs/error
[2026-09-29 13:43:14.789 thread:1171406 info dds_sub_serialization_listener.h:354]:DDSSubSerializationListener: embosa state is shutdown, topic: /odom/base_link
[2026-09-29 13:43:14.790 thread:1171406 info dds_sub_serialization_listener.h:354]:DDSSubSerializationListener: embosa state is shutdown, topic: singorix/wbcs/sensor
[2026-09-29 13:43:14.791 thread:1171406 info dds_sub_serialization_listener.h:354]:DDSSubSerializationListener: embosa state is shutdown, topic: singorix/wbcs/error
[2026-09-29 13:43:14.798 thread:1171406 info dds_sub_serialization_listener.h:354]:DDSSubSerializationListener: embosa state is shutdown, topic: singorix/wbcs/sensor
[2026-09-29 13:43:14.799 thread:1171406 info dds_sub_serialization_listener.h:354]:DDSSubSerializationListener: embosa state is shutdown, topic: /odom/base_link
[2026-09-29 13:43:14.799 thread:1171406 info dds_sub_serialization_listener.h:354]:DDSSubSerializationListener: embosa state is shutdown, topic: singorix/wbcs/wbc_info
[2026-09-29 13:43:14.800 thread:1171406 info dds_sub_serialization_listener.h:354]:DDSSubSerializationListener: embosa state is shutdown, topic: singorix/wbcs/error
[2026-09-29 13:43:14.806 thread:1171406 info dds_sub_serialization_listener.h:354]:DDSSubSerializationListener: embosa state is shutdown, topic: singorix/wbcs/sensor
[2026-09-29 13:43:14.806 thread:1171406 info dds_sub_serialization_listener.h:354]:DDSSubSerializationListener: embosa state is shutdown, topic: singorix/wbcs/error
[2026-09-29 13:43:14.808 thread:1171406 info dds_sub_serialization_listener.h:354]:DDSSubSerializationListener: embosa state is shutdown, topic: /odom/base_link
[2026-09-29 13:43:14.814 thread:1171406 info dds_sub_serialization_listener.h:354]:DDSSubSerializationListener: embosa state is shutdown, topic: singorix/wbcs/sensor
[2026-09-29 13:43:14.814 thread:1171406 info dds_sub_serialization_listener.h:354]:DDSSubSerializationListener: embosa state is shutdown, topic: singorix/wbcs/wbc_info
[2026-09-29 13:43:14.815 thread:1171406 info dds_sub_serialization_listener.h:354]:DDSSubSerializationListener: embosa state is shutdown, topic: singorix/wbcs/error
[2026-09-29 13:43:14.819 thread:1171406 info dds_sub_serialization_listener.h:354]:DDSSubSerializationListener: embosa state is shutdown, topic: /odom/base_link
[2026-09-29 13:43:14.822 thread:1171406 info dds_sub_serialization_listener.h:354]:DDSSubSerializationListener: embosa state is shutdown, topic: singorix/wbcs/sensor
[2026-09-29 13:43:14.822 thread:1171406 info dds_sub_serialization_listener.h:354]:DDSSubSerializationListener: embosa state is shutdown, topic: singorix/wbcs/error
[2026-09-29 13:43:14.828 thread:1171406 info dds_sub_serialization_listener.h:354]:DDSSubSerializationListener: embosa state is shutdown, topic: /odom/base_link
[2026-09-29 13:43:14.830 thread:1171406 info dds_sub_serialization_listener.h:354]:DDSSubSerializationListener: embosa state is shutdown, topic: singorix/wbcs/sensor
[2026-09-29 13:43:14.832 thread:1171406 info dds_sub_serialization_listener.h:354]:DDSSubSerializationListener: embosa state is shutdown, topic: singorix/wbcs/wbc_info
[2026-09-29 13:43:14.833 thread:1171406 info dds_sub_serialization_listener.h:354]:DDSSubSerializationListener: embosa state is shutdown, topic: singorix/wbcs/error
[2026-09-29 13:43:14.839 thread:1171406 info dds_sub_serialization_listener.h:354]:DDSSubSerializationListener: embosa state is shutdown, topic: /odom/base_link
[2026-09-29 13:43:14.840 thread:1171406 info dds_sub_serialization_listener.h:354]:DDSSubSerializationListener: embosa state is shutdown, topic: singorix/wbcs/sensor
[2026-09-29 13:43:14.842 thread:1171406 info dds_sub_serialization_listener.h:354]:DDSSubSerializationListener: embosa state is shutdown, topic: singorix/wbcs/error
[2026-09-29 13:43:14.845 thread:1171406 info dds_sub_serialization_listener.h:354]:DDSSubSerializationListener: embosa state is shutdown, topic: singorix/wbcs/sensor
[2026-09-29 13:43:14.846 thread:1171406 info dds_sub_serialization_listener.h:354]:DDSSubSerializationListener: embosa state is shutdown, topic: singorix/wbcs/wbc_info
[2026-09-29 13:43:14.846 thread:1171406 info dds_sub_serialization_listener.h:354]:DDSSubSerializationListener: embosa state is shutdown, topic: singorix/wbcs/error
[2026-09-29 13:43:14.849 thread:1171406 info dds_sub_serialization_listener.h:354]:DDSSubSerializationListener: embosa state is shutdown, topic: /odom/base_link
[2026-09-29 13:43:14.854 thread:1171406 info dds_sub_serialization_listener.h:354]:DDSSubSerializationListener: embosa state is shutdown, topic: singorix/wbcs/sensor
[2026-09-29 13:43:14.854 thread:1171406 info dds_sub_serialization_listener.h:354]:DDSSubSerializationListener: embosa state is shutdown, topic: singorix/wbcs/error
[2026-09-29 13:43:14.858 thread:1171406 info dds_sub_serialization_listener.h:354]:DDSSubSerializationListener: embosa state is shutdown, topic: /odom/base_link
[2026-09-29 13:43:14.861 thread:1171406 info dds_sub_serialization_listener.h:354]:DDSSubSerializationListener: embosa state is shutdown, topic: singorix/wbcs/sensor
[2026-09-29 13:43:14.862 thread:1171406 info dds_sub_serialization_listener.h:354]:DDSSubSerializationListener: embosa state is shutdown, topic: singorix/wbcs/wbc_info
[2026-09-29 13:43:14.862 thread:1171406 info dds_sub_serialization_listener.h:354]:DDSSubSerializationListener: embosa state is shutdown, topic: singorix/wbcs/error
[2026-09-29 13:43:14.869 thread:1171406 info dds_sub_serialization_listener.h:354]:DDSSubSerializationListener: embosa state is shutdown, topic: /odom/base_link
[2026-09-29 13:43:14.870 thread:1171406 info dds_sub_serialization_listener.h:354]:DDSSubSerializationListener: embosa state is shutdown, topic: singorix/wbcs/sensor
[2026-09-29 13:43:14.871 thread:1171406 info dds_sub_serialization_listener.h:354]:DDSSubSerializationListener: embosa state is shutdown, topic: singorix/wbcs/error
[2026-09-29 13:43:14.878 thread:1171406 info dds_sub_serialization_listener.h:354]:DDSSubSerializationListener: embosa state is shutdown, topic: /odom/base_link
[2026-09-29 13:43:14.880 thread:1171406 info dds_sub_serialization_listener.h:354]:DDSSubSerializationListener: embosa state is shutdown, topic: singorix/wbcs/sensor
[2026-09-29 13:43:14.883 thread:1171406 info dds_sub_serialization_listener.h:354]:DDSSubSerializationListener: embosa state is shutdown, topic: singorix/wbcs/wbc_info
[2026-09-29 13:43:14.883 thread:1171406 info dds_sub_serialization_listener.h:354]:DDSSubSerializationListener: embosa state is shutdown, topic: singorix/wbcs/error
[2026-09-29 13:43:14.886 thread:1171406 info dds_sub_serialization_listener.h:354]:DDSSubSerializationListener: embosa state is shutdown, topic: singorix/wbcs/sensor
[2026-09-29 13:43:14.886 thread:1171406 info dds_sub_serialization_listener.h:354]:DDSSubSerializationListener: embosa state is shutdown, topic: singorix/wbcs/error
[2026-09-29 13:43:14.889 thread:1171406 info dds_sub_serialization_listener.h:354]:DDSSubSerializationListener: embosa state is shutdown, topic: /odom/base_link
[2026-09-29 13:43:14.894 thread:1171406 info dds_sub_serialization_listener.h:354]:DDSSubSerializationListener: embosa state is shutdown, topic: singorix/wbcs/sensor
[2026-09-29 13:43:14.894 thread:1171406 info dds_sub_serialization_listener.h:354]:DDSSubSerializationListener: embosa state is shutdown, topic: singorix/wbcs/wbc_info
[2026-09-29 13:43:14.895 thread:1171406 info dds_sub_serialization_listener.h:354]:DDSSubSerializationListener: embosa state is shutdown, topic: singorix/wbcs/error
[2026-09-29 13:43:14.899 thread:1171406 info dds_sub_serialization_listener.h:354]:DDSSubSerializationListener: embosa state is shutdown, topic: /odom/base_link
[2026-09-29 13:43:14.901 thread:1171406 info dds_sub_serialization_listener.h:354]:DDSSubSerializationListener: embosa state is shutdown, topic: singorix/wbcs/sensor
[2026-09-29 13:43:14.902 thread:1171406 info dds_sub_serialization_listener.h:354]:DDSSubSerializationListener: embosa state is shutdown, topic: singorix/wbcs/error
[2026-09-29 13:43:14.909 thread:1171406 info dds_sub_serialization_listener.h:354]:DDSSubSerializationListener: embosa state is shutdown, topic: /odom/base_link
[2026-09-29 13:43:14.910 thread:1171406 info dds_sub_serialization_listener.h:354]:DDSSubSerializationListener: embosa state is shutdown, topic: singorix/wbcs/sensor
[2026-09-29 13:43:14.910 thread:1171406 info dds_sub_serialization_listener.h:354]:DDSSubSerializationListener: embosa state is shutdown, topic: singorix/wbcs/wbc_info
[2026-09-29 13:43:14.910 thread:1171406 info dds_sub_serialization_listener.h:354]:DDSSubSerializationListener: embosa state is shutdown, topic: singorix/wbcs/error
[2026-09-29 13:43:14.919 thread:1171406 info dds_sub_serialization_listener.h:354]:DDSSubSerializationListener: embosa state is shutdown, topic: singorix/wbcs/sensor
[2026-09-29 13:43:14.919 thread:1171406 info dds_sub_serialization_listener.h:354]:DDSSubSerializationListener: embosa state is shutdown, topic: /odom/base_link
[2026-09-29 13:43:14.919 thread:1171406 info dds_sub_serialization_listener.h:354]:DDSSubSerializationListener: embosa state is shutdown, topic: singorix/wbcs/error
[2026-09-29 13:43:14.925 thread:1171406 info dds_sub_serialization_listener.h:354]:DDSSubSerializationListener: embosa state is shutdown, topic: singorix/wbcs/sensor
[2026-09-29 13:43:14.926 thread:1171406 info dds_sub_serialization_listener.h:354]:DDSSubSerializationListener: embosa state is shutdown, topic: singorix/wbcs/wbc_info
[2026-09-29 13:43:14.926 thread:1171406 info dds_sub_serialization_listener.h:354]:DDSSubSerializationListener: embosa state is shutdown, topic: singorix/wbcs/error
[2026-09-29 13:43:14.928 thread:1171406 info dds_sub_serialization_listener.h:354]:DDSSubSerializationListener: embosa state is shutdown, topic: /odom/base_link
[2026-09-29 13:43:14.934 thread:1171406 info dds_sub_serialization_listener.h:354]:DDSSubSerializationListener: embosa state is shutdown, topic: singorix/wbcs/sensor
[2026-09-29 13:43:14.934 thread:1171406 info dds_sub_serialization_listener.h:354]:DDSSubSerializationListener: embosa state is shutdown, topic: singorix/wbcs/error
[2026-09-29 13:43:14.934 thread:1171377 info init.cc:228]:Embosa exit.
[2026-09-29 13:43:14.934 thread:1171377 info dds_node_factory.cpp:49]:Clearing all writers from writer_map_
[2026-09-29 13:43:14.936 thread:1171377 info dds_node_factory.cpp:1179]:DeleteWriterUnlock: Writer and associated resources successfully removed
[2026-09-29 13:43:14.938 thread:1171406 info dds_sub_serialization_listener.h:354]:DDSSubSerializationListener: embosa state is shutdown, topic: /odom/base_link
[2026-09-29 13:43:14.941 thread:1171406 info dds_sub_serialization_listener.h:354]:DDSSubSerializationListener: embosa state is shutdown, topic: singorix/wbcs/sensor
[2026-09-29 13:43:14.942 thread:1171406 info dds_sub_serialization_listener.h:354]:DDSSubSerializationListener: embosa state is shutdown, topic: singorix/wbcs/wbc_info
[2026-09-29 13:43:14.942 thread:1171406 info dds_sub_serialization_listener.h:354]:DDSSubSerializationListener: embosa state is shutdown, topic: singorix/wbcs/error
[2026-09-29 13:43:14.945 thread:1171377 info dds_node_factory.cpp:1179]:DeleteWriterUnlock: Writer and associated resources successfully removed
[2026-09-29 13:43:14.949 thread:1171406 info dds_sub_serialization_listener.h:354]:DDSSubSerializationListener: embosa state is shutdown, topic: /odom/base_link
[2026-09-29 13:43:14.951 thread:1171406 info dds_sub_serialization_listener.h:354]:DDSSubSerializationListener: embosa state is shutdown, topic: singorix/wbcs/sensor
[2026-09-29 13:43:14.951 thread:1171406 info dds_sub_serialization_listener.h:354]:DDSSubSerializationListener: embosa state is shutdown, topic: singorix/wbcs/error
[2026-09-29 13:43:14.954 thread:1171377 info dds_node_factory.cpp:1179]:DeleteWriterUnlock: Writer and associated resources successfully removed
[2026-09-29 13:43:14.955 thread:1171377 info dds_node_factory.cpp:1179]:DeleteWriterUnlock: Writer and associated resources successfully removed
[2026-09-29 13:43:14.956 thread:1171377 info dds_sub_serialization_listener.h:565]:DDSSubSerializationListener: embosa state is shutdown, topic: embosa_service_change_broadcast
[2026-09-29 13:43:14.956 thread:1171377 info dds_node_factory.cpp:1179]:DeleteWriterUnlock: Writer and associated resources successfully removed
[2026-09-29 13:43:14.957 thread:1171377 info dds_sub_serialization_listener.h:565]:DDSSubSerializationListener: embosa state is shutdown, topic: embosa_channel_change_broadcast
[2026-09-29 13:43:14.957 thread:1171377 info dds_node_factory.cpp:1179]:DeleteWriterUnlock: Writer and associated resources successfully removed
[2026-09-29 13:43:14.958 thread:1171377 info dds_sub_serialization_listener.h:565]:DDSSubSerializationListener: embosa state is shutdown, topic: embosa_node_change_broadcast
[2026-09-29 13:43:14.958 thread:1171377 info dds_node_factory.cpp:1179]:DeleteWriterUnlock: Writer and associated resources successfully removed
[2026-09-29 13:43:14.958 thread:1171377 info dds_node_factory.cpp:75]:All writers cleared successfully
[2026-09-29 13:43:14.958 thread:1171377 info dds_node_factory.cpp:81]:Clearing all readers from reader_map_
[2026-09-29 13:43:14.959 thread:1171377 info dds_node_factory.cpp:1322]:DeleteReaderUnlock: Reader and associated resources successfully removed
[2026-09-29 13:43:14.960 thread:1171377 info dds_node_factory.cpp:1322]:DeleteReaderUnlock: Reader and associated resources successfully removed
[2026-09-29 13:43:14.962 thread:1171377 info dds_node_factory.cpp:1322]:DeleteReaderUnlock: Reader and associated resources successfully removed
[2026-09-29 13:43:14.963 thread:1171406 info dds_sub_serialization_listener.h:354]:DDSSubSerializationListener: embosa state is shutdown, topic: singorix/wbcs/sensor
[2026-09-29 13:43:14.963 thread:1171377 info dds_node_factory.cpp:1322]:DeleteReaderUnlock: Reader and associated resources successfully removed
[2026-09-29 13:43:14.964 thread:1171377 info dds_node_factory.cpp:1322]:DeleteReaderUnlock: Reader and associated resources successfully removed
[2026-09-29 13:43:14.966 thread:1171406 info dds_sub_serialization_listener.h:354]:DDSSubSerializationListener: embosa state is shutdown, topic: singorix/wbcs/sensor
[2026-09-29 13:43:14.966 thread:1171377 info dds_node_factory.cpp:1322]:DeleteReaderUnlock: Reader and associated resources successfully removed
[2026-09-29 13:43:14.969 thread:1171377 info dds_node_factory.cpp:1322]:DeleteReaderUnlock: Reader and associated resources successfully removed
[2026-09-29 13:43:14.971 thread:1171377 info dds_node_factory.cpp:1322]:DeleteReaderUnlock: Reader and associated resources successfully removed
[2026-09-29 13:43:14.972 thread:1171377 info dds_node_factory.cpp:1322]:DeleteReaderUnlock: Reader and associated resources successfully removed
[2026-09-29 13:43:14.974 thread:1171377 info dds_node_factory.cpp:1322]:DeleteReaderUnlock: Reader and associated resources successfully removed
[2026-09-29 13:43:14.974 thread:1171406 info dds_sub_serialization_listener.h:354]:DDSSubSerializationListener: embosa state is shutdown, topic: singorix/wbcs/sensor
[2026-09-29 13:43:14.976 thread:1171377 info dds_node_factory.cpp:1322]:DeleteReaderUnlock: Reader and associated resources successfully removed
[2026-09-29 13:43:14.978 thread:1171377 info dds_node_factory.cpp:1322]:DeleteReaderUnlock: Reader and associated resources successfully removed
[2026-09-29 13:43:14.979 thread:1171377 info dds_node_factory.cpp:1322]:DeleteReaderUnlock: Reader and associated resources successfully removed
[2026-09-29 13:43:14.980 thread:1171377 info dds_node_factory.cpp:1322]:DeleteReaderUnlock: Reader and associated resources successfully removed
[2026-09-29 13:43:14.982 thread:1171377 info dds_node_factory.cpp:1322]:DeleteReaderUnlock: Reader and associated resources successfully removed
[2026-09-29 13:43:14.984 thread:1171377 info dds_node_factory.cpp:1322]:DeleteReaderUnlock: Reader and associated resources successfully removed
[2026-09-29 13:43:14.985 thread:1171377 info dds_node_factory.cpp:1322]:DeleteReaderUnlock: Reader and associated resources successfully removed
[2026-09-29 13:43:14.985 thread:1171406 info dds_sub_serialization_listener.h:354]:DDSSubSerializationListener: embosa state is shutdown, topic: singorix/wbcs/sensor
[2026-09-29 13:43:14.987 thread:1171377 info dds_node_factory.cpp:1322]:DeleteReaderUnlock: Reader and associated resources successfully removed
[2026-09-29 13:43:14.989 thread:1171377 info dds_node_factory.cpp:1322]:DeleteReaderUnlock: Reader and associated resources successfully removed
[2026-09-29 13:43:14.990 thread:1171377 info dds_node_factory.cpp:1322]:DeleteReaderUnlock: Reader and associated resources successfully removed
[2026-09-29 13:43:14.990 thread:1171406 info dds_sub_serialization_listener.h:354]:DDSSubSerializationListener: embosa state is shutdown, topic: singorix/wbcs/sensor
[2026-09-29 13:43:14.993 thread:1171377 info dds_node_factory.cpp:1322]:DeleteReaderUnlock: Reader and associated resources successfully removed
[2026-09-29 13:43:14.994 thread:1171377 info dds_node_factory.cpp:1322]:DeleteReaderUnlock: Reader and associated resources successfully removed
[2026-09-29 13:43:14.996 thread:1171377 info dds_node_factory.cpp:1322]:DeleteReaderUnlock: Reader and associated resources successfully removed
[2026-09-29 13:43:14.998 thread:1171377 info dds_node_factory.cpp:1322]:DeleteReaderUnlock: Reader and associated resources successfully removed
[2026-09-29 13:43:14.999 thread:1171406 info dds_sub_serialization_listener.h:354]:DDSSubSerializationListener: embosa state is shutdown, topic: singorix/wbcs/sensor
[2026-09-29 13:43:15.000 thread:1171377 info dds_node_factory.cpp:1322]:DeleteReaderUnlock: Reader and associated resources successfully removed
[2026-09-29 13:43:15.001 thread:1171377 info dds_node_factory.cpp:1322]:DeleteReaderUnlock: Reader and associated resources successfully removed
[2026-09-29 13:43:15.004 thread:1171377 info dds_node_factory.cpp:1322]:DeleteReaderUnlock: Reader and associated resources successfully removed
[2026-09-29 13:43:15.005 thread:1171377 info dds_node_factory.cpp:1322]:DeleteReaderUnlock: Reader and associated resources successfully removed
[2026-09-29 13:43:15.008 thread:1171377 info dds_node_factory.cpp:1322]:DeleteReaderUnlock: Reader and associated resources successfully removed
[2026-09-29 13:43:15.011 thread:1171377 info dds_node_factory.cpp:1322]:DeleteReaderUnlock: Reader and associated resources successfully removed
[2026-09-29 13:43:15.012 thread:1171377 info dds_node_factory.cpp:1322]:DeleteReaderUnlock: Reader and associated resources successfully removed
[2026-09-29 13:43:15.014 thread:1171377 info dds_node_factory.cpp:1322]:DeleteReaderUnlock: Reader and associated resources successfully removed
[2026-09-29 13:43:15.017 thread:1171377 info dds_node_factory.cpp:1322]:DeleteReaderUnlock: Reader and associated resources successfully removed
[2026-09-29 13:43:15.020 thread:1171377 info dds_node_factory.cpp:1322]:DeleteReaderUnlock: Reader and associated resources successfully removed
[2026-09-29 13:43:15.020 thread:1171400 warning RTPS_MSG_IN:676]:DDS (ID:281472254566880) Data received when NO readers are listening
[2026-09-29 13:43:15.020 thread:1171377 info dds_node_factory.cpp:107]:All readers cleared successfully
[2026-09-29 13:43:15.032 thread:1171377 info threadpool.cpp:99]:threadpool release
