[2026-09-29 13:46:10.133 thread:1190223 info statistics.cc:167]:
+-------------------------------------------------------+---------------+-------------------------------------------------------------------------+-------------------------+-------------------------+
| Topic                                                 | Peer Hostname | Peer Node Name                                                          | Create Time             | Match Time              |
+-------------------------------------------------------+---------------+-------------------------------------------------------------------------+-------------------------+-------------------------+
| reader_sub:/galbot/mic                                | galbot-echo   | vtn_mic_node|galbot_vtn|4061                                            | 2026-09-29 13:46:05.893 | unmatch                 |
| reader_sub:singorix/wbcs/sensor                       | galbot-xcu    | singorix_wbcs_main|singorix_wbcs_main|4379                              | 2026-09-29 13:46:05.583 | 2026-09-29 13:46:05.616 |
| reader_sub:/galbot/mission_manager/onboard_config     | galbot-xcu    | context_mission_mode|mission_manager|3595                               | 2026-09-29 13:46:05.497 | 2026-09-29 13:46:06.602 |
|                                                       | galbot-xcu    | version_node|devinfo_server|3655                                        |                         |                         |
| reader_sub:/embosa_tf_static                          | galbot-echo   | robot_state_publisher|robot_state_publish|4400                          | 2026-09-29 13:46:05.493 | unmatch                 |
|                                                       | galbot-echo   | embosa_eyehand_calib_publish|eyehand_calib_publish|4399                 |                         |                         |
| reader_sub:/embosa_tf                                 | galbot-echo   | robot_state_publisher|robot_state_publish|4400                          | 2026-09-29 13:46:05.489 | unmatch                 |
|                                                       | galbot-echo   | service_front_head_camera_sensor_capture|front_head_camera_capture|4401 |                         |                         |
|                                                       | galbot-echo   | service_right_arm_camera_sensor_capture|right_arm_camera_capture|4407   |                         |                         |
|                                                       | galbot-echo   | embosa_localization_node|localization_server|4403                       |                         |                         |
|                                                       | galbot-echo   | service_left_arm_camera_sensor_capture|left_arm_camera_capture|4410     |                         |                         |
| reader_sub:/right_rear_surround/color/image_raw       | galbot-echo   | service_surround_cameras_sensor_capture|surround_cameras_capture|4397   | 2026-09-29 13:46:05.458 | unmatch                 |
| reader_sub:/right_front_surround/color/image_raw      | galbot-echo   | service_surround_cameras_sensor_capture|surround_cameras_capture|4397   | 2026-09-29 13:46:05.406 | unmatch                 |
| reader_sub:/left_front_surround/color/camera_info     | galbot-echo   | service_surround_cameras_sensor_capture|surround_cameras_capture|4397   | 2026-09-29 13:46:05.398 | unmatch                 |
| reader_sub:/right_front_surround/color/camera_info    | galbot-echo   | service_surround_cameras_sensor_capture|surround_cameras_capture|4397   | 2026-09-29 13:46:05.424 | unmatch                 |
| reader_sub:/front_head_camera/left_color/image_raw    | galbot-echo   | service_front_head_camera_sensor_capture|front_head_camera_capture|4401 | 2026-09-29 13:46:05.185 | unmatch                 |
| reader_sub:/front_head_camera/right_color/camera_info | galbot-echo   | service_front_head_camera_sensor_capture|front_head_camera_capture|4401 | 2026-09-29 13:46:05.264 | unmatch                 |
| reader_sub:/odom/base_link                            | galbot-xcu    | embosa_test_rpc_client_node|galbot_chassis_service|3945                 | 2026-09-29 13:46:05.587 | 2026-09-29 13:46:05.590 |
| reader_sub:singorix/wbcs/error                        | galbot-xcu    | singorix_wbcs_main|singorix_wbcs_main|4379                              | 2026-09-29 13:46:05.574 | 2026-09-29 13:46:05.616 |
| reader_sub:bms                                        | galbot-xcu    | embosa_bms_sub_node|galbot_chassis_service|3945                         | 2026-09-29 13:46:05.502 | 2026-09-29 13:46:05.504 |
| reader_sub:/right_arm_camera/color/camera_info        | galbot-echo   | service_right_arm_camera_sensor_capture|right_arm_camera_capture|4407   | 2026-09-29 13:46:05.348 | unmatch                 |
| reader_sub:/front_head_camera/left_color/camera_info  | galbot-echo   | service_front_head_camera_sensor_capture|front_head_camera_capture|4401 | 2026-09-29 13:46:05.232 | unmatch                 |
| reader_sub:/front_head_camera/right_color/image_raw   | galbot-echo   | service_front_head_camera_sensor_capture|front_head_camera_capture|4401 | 2026-09-29 13:46:05.239 | unmatch                 |
| reader_sub:/right_rear_surround/color/camera_info     | galbot-echo   | service_surround_cameras_sensor_capture|surround_cameras_capture|4397   | 2026-09-29 13:46:05.478 | unmatch                 |
| reader_sub:/left_arm_camera/color/camera_info         | galbot-echo   | service_left_arm_camera_sensor_capture|left_arm_camera_capture|4410     | 2026-09-29 13:46:05.293 | unmatch                 |
| reader_sub:/left_arm_camera/depth/image_raw           | galbot-echo   | service_left_arm_camera_sensor_capture|left_arm_camera_capture|4410     | 2026-09-29 13:46:05.299 | unmatch                 |
| reader_sub:singorix/wbcs/wbc_info                     | galbot-xcu    | singorix_wbcs_main|singorix_wbcs_main|4379                              | 2026-09-29 13:46:05.578 | 2026-09-29 13:46:05.616 |
| reader_sub:/left_arm_camera/depth/camera_info         | galbot-echo   | service_left_arm_camera_sensor_capture|left_arm_camera_capture|4410     | 2026-09-29 13:46:05.320 | unmatch                 |
| reader_sub:/left_rear_surround/color/image_raw        | galbot-echo   | service_surround_cameras_sensor_capture|surround_cameras_capture|4397   | 2026-09-29 13:46:05.432 | unmatch                 |
| reader_sub:/right_arm_camera/color/image_raw          | galbot-echo   | service_right_arm_camera_sensor_capture|right_arm_camera_capture|4407   | 2026-09-29 13:46:05.329 | unmatch                 |
| reader_sub:/left_rear_surround/color/camera_info      | galbot-echo   | service_surround_cameras_sensor_capture|surround_cameras_capture|4397   | 2026-09-29 13:46:05.448 | unmatch                 |
| reader_sub:/right_arm_camera/depth/image_raw          | galbot-echo   | service_right_arm_camera_sensor_capture|right_arm_camera_capture|4407   | 2026-09-29 13:46:05.358 | unmatch                 |
| reader_sub:/left_arm_camera/color/image_raw           | galbot-echo   | service_left_arm_camera_sensor_capture|left_arm_camera_capture|4410     | 2026-09-29 13:46:05.268 | unmatch                 |
| reader_sub:/right_arm_camera/depth/camera_info        | galbot-echo   | service_right_arm_camera_sensor_capture|right_arm_camera_capture|4407   | 2026-09-29 13:46:05.378 | unmatch                 |
| reader_sub:/left_front_surround/color/image_raw       | galbot-echo   | service_surround_cameras_sensor_capture|surround_cameras_capture|4397   | 2026-09-29 13:46:05.382 | unmatch                 |
| client_sub:singorix/wbcs/controller_server            | galbot-xcu    | singorix_wbcs_main|singorix_wbcs_main|4379                              | 2026-09-29 13:46:05.542 | 2026-09-29 13:46:05.616 |
| client_sub:singorix/wbcs/target_server                | galbot-xcu    | singorix_wbcs_main|singorix_wbcs_main|4379                              | 2026-09-29 13:46:05.511 | 2026-09-29 13:46:05.616 |
+-------------------------------------------------------+---------------+-------------------------------------------------------------------------+-------------------------+-------------------------+

[2026-09-29 13:46:10.134 thread:1190223 info statistics.cc:245]:
+-------------------------------------------------------+------------------+------------------+------------------+------------+------------+--------+--------------+
| Topic                                                 | Latency Avg (us) | Latency Max (us) | Latency Min (us) | Loss Count | Recv Count | Hz     | Bandwidth    |
+-------------------------------------------------------+------------------+------------------+------------------+------------+------------+--------+--------------+
| reader_sub:/galbot/mic                                | unknown          | unknown          | unknown          | 0          | 0          | 0.000  | 0.000 KB/s   |
| reader_sub:singorix/wbcs/sensor                       | 2109             | 25660            | 526              | 0          | 439        | 87.800 | 174.195 KB/s |
| reader_sub:/galbot/mission_manager/onboard_config     | 914              | 1269             | 621              | 0          | 4          | 0.800  | 0.035 KB/s   |
| reader_sub:/embosa_tf_static                          | unknown          | unknown          | unknown          | 0          | 0          | 0.000  | 0.000 KB/s   |
| reader_sub:/embosa_tf                                 | unknown          | unknown          | unknown          | 0          | 0          | 0.000  | 0.000 KB/s   |
| reader_sub:/right_rear_surround/color/image_raw       | unknown          | unknown          | unknown          | 0          | 0          | 0.000  | 0.000 KB/s   |
| reader_sub:/right_front_surround/color/image_raw      | unknown          | unknown          | unknown          | 0          | 0          | 0.000  | 0.000 KB/s   |
| reader_sub:/left_front_surround/color/camera_info     | unknown          | unknown          | unknown          | 0          | 0          | 0.000  | 0.000 KB/s   |
| reader_sub:/right_front_surround/color/camera_info    | unknown          | unknown          | unknown          | 0          | 0          | 0.000  | 0.000 KB/s   |
| reader_sub:/front_head_camera/left_color/image_raw    | unknown          | unknown          | unknown          | 0          | 0          | 0.000  | 0.000 KB/s   |
| reader_sub:/front_head_camera/right_color/camera_info | unknown          | unknown          | unknown          | 0          | 0          | 0.000  | 0.000 KB/s   |
| reader_sub:/odom/base_link                            | 1132             | 13429            | 322              | 0          | 451        | 90.200 | 9.922 KB/s   |
| reader_sub:singorix/wbcs/error                        | 1448             | 27537            | 367              | 0          | 440        | 88.000 | 1.320 KB/s   |
| reader_sub:bms                                        | 901              | 1143             | 522              | 0          | 4          | 0.800  | 0.857 KB/s   |
| reader_sub:/right_arm_camera/color/camera_info        | unknown          | unknown          | unknown          | 0          | 0          | 0.000  | 0.000 KB/s   |
| reader_sub:/front_head_camera/left_color/camera_info  | unknown          | unknown          | unknown          | 0          | 0          | 0.000  | 0.000 KB/s   |
| reader_sub:/front_head_camera/right_color/image_raw   | unknown          | unknown          | unknown          | 0          | 0          | 0.000  | 0.000 KB/s   |
| reader_sub:/right_rear_surround/color/camera_info     | unknown          | unknown          | unknown          | 0          | 0          | 0.000  | 0.000 KB/s   |
| reader_sub:/left_arm_camera/color/camera_info         | unknown          | unknown          | unknown          | 0          | 0          | 0.000  | 0.000 KB/s   |
| reader_sub:/left_arm_camera/depth/image_raw           | unknown          | unknown          | unknown          | 0          | 0          | 0.000  | 0.000 KB/s   |
| reader_sub:singorix/wbcs/wbc_info                     | 3558             | 376504           | 584              | 0          | 220        | 44.000 | 355.935 KB/s |
| reader_sub:/left_arm_camera/depth/camera_info         | unknown          | unknown          | unknown          | 0          | 0          | 0.000  | 0.000 KB/s   |
| reader_sub:/left_rear_surround/color/image_raw        | unknown          | unknown          | unknown          | 0          | 0          | 0.000  | 0.000 KB/s   |
| reader_sub:/right_arm_camera/color/image_raw          | unknown          | unknown          | unknown          | 0          | 0          | 0.000  | 0.000 KB/s   |
| reader_sub:/left_rear_surround/color/camera_info      | unknown          | unknown          | unknown          | 0          | 0          | 0.000  | 0.000 KB/s   |
| reader_sub:/right_arm_camera/depth/image_raw          | unknown          | unknown          | unknown          | 0          | 0          | 0.000  | 0.000 KB/s   |
| reader_sub:/left_arm_camera/color/image_raw           | unknown          | unknown          | unknown          | 0          | 0          | 0.000  | 0.000 KB/s   |
| reader_sub:/right_arm_camera/depth/camera_info        | unknown          | unknown          | unknown          | 0          | 0          | 0.000  | 0.000 KB/s   |
| reader_sub:/left_front_surround/color/image_raw       | unknown          | unknown          | unknown          | 0          | 0          | 0.000  | 0.000 KB/s   |
| client_sub:singorix/wbcs/controller_server            | unknown          | unknown          | unknown          | 0          | 0          | 0.000  | 0.000 KB/s   |
| client_sub:singorix/wbcs/target_server                | unknown          | unknown          | unknown          | 0          | 0          | 0.000  | 0.000 KB/s   |
+-------------------------------------------------------+------------------+------------------+------------------+------------+------------+--------+--------------+

[2026-09-29 13:46:15.145 thread:1190223 info statistics.cc:167]:
+-------------------------------------------------------+---------------+-------------------------------------------------------------------------+-------------------------+-------------------------+
| Topic                                                 | Peer Hostname | Peer Node Name                                                          | Create Time             | Match Time              |
+-------------------------------------------------------+---------------+-------------------------------------------------------------------------+-------------------------+-------------------------+
| reader_sub:/galbot/mic                                | galbot-echo   | vtn_mic_node|galbot_vtn|4061                                            | 2026-09-29 13:46:05.893 | unmatch                 |
| reader_sub:singorix/wbcs/sensor                       | galbot-xcu    | singorix_wbcs_main|singorix_wbcs_main|4379                              | 2026-09-29 13:46:05.583 | 2026-09-29 13:46:05.616 |
| reader_sub:/galbot/mission_manager/onboard_config     | galbot-xcu    | context_mission_mode|mission_manager|3595                               | 2026-09-29 13:46:05.497 | 2026-09-29 13:46:06.602 |
|                                                       | galbot-xcu    | version_node|devinfo_server|3655                                        |                         |                         |
| reader_sub:/embosa_tf_static                          | galbot-echo   | robot_state_publisher|robot_state_publish|4400                          | 2026-09-29 13:46:05.493 | unmatch                 |
|                                                       | galbot-echo   | embosa_eyehand_calib_publish|eyehand_calib_publish|4399                 |                         |                         |
| reader_sub:/embosa_tf                                 | galbot-echo   | robot_state_publisher|robot_state_publish|4400                          | 2026-09-29 13:46:05.489 | unmatch                 |
|                                                       | galbot-echo   | service_front_head_camera_sensor_capture|front_head_camera_capture|4401 |                         |                         |
|                                                       | galbot-echo   | service_right_arm_camera_sensor_capture|right_arm_camera_capture|4407   |                         |                         |
|                                                       | galbot-echo   | embosa_localization_node|localization_server|4403                       |                         |                         |
|                                                       | galbot-echo   | service_left_arm_camera_sensor_capture|left_arm_camera_capture|4410     |                         |                         |
| reader_sub:/right_rear_surround/color/image_raw       | galbot-echo   | service_surround_cameras_sensor_capture|surround_cameras_capture|4397   | 2026-09-29 13:46:05.458 | unmatch                 |
| reader_sub:/right_front_surround/color/image_raw      | galbot-echo   | service_surround_cameras_sensor_capture|surround_cameras_capture|4397   | 2026-09-29 13:46:05.406 | unmatch                 |
| reader_sub:/left_front_surround/color/camera_info     | galbot-echo   | service_surround_cameras_sensor_capture|surround_cameras_capture|4397   | 2026-09-29 13:46:05.398 | unmatch                 |
| reader_sub:/right_front_surround/color/camera_info    | galbot-echo   | service_surround_cameras_sensor_capture|surround_cameras_capture|4397   | 2026-09-29 13:46:05.424 | unmatch                 |
| reader_sub:/front_head_camera/left_color/image_raw    | galbot-echo   | service_front_head_camera_sensor_capture|front_head_camera_capture|4401 | 2026-09-29 13:46:05.185 | unmatch                 |
| reader_sub:/front_head_camera/right_color/camera_info | galbot-echo   | service_front_head_camera_sensor_capture|front_head_camera_capture|4401 | 2026-09-29 13:46:05.264 | unmatch                 |
| reader_sub:/odom/base_link                            | galbot-xcu    | embosa_test_rpc_client_node|galbot_chassis_service|3945                 | 2026-09-29 13:46:05.587 | 2026-09-29 13:46:05.590 |
| reader_sub:singorix/wbcs/error                        | galbot-xcu    | singorix_wbcs_main|singorix_wbcs_main|4379                              | 2026-09-29 13:46:05.574 | 2026-09-29 13:46:05.616 |
| reader_sub:bms                                        | galbot-xcu    | embosa_bms_sub_node|galbot_chassis_service|3945                         | 2026-09-29 13:46:05.502 | 2026-09-29 13:46:05.504 |
| reader_sub:/right_arm_camera/color/camera_info        | galbot-echo   | service_right_arm_camera_sensor_capture|right_arm_camera_capture|4407   | 2026-09-29 13:46:05.348 | unmatch                 |
| reader_sub:/front_head_camera/left_color/camera_info  | galbot-echo   | service_front_head_camera_sensor_capture|front_head_camera_capture|4401 | 2026-09-29 13:46:05.232 | unmatch                 |
| reader_sub:/front_head_camera/right_color/image_raw   | galbot-echo   | service_front_head_camera_sensor_capture|front_head_camera_capture|4401 | 2026-09-29 13:46:05.239 | unmatch                 |
| reader_sub:/right_rear_surround/color/camera_info     | galbot-echo   | service_surround_cameras_sensor_capture|surround_cameras_capture|4397   | 2026-09-29 13:46:05.478 | unmatch                 |
| reader_sub:/left_arm_camera/color/camera_info         | galbot-echo   | service_left_arm_camera_sensor_capture|left_arm_camera_capture|4410     | 2026-09-29 13:46:05.293 | unmatch                 |
| reader_sub:/left_arm_camera/depth/image_raw           | galbot-echo   | service_left_arm_camera_sensor_capture|left_arm_camera_capture|4410     | 2026-09-29 13:46:05.299 | unmatch                 |
| reader_sub:singorix/wbcs/wbc_info                     | galbot-xcu    | singorix_wbcs_main|singorix_wbcs_main|4379                              | 2026-09-29 13:46:05.578 | 2026-09-29 13:46:05.616 |
| reader_sub:/left_arm_camera/depth/camera_info         | galbot-echo   | service_left_arm_camera_sensor_capture|left_arm_camera_capture|4410     | 2026-09-29 13:46:05.320 | unmatch                 |
| reader_sub:/left_rear_surround/color/image_raw        | galbot-echo   | service_surround_cameras_sensor_capture|surround_cameras_capture|4397   | 2026-09-29 13:46:05.432 | unmatch                 |
| reader_sub:/right_arm_camera/color/image_raw          | galbot-echo   | service_right_arm_camera_sensor_capture|right_arm_camera_capture|4407   | 2026-09-29 13:46:05.329 | unmatch                 |
| reader_sub:/left_rear_surround/color/camera_info      | galbot-echo   | service_surround_cameras_sensor_capture|surround_cameras_capture|4397   | 2026-09-29 13:46:05.448 | unmatch                 |
| reader_sub:/right_arm_camera/depth/image_raw          | galbot-echo   | service_right_arm_camera_sensor_capture|right_arm_camera_capture|4407   | 2026-09-29 13:46:05.358 | unmatch                 |
| reader_sub:/left_arm_camera/color/image_raw           | galbot-echo   | service_left_arm_camera_sensor_capture|left_arm_camera_capture|4410     | 2026-09-29 13:46:05.268 | unmatch                 |
| reader_sub:/right_arm_camera/depth/camera_info        | galbot-echo   | service_right_arm_camera_sensor_capture|right_arm_camera_capture|4407   | 2026-09-29 13:46:05.378 | unmatch                 |
| reader_sub:/left_front_surround/color/image_raw       | galbot-echo   | service_surround_cameras_sensor_capture|surround_cameras_capture|4397   | 2026-09-29 13:46:05.382 | unmatch                 |
| client_sub:singorix/wbcs/controller_server            | galbot-xcu    | singorix_wbcs_main|singorix_wbcs_main|4379                              | 2026-09-29 13:46:05.542 | 2026-09-29 13:46:05.616 |
| client_sub:singorix/wbcs/target_server                | galbot-xcu    | singorix_wbcs_main|singorix_wbcs_main|4379                              | 2026-09-29 13:46:05.511 | 2026-09-29 13:46:05.616 |
+-------------------------------------------------------+---------------+-------------------------------------------------------------------------+-------------------------+-------------------------+

[2026-09-29 13:46:15.145 thread:1190223 info statistics.cc:245]:
+-------------------------------------------------------+------------------+------------------+------------------+------------+------------+---------+--------------+
| Topic                                                 | Latency Avg (us) | Latency Max (us) | Latency Min (us) | Loss Count | Recv Count | Hz      | Bandwidth    |
+-------------------------------------------------------+------------------+------------------+------------------+------------+------------+---------+--------------+
| reader_sub:/galbot/mic                                | unknown          | unknown          | unknown          | 0          | 0          | 0.000   | 0.000 KB/s   |
| reader_sub:singorix/wbcs/sensor                       | 1920             | 25660            | 526              | 0          | 1057       | 123.600 | 245.222 KB/s |
| reader_sub:/galbot/mission_manager/onboard_config     | 1424             | 5288             | 621              | 0          | 9          | 1.000   | 0.044 KB/s   |
| reader_sub:/embosa_tf_static                          | unknown          | unknown          | unknown          | 0          | 0          | 0.000   | 0.000 KB/s   |
| reader_sub:/embosa_tf                                 | unknown          | unknown          | unknown          | 0          | 0          | 0.000   | 0.000 KB/s   |
| reader_sub:/right_rear_surround/color/image_raw       | unknown          | unknown          | unknown          | 0          | 0          | 0.000   | 0.000 KB/s   |
| reader_sub:/right_front_surround/color/image_raw      | unknown          | unknown          | unknown          | 0          | 0          | 0.000   | 0.000 KB/s   |
| reader_sub:/left_front_surround/color/camera_info     | unknown          | unknown          | unknown          | 0          | 0          | 0.000   | 0.000 KB/s   |
| reader_sub:/right_front_surround/color/camera_info    | unknown          | unknown          | unknown          | 0          | 0          | 0.000   | 0.000 KB/s   |
| reader_sub:/front_head_camera/left_color/image_raw    | unknown          | unknown          | unknown          | 0          | 0          | 0.000   | 0.000 KB/s   |
| reader_sub:/front_head_camera/right_color/camera_info | unknown          | unknown          | unknown          | 0          | 0          | 0.000   | 0.000 KB/s   |
| reader_sub:/odom/base_link                            | 1062             | 13429            | 322              | 0          | 951        | 100.000 | 11.000 KB/s  |
| reader_sub:singorix/wbcs/error                        | 1370             | 27537            | 367              | 0          | 1058       | 123.600 | 1.854 KB/s   |
| reader_sub:bms                                        | 942              | 1143             | 522              | 0          | 9          | 1.000   | 1.065 KB/s   |
| reader_sub:/right_arm_camera/color/camera_info        | unknown          | unknown          | unknown          | 0          | 0          | 0.000   | 0.000 KB/s   |
| reader_sub:/front_head_camera/left_color/camera_info  | unknown          | unknown          | unknown          | 0          | 0          | 0.000   | 0.000 KB/s   |
| reader_sub:/front_head_camera/right_color/image_raw   | unknown          | unknown          | unknown          | 0          | 0          | 0.000   | 0.000 KB/s   |
| reader_sub:/right_rear_surround/color/camera_info     | unknown          | unknown          | unknown          | 0          | 0          | 0.000   | 0.000 KB/s   |
| reader_sub:/left_arm_camera/color/camera_info         | unknown          | unknown          | unknown          | 0          | 0          | 0.000   | 0.000 KB/s   |
| reader_sub:/left_arm_camera/depth/image_raw           | unknown          | unknown          | unknown          | 0          | 0          | 0.000   | 0.000 KB/s   |
| reader_sub:singorix/wbcs/wbc_info                     | 2354             | 376504           | 543              | 0          | 529        | 61.800  | 499.926 KB/s |
| reader_sub:/left_arm_camera/depth/camera_info         | unknown          | unknown          | unknown          | 0          | 0          | 0.000   | 0.000 KB/s   |
| reader_sub:/left_rear_surround/color/image_raw        | unknown          | unknown          | unknown          | 0          | 0          | 0.000   | 0.000 KB/s   |
| reader_sub:/right_arm_camera/color/image_raw          | unknown          | unknown          | unknown          | 0          | 0          | 0.000   | 0.000 KB/s   |
| reader_sub:/left_rear_surround/color/camera_info      | unknown          | unknown          | unknown          | 0          | 0          | 0.000   | 0.000 KB/s   |
| reader_sub:/right_arm_camera/depth/image_raw          | unknown          | unknown          | unknown          | 0          | 0          | 0.000   | 0.000 KB/s   |
| reader_sub:/left_arm_camera/color/image_raw           | unknown          | unknown          | unknown          | 0          | 0          | 0.000   | 0.000 KB/s   |
| reader_sub:/right_arm_camera/depth/camera_info        | unknown          | unknown          | unknown          | 0          | 0          | 0.000   | 0.000 KB/s   |
| reader_sub:/left_front_surround/color/image_raw       | unknown          | unknown          | unknown          | 0          | 0          | 0.000   | 0.000 KB/s   |
| client_sub:singorix/wbcs/controller_server            | unknown          | unknown          | unknown          | 0          | 0          | 0.000   | 0.000 KB/s   |
| client_sub:singorix/wbcs/target_server                | unknown          | unknown          | unknown          | 0          | 0          | 0.000   | 0.000 KB/s   |
+-------------------------------------------------------+------------------+------------------+------------------+------------+------------+---------+--------------+

[2026-09-29 13:46:20.157 thread:1190223 info statistics.cc:167]:
+-------------------------------------------------------+---------------+-------------------------------------------------------------------------+-------------------------+-------------------------+
| Topic                                                 | Peer Hostname | Peer Node Name                                                          | Create Time             | Match Time              |
+-------------------------------------------------------+---------------+-------------------------------------------------------------------------+-------------------------+-------------------------+
| reader_sub:/galbot/mic                                | galbot-echo   | vtn_mic_node|galbot_vtn|4061                                            | 2026-09-29 13:46:05.893 | unmatch                 |
| reader_sub:singorix/wbcs/sensor                       | galbot-xcu    | singorix_wbcs_main|singorix_wbcs_main|4379                              | 2026-09-29 13:46:05.583 | 2026-09-29 13:46:05.616 |
| reader_sub:/galbot/mission_manager/onboard_config     | galbot-xcu    | context_mission_mode|mission_manager|3595                               | 2026-09-29 13:46:05.497 | 2026-09-29 13:46:06.602 |
|                                                       | galbot-xcu    | version_node|devinfo_server|3655                                        |                         |                         |
| reader_sub:/embosa_tf_static                          | galbot-echo   | robot_state_publisher|robot_state_publish|4400                          | 2026-09-29 13:46:05.493 | unmatch                 |
|                                                       | galbot-echo   | embosa_eyehand_calib_publish|eyehand_calib_publish|4399                 |                         |                         |
| reader_sub:/embosa_tf                                 | galbot-echo   | robot_state_publisher|robot_state_publish|4400                          | 2026-09-29 13:46:05.489 | unmatch                 |
|                                                       | galbot-echo   | service_front_head_camera_sensor_capture|front_head_camera_capture|4401 |                         |                         |
|                                                       | galbot-echo   | service_right_arm_camera_sensor_capture|right_arm_camera_capture|4407   |                         |                         |
|                                                       | galbot-echo   | embosa_localization_node|localization_server|4403                       |                         |                         |
|                                                       | galbot-echo   | service_left_arm_camera_sensor_capture|left_arm_camera_capture|4410     |                         |                         |
| reader_sub:/right_rear_surround/color/image_raw       | galbot-echo   | service_surround_cameras_sensor_capture|surround_cameras_capture|4397   | 2026-09-29 13:46:05.458 | unmatch                 |
| reader_sub:/right_front_surround/color/image_raw      | galbot-echo   | service_surround_cameras_sensor_capture|surround_cameras_capture|4397   | 2026-09-29 13:46:05.406 | unmatch                 |
| reader_sub:/left_front_surround/color/camera_info     | galbot-echo   | service_surround_cameras_sensor_capture|surround_cameras_capture|4397   | 2026-09-29 13:46:05.398 | unmatch                 |
| reader_sub:/right_front_surround/color/camera_info    | galbot-echo   | service_surround_cameras_sensor_capture|surround_cameras_capture|4397   | 2026-09-29 13:46:05.424 | unmatch                 |
| reader_sub:/front_head_camera/left_color/image_raw    | galbot-echo   | service_front_head_camera_sensor_capture|front_head_camera_capture|4401 | 2026-09-29 13:46:05.185 | unmatch                 |
| reader_sub:/front_head_camera/right_color/camera_info | galbot-echo   | service_front_head_camera_sensor_capture|front_head_camera_capture|4401 | 2026-09-29 13:46:05.264 | unmatch                 |
| reader_sub:/odom/base_link                            | galbot-xcu    | embosa_test_rpc_client_node|galbot_chassis_service|3945                 | 2026-09-29 13:46:05.587 | 2026-09-29 13:46:05.590 |
| reader_sub:singorix/wbcs/error                        | galbot-xcu    | singorix_wbcs_main|singorix_wbcs_main|4379                              | 2026-09-29 13:46:05.574 | 2026-09-29 13:46:05.616 |
| reader_sub:bms                                        | galbot-xcu    | embosa_bms_sub_node|galbot_chassis_service|3945                         | 2026-09-29 13:46:05.502 | 2026-09-29 13:46:05.504 |
| reader_sub:/right_arm_camera/color/camera_info        | galbot-echo   | service_right_arm_camera_sensor_capture|right_arm_camera_capture|4407   | 2026-09-29 13:46:05.348 | unmatch                 |
| reader_sub:/front_head_camera/left_color/camera_info  | galbot-echo   | service_front_head_camera_sensor_capture|front_head_camera_capture|4401 | 2026-09-29 13:46:05.232 | unmatch                 |
| reader_sub:/front_head_camera/right_color/image_raw   | galbot-echo   | service_front_head_camera_sensor_capture|front_head_camera_capture|4401 | 2026-09-29 13:46:05.239 | unmatch                 |
| reader_sub:/right_rear_surround/color/camera_info     | galbot-echo   | service_surround_cameras_sensor_capture|surround_cameras_capture|4397   | 2026-09-29 13:46:05.478 | unmatch                 |
| reader_sub:/left_arm_camera/color/camera_info         | galbot-echo   | service_left_arm_camera_sensor_capture|left_arm_camera_capture|4410     | 2026-09-29 13:46:05.293 | unmatch                 |
| reader_sub:/left_arm_camera/depth/image_raw           | galbot-echo   | service_left_arm_camera_sensor_capture|left_arm_camera_capture|4410     | 2026-09-29 13:46:05.299 | unmatch                 |
| reader_sub:singorix/wbcs/wbc_info                     | galbot-xcu    | singorix_wbcs_main|singorix_wbcs_main|4379                              | 2026-09-29 13:46:05.578 | 2026-09-29 13:46:05.616 |
| reader_sub:/left_arm_camera/depth/camera_info         | galbot-echo   | service_left_arm_camera_sensor_capture|left_arm_camera_capture|4410     | 2026-09-29 13:46:05.320 | unmatch                 |
| reader_sub:/left_rear_surround/color/image_raw        | galbot-echo   | service_surround_cameras_sensor_capture|surround_cameras_capture|4397   | 2026-09-29 13:46:05.432 | unmatch                 |
| reader_sub:/right_arm_camera/color/image_raw          | galbot-echo   | service_right_arm_camera_sensor_capture|right_arm_camera_capture|4407   | 2026-09-29 13:46:05.329 | unmatch                 |
| reader_sub:/left_rear_surround/color/camera_info      | galbot-echo   | service_surround_cameras_sensor_capture|surround_cameras_capture|4397   | 2026-09-29 13:46:05.448 | unmatch                 |
| reader_sub:/right_arm_camera/depth/image_raw          | galbot-echo   | service_right_arm_camera_sensor_capture|right_arm_camera_capture|4407   | 2026-09-29 13:46:05.358 | unmatch                 |
| reader_sub:/left_arm_camera/color/image_raw           | galbot-echo   | service_left_arm_camera_sensor_capture|left_arm_camera_capture|4410     | 2026-09-29 13:46:05.268 | unmatch                 |
| reader_sub:/right_arm_camera/depth/camera_info        | galbot-echo   | service_right_arm_camera_sensor_capture|right_arm_camera_capture|4407   | 2026-09-29 13:46:05.378 | unmatch                 |
| reader_sub:/left_front_surround/color/image_raw       | galbot-echo   | service_surround_cameras_sensor_capture|surround_cameras_capture|4397   | 2026-09-29 13:46:05.382 | unmatch                 |
| client_sub:singorix/wbcs/controller_server            | galbot-xcu    | singorix_wbcs_main|singorix_wbcs_main|4379                              | 2026-09-29 13:46:05.542 | 2026-09-29 13:46:05.616 |
| client_sub:singorix/wbcs/target_server                | galbot-xcu    | singorix_wbcs_main|singorix_wbcs_main|4379                              | 2026-09-29 13:46:05.511 | 2026-09-29 13:46:05.616 |
+-------------------------------------------------------+---------------+-------------------------------------------------------------------------+-------------------------+-------------------------+

[2026-09-29 13:46:20.157 thread:1190223 info statistics.cc:245]:
+-------------------------------------------------------+------------------+------------------+------------------+------------+------------+---------+--------------+
| Topic                                                 | Latency Avg (us) | Latency Max (us) | Latency Min (us) | Loss Count | Recv Count | Hz      | Bandwidth    |
+-------------------------------------------------------+------------------+------------------+------------------+------------+------------+---------+--------------+
| reader_sub:/galbot/mic                                | unknown          | unknown          | unknown          | 0          | 0          | 0.000   | 0.000 KB/s   |
| reader_sub:singorix/wbcs/sensor                       | 1951             | 25660            | 512              | 0          | 1676       | 123.800 | 245.619 KB/s |
| reader_sub:/galbot/mission_manager/onboard_config     | 1265             | 5288             | 621              | 0          | 14         | 1.000   | 0.044 KB/s   |
| reader_sub:/embosa_tf_static                          | unknown          | unknown          | unknown          | 0          | 0          | 0.000   | 0.000 KB/s   |
| reader_sub:/embosa_tf                                 | unknown          | unknown          | unknown          | 0          | 0          | 0.000   | 0.000 KB/s   |
| reader_sub:/right_rear_surround/color/image_raw       | unknown          | unknown          | unknown          | 0          | 0          | 0.000   | 0.000 KB/s   |
| reader_sub:/right_front_surround/color/image_raw      | unknown          | unknown          | unknown          | 0          | 0          | 0.000   | 0.000 KB/s   |
| reader_sub:/left_front_surround/color/camera_info     | unknown          | unknown          | unknown          | 0          | 0          | 0.000   | 0.000 KB/s   |
| reader_sub:/right_front_surround/color/camera_info    | unknown          | unknown          | unknown          | 0          | 0          | 0.000   | 0.000 KB/s   |
| reader_sub:/front_head_camera/left_color/image_raw    | unknown          | unknown          | unknown          | 0          | 0          | 0.000   | 0.000 KB/s   |
| reader_sub:/front_head_camera/right_color/camera_info | unknown          | unknown          | unknown          | 0          | 0          | 0.000   | 0.000 KB/s   |
| reader_sub:/odom/base_link                            | 1066             | 13429            | 322              | 0          | 1451       | 100.000 | 11.000 KB/s  |
| reader_sub:singorix/wbcs/error                        | 1398             | 27537            | 367              | 0          | 1677       | 123.800 | 1.857 KB/s   |
| reader_sub:bms                                        | 977              | 1143             | 522              | 0          | 14         | 1.000   | 1.065 KB/s   |
| reader_sub:/right_arm_camera/color/camera_info        | unknown          | unknown          | unknown          | 0          | 0          | 0.000   | 0.000 KB/s   |
| reader_sub:/front_head_camera/left_color/camera_info  | unknown          | unknown          | unknown          | 0          | 0          | 0.000   | 0.000 KB/s   |
| reader_sub:/front_head_camera/right_color/image_raw   | unknown          | unknown          | unknown          | 0          | 0          | 0.000   | 0.000 KB/s   |
| reader_sub:/right_rear_surround/color/camera_info     | unknown          | unknown          | unknown          | 0          | 0          | 0.000   | 0.000 KB/s   |
| reader_sub:/left_arm_camera/color/camera_info         | unknown          | unknown          | unknown          | 0          | 0          | 0.000   | 0.000 KB/s   |
| reader_sub:/left_arm_camera/depth/image_raw           | unknown          | unknown          | unknown          | 0          | 0          | 0.000   | 0.000 KB/s   |
| reader_sub:singorix/wbcs/wbc_info                     | 2134             | 376504           | 543              | 0          | 838        | 61.800  | 499.917 KB/s |
| reader_sub:/left_arm_camera/depth/camera_info         | unknown          | unknown          | unknown          | 0          | 0          | 0.000   | 0.000 KB/s   |
| reader_sub:/left_rear_surround/color/image_raw        | unknown          | unknown          | unknown          | 0          | 0          | 0.000   | 0.000 KB/s   |
| reader_sub:/right_arm_camera/color/image_raw          | unknown          | unknown          | unknown          | 0          | 0          | 0.000   | 0.000 KB/s   |
| reader_sub:/left_rear_surround/color/camera_info      | unknown          | unknown          | unknown          | 0          | 0          | 0.000   | 0.000 KB/s   |
| reader_sub:/right_arm_camera/depth/image_raw          | unknown          | unknown          | unknown          | 0          | 0          | 0.000   | 0.000 KB/s   |
| reader_sub:/left_arm_camera/color/image_raw           | unknown          | unknown          | unknown          | 0          | 0          | 0.000   | 0.000 KB/s   |
| reader_sub:/right_arm_camera/depth/camera_info        | unknown          | unknown          | unknown          | 0          | 0          | 0.000   | 0.000 KB/s   |
| reader_sub:/left_front_surround/color/image_raw       | unknown          | unknown          | unknown          | 0          | 0          | 0.000   | 0.000 KB/s   |
| client_sub:singorix/wbcs/controller_server            | unknown          | unknown          | unknown          | 0          | 0          | 0.000   | 0.000 KB/s   |
| client_sub:singorix/wbcs/target_server                | unknown          | unknown          | unknown          | 0          | 0          | 0.000   | 0.000 KB/s   |
+-------------------------------------------------------+------------------+------------------+------------------+------------+------------+---------+--------------+

[2026-09-29 13:46:25.169 thread:1190223 info statistics.cc:167]:
+-------------------------------------------------------+---------------+-------------------------------------------------------------------------+-------------------------+-------------------------+
| Topic                                                 | Peer Hostname | Peer Node Name                                                          | Create Time             | Match Time              |
+-------------------------------------------------------+---------------+-------------------------------------------------------------------------+-------------------------+-------------------------+
| reader_sub:/galbot/mic                                | galbot-echo   | vtn_mic_node|galbot_vtn|4061                                            | 2026-09-29 13:46:05.893 | unmatch                 |
| reader_sub:singorix/wbcs/sensor                       | galbot-xcu    | singorix_wbcs_main|singorix_wbcs_main|4379                              | 2026-09-29 13:46:05.583 | 2026-09-29 13:46:05.616 |
| reader_sub:/galbot/mission_manager/onboard_config     | galbot-xcu    | context_mission_mode|mission_manager|3595                               | 2026-09-29 13:46:05.497 | 2026-09-29 13:46:06.602 |
|                                                       | galbot-xcu    | version_node|devinfo_server|3655                                        |                         |                         |
| reader_sub:/embosa_tf_static                          | galbot-echo   | robot_state_publisher|robot_state_publish|4400                          | 2026-09-29 13:46:05.493 | unmatch                 |
|                                                       | galbot-echo   | embosa_eyehand_calib_publish|eyehand_calib_publish|4399                 |                         |                         |
| reader_sub:/embosa_tf                                 | galbot-echo   | robot_state_publisher|robot_state_publish|4400                          | 2026-09-29 13:46:05.489 | unmatch                 |
|                                                       | galbot-echo   | service_front_head_camera_sensor_capture|front_head_camera_capture|4401 |                         |                         |
|                                                       | galbot-echo   | service_right_arm_camera_sensor_capture|right_arm_camera_capture|4407   |                         |                         |
|                                                       | galbot-echo   | embosa_localization_node|localization_server|4403                       |                         |                         |
|                                                       | galbot-echo   | service_left_arm_camera_sensor_capture|left_arm_camera_capture|4410     |                         |                         |
| reader_sub:/right_rear_surround/color/image_raw       | galbot-echo   | service_surround_cameras_sensor_capture|surround_cameras_capture|4397   | 2026-09-29 13:46:05.458 | unmatch                 |
| reader_sub:/right_front_surround/color/image_raw      | galbot-echo   | service_surround_cameras_sensor_capture|surround_cameras_capture|4397   | 2026-09-29 13:46:05.406 | unmatch                 |
| reader_sub:/left_front_surround/color/camera_info     | galbot-echo   | service_surround_cameras_sensor_capture|surround_cameras_capture|4397   | 2026-09-29 13:46:05.398 | unmatch                 |
| reader_sub:/right_front_surround/color/camera_info    | galbot-echo   | service_surround_cameras_sensor_capture|surround_cameras_capture|4397   | 2026-09-29 13:46:05.424 | unmatch                 |
| reader_sub:/front_head_camera/left_color/image_raw    | galbot-echo   | service_front_head_camera_sensor_capture|front_head_camera_capture|4401 | 2026-09-29 13:46:05.185 | unmatch                 |
| reader_sub:/front_head_camera/right_color/camera_info | galbot-echo   | service_front_head_camera_sensor_capture|front_head_camera_capture|4401 | 2026-09-29 13:46:05.264 | unmatch                 |
| reader_sub:/odom/base_link                            | galbot-xcu    | embosa_test_rpc_client_node|galbot_chassis_service|3945                 | 2026-09-29 13:46:05.587 | 2026-09-29 13:46:05.590 |
| reader_sub:singorix/wbcs/error                        | galbot-xcu    | singorix_wbcs_main|singorix_wbcs_main|4379                              | 2026-09-29 13:46:05.574 | 2026-09-29 13:46:05.616 |
| reader_sub:bms                                        | galbot-xcu    | embosa_bms_sub_node|galbot_chassis_service|3945                         | 2026-09-29 13:46:05.502 | 2026-09-29 13:46:05.504 |
| reader_sub:/right_arm_camera/color/camera_info        | galbot-echo   | service_right_arm_camera_sensor_capture|right_arm_camera_capture|4407   | 2026-09-29 13:46:05.348 | unmatch                 |
| reader_sub:/front_head_camera/left_color/camera_info  | galbot-echo   | service_front_head_camera_sensor_capture|front_head_camera_capture|4401 | 2026-09-29 13:46:05.232 | unmatch                 |
| reader_sub:/front_head_camera/right_color/image_raw   | galbot-echo   | service_front_head_camera_sensor_capture|front_head_camera_capture|4401 | 2026-09-29 13:46:05.239 | unmatch                 |
| reader_sub:/right_rear_surround/color/camera_info     | galbot-echo   | service_surround_cameras_sensor_capture|surround_cameras_capture|4397   | 2026-09-29 13:46:05.478 | unmatch                 |
| reader_sub:/left_arm_camera/color/camera_info         | galbot-echo   | service_left_arm_camera_sensor_capture|left_arm_camera_capture|4410     | 2026-09-29 13:46:05.293 | unmatch                 |
| reader_sub:/left_arm_camera/depth/image_raw           | galbot-echo   | service_left_arm_camera_sensor_capture|left_arm_camera_capture|4410     | 2026-09-29 13:46:05.299 | unmatch                 |
| reader_sub:singorix/wbcs/wbc_info                     | galbot-xcu    | singorix_wbcs_main|singorix_wbcs_main|4379                              | 2026-09-29 13:46:05.578 | 2026-09-29 13:46:05.616 |
| reader_sub:/left_arm_camera/depth/camera_info         | galbot-echo   | service_left_arm_camera_sensor_capture|left_arm_camera_capture|4410     | 2026-09-29 13:46:05.320 | unmatch                 |
| reader_sub:/left_rear_surround/color/image_raw        | galbot-echo   | service_surround_cameras_sensor_capture|surround_cameras_capture|4397   | 2026-09-29 13:46:05.432 | unmatch                 |
| reader_sub:/right_arm_camera/color/image_raw          | galbot-echo   | service_right_arm_camera_sensor_capture|right_arm_camera_capture|4407   | 2026-09-29 13:46:05.329 | unmatch                 |
| reader_sub:/left_rear_surround/color/camera_info      | galbot-echo   | service_surround_cameras_sensor_capture|surround_cameras_capture|4397   | 2026-09-29 13:46:05.448 | unmatch                 |
| reader_sub:/right_arm_camera/depth/image_raw          | galbot-echo   | service_right_arm_camera_sensor_capture|right_arm_camera_capture|4407   | 2026-09-29 13:46:05.358 | unmatch                 |
| reader_sub:/left_arm_camera/color/image_raw           | galbot-echo   | service_left_arm_camera_sensor_capture|left_arm_camera_capture|4410     | 2026-09-29 13:46:05.268 | unmatch                 |
| reader_sub:/right_arm_camera/depth/camera_info        | galbot-echo   | service_right_arm_camera_sensor_capture|right_arm_camera_capture|4407   | 2026-09-29 13:46:05.378 | unmatch                 |
| reader_sub:/left_front_surround/color/image_raw       | galbot-echo   | service_surround_cameras_sensor_capture|surround_cameras_capture|4397   | 2026-09-29 13:46:05.382 | unmatch                 |
| client_sub:singorix/wbcs/controller_server            | galbot-xcu    | singorix_wbcs_main|singorix_wbcs_main|4379                              | 2026-09-29 13:46:05.542 | 2026-09-29 13:46:05.616 |
| client_sub:singorix/wbcs/target_server                | galbot-xcu    | singorix_wbcs_main|singorix_wbcs_main|4379                              | 2026-09-29 13:46:05.511 | 2026-09-29 13:46:05.616 |
+-------------------------------------------------------+---------------+-------------------------------------------------------------------------+-------------------------+-------------------------+

[2026-09-29 13:46:25.170 thread:1190223 info statistics.cc:245]:
+-------------------------------------------------------+------------------+------------------+------------------+------------+------------+---------+--------------+
| Topic                                                 | Latency Avg (us) | Latency Max (us) | Latency Min (us) | Loss Count | Recv Count | Hz      | Bandwidth    |
+-------------------------------------------------------+------------------+------------------+------------------+------------+------------+---------+--------------+
| reader_sub:/galbot/mic                                | unknown          | unknown          | unknown          | 0          | 0          | 0.000   | 0.000 KB/s   |
| reader_sub:singorix/wbcs/sensor                       | 1972             | 25660            | 512              | 0          | 2293       | 123.400 | 244.826 KB/s |
| reader_sub:/galbot/mission_manager/onboard_config     | 1188             | 5288             | 501              | 0          | 20         | 1.200   | 0.053 KB/s   |
| reader_sub:/embosa_tf_static                          | unknown          | unknown          | unknown          | 0          | 0          | 0.000   | 0.000 KB/s   |
| reader_sub:/embosa_tf                                 | unknown          | unknown          | unknown          | 0          | 0          | 0.000   | 0.000 KB/s   |
| reader_sub:/right_rear_surround/color/image_raw       | unknown          | unknown          | unknown          | 0          | 0          | 0.000   | 0.000 KB/s   |
| reader_sub:/right_front_surround/color/image_raw      | unknown          | unknown          | unknown          | 0          | 0          | 0.000   | 0.000 KB/s   |
| reader_sub:/left_front_surround/color/camera_info     | unknown          | unknown          | unknown          | 0          | 0          | 0.000   | 0.000 KB/s   |
| reader_sub:/right_front_surround/color/camera_info    | unknown          | unknown          | unknown          | 0          | 0          | 0.000   | 0.000 KB/s   |
| reader_sub:/front_head_camera/left_color/image_raw    | unknown          | unknown          | unknown          | 0          | 0          | 0.000   | 0.000 KB/s   |
| reader_sub:/front_head_camera/right_color/camera_info | unknown          | unknown          | unknown          | 0          | 0          | 0.000   | 0.000 KB/s   |
| reader_sub:/odom/base_link                            | 1066             | 13429            | 322              | 0          | 1952       | 100.200 | 11.022 KB/s  |
| reader_sub:singorix/wbcs/error                        | 1423             | 27537            | 358              | 0          | 2294       | 123.400 | 1.851 KB/s   |
| reader_sub:bms                                        | 989              | 1143             | 522              | 0          | 19         | 1.000   | 1.071 KB/s   |
| reader_sub:/right_arm_camera/color/camera_info        | unknown          | unknown          | unknown          | 0          | 0          | 0.000   | 0.000 KB/s   |
| reader_sub:/front_head_camera/left_color/camera_info  | unknown          | unknown          | unknown          | 0          | 0          | 0.000   | 0.000 KB/s   |
| reader_sub:/front_head_camera/right_color/image_raw   | unknown          | unknown          | unknown          | 0          | 0          | 0.000   | 0.000 KB/s   |
| reader_sub:/right_rear_surround/color/camera_info     | unknown          | unknown          | unknown          | 0          | 0          | 0.000   | 0.000 KB/s   |
| reader_sub:/left_arm_camera/color/camera_info         | unknown          | unknown          | unknown          | 0          | 0          | 0.000   | 0.000 KB/s   |
| reader_sub:/left_arm_camera/depth/image_raw           | unknown          | unknown          | unknown          | 0          | 0          | 0.000   | 0.000 KB/s   |
| reader_sub:singorix/wbcs/wbc_info                     | 2063             | 376504           | 543              | 0          | 1147       | 61.800  | 499.901 KB/s |
| reader_sub:/left_arm_camera/depth/camera_info         | unknown          | unknown          | unknown          | 0          | 0          | 0.000   | 0.000 KB/s   |
| reader_sub:/left_rear_surround/color/image_raw        | unknown          | unknown          | unknown          | 0          | 0          | 0.000   | 0.000 KB/s   |
| reader_sub:/right_arm_camera/color/image_raw          | unknown          | unknown          | unknown          | 0          | 0          | 0.000   | 0.000 KB/s   |
| reader_sub:/left_rear_surround/color/camera_info      | unknown          | unknown          | unknown          | 0          | 0          | 0.000   | 0.000 KB/s   |
| reader_sub:/right_arm_camera/depth/image_raw          | unknown          | unknown          | unknown          | 0          | 0          | 0.000   | 0.000 KB/s   |
| reader_sub:/left_arm_camera/color/image_raw           | unknown          | unknown          | unknown          | 0          | 0          | 0.000   | 0.000 KB/s   |
| reader_sub:/right_arm_camera/depth/camera_info        | unknown          | unknown          | unknown          | 0          | 0          | 0.000   | 0.000 KB/s   |
| reader_sub:/left_front_surround/color/image_raw       | unknown          | unknown          | unknown          | 0          | 0          | 0.000   | 0.000 KB/s   |
| client_sub:singorix/wbcs/controller_server            | unknown          | unknown          | unknown          | 0          | 0          | 0.000   | 0.000 KB/s   |
| client_sub:singorix/wbcs/target_server                | unknown          | unknown          | unknown          | 0          | 0          | 0.000   | 0.000 KB/s   |
+-------------------------------------------------------+------------------+------------------+------------------+------------+------------+---------+--------------+

[2026-09-29 13:46:30.180 thread:1190223 info statistics.cc:167]:
+-------------------------------------------------------+---------------+-------------------------------------------------------------------------+-------------------------+-------------------------+
| Topic                                                 | Peer Hostname | Peer Node Name                                                          | Create Time             | Match Time              |
+-------------------------------------------------------+---------------+-------------------------------------------------------------------------+-------------------------+-------------------------+
| reader_sub:/galbot/mic                                | galbot-echo   | vtn_mic_node|galbot_vtn|4061                                            | 2026-09-29 13:46:05.893 | unmatch                 |
| reader_sub:singorix/wbcs/sensor                       | galbot-xcu    | singorix_wbcs_main|singorix_wbcs_main|4379                              | 2026-09-29 13:46:05.583 | 2026-09-29 13:46:05.616 |
| reader_sub:/galbot/mission_manager/onboard_config     | galbot-xcu    | context_mission_mode|mission_manager|3595                               | 2026-09-29 13:46:05.497 | 2026-09-29 13:46:06.602 |
|                                                       | galbot-xcu    | version_node|devinfo_server|3655                                        |                         |                         |
| reader_sub:/embosa_tf_static                          | galbot-echo   | robot_state_publisher|robot_state_publish|4400                          | 2026-09-29 13:46:05.493 | unmatch                 |
|                                                       | galbot-echo   | embosa_eyehand_calib_publish|eyehand_calib_publish|4399                 |                         |                         |
| reader_sub:/embosa_tf                                 | galbot-echo   | robot_state_publisher|robot_state_publish|4400                          | 2026-09-29 13:46:05.489 | unmatch                 |
|                                                       | galbot-echo   | service_front_head_camera_sensor_capture|front_head_camera_capture|4401 |                         |                         |
|                                                       | galbot-echo   | service_right_arm_camera_sensor_capture|right_arm_camera_capture|4407   |                         |                         |
|                                                       | galbot-echo   | embosa_localization_node|localization_server|4403                       |                         |                         |
|                                                       | galbot-echo   | service_left_arm_camera_sensor_capture|left_arm_camera_capture|4410     |                         |                         |
| reader_sub:/right_rear_surround/color/image_raw       | galbot-echo   | service_surround_cameras_sensor_capture|surround_cameras_capture|4397   | 2026-09-29 13:46:05.458 | unmatch                 |
| reader_sub:/right_front_surround/color/image_raw      | galbot-echo   | service_surround_cameras_sensor_capture|surround_cameras_capture|4397   | 2026-09-29 13:46:05.406 | unmatch                 |
| reader_sub:/left_front_surround/color/camera_info     | galbot-echo   | service_surround_cameras_sensor_capture|surround_cameras_capture|4397   | 2026-09-29 13:46:05.398 | unmatch                 |
| reader_sub:/right_front_surround/color/camera_info    | galbot-echo   | service_surround_cameras_sensor_capture|surround_cameras_capture|4397   | 2026-09-29 13:46:05.424 | unmatch                 |
| reader_sub:/front_head_camera/left_color/image_raw    | galbot-echo   | service_front_head_camera_sensor_capture|front_head_camera_capture|4401 | 2026-09-29 13:46:05.185 | unmatch                 |
| reader_sub:/front_head_camera/right_color/camera_info | galbot-echo   | service_front_head_camera_sensor_capture|front_head_camera_capture|4401 | 2026-09-29 13:46:05.264 | unmatch                 |
| reader_sub:/odom/base_link                            | galbot-xcu    | embosa_test_rpc_client_node|galbot_chassis_service|3945                 | 2026-09-29 13:46:05.587 | 2026-09-29 13:46:05.590 |
| reader_sub:singorix/wbcs/error                        | galbot-xcu    | singorix_wbcs_main|singorix_wbcs_main|4379                              | 2026-09-29 13:46:05.574 | 2026-09-29 13:46:05.616 |
| reader_sub:bms                                        | galbot-xcu    | embosa_bms_sub_node|galbot_chassis_service|3945                         | 2026-09-29 13:46:05.502 | 2026-09-29 13:46:05.504 |
| reader_sub:/right_arm_camera/color/camera_info        | galbot-echo   | service_right_arm_camera_sensor_capture|right_arm_camera_capture|4407   | 2026-09-29 13:46:05.348 | unmatch                 |
| reader_sub:/front_head_camera/left_color/camera_info  | galbot-echo   | service_front_head_camera_sensor_capture|front_head_camera_capture|4401 | 2026-09-29 13:46:05.232 | unmatch                 |
| reader_sub:/front_head_camera/right_color/image_raw   | galbot-echo   | service_front_head_camera_sensor_capture|front_head_camera_capture|4401 | 2026-09-29 13:46:05.239 | unmatch                 |
| reader_sub:/right_rear_surround/color/camera_info     | galbot-echo   | service_surround_cameras_sensor_capture|surround_cameras_capture|4397   | 2026-09-29 13:46:05.478 | unmatch                 |
| reader_sub:/left_arm_camera/color/camera_info         | galbot-echo   | service_left_arm_camera_sensor_capture|left_arm_camera_capture|4410     | 2026-09-29 13:46:05.293 | unmatch                 |
| reader_sub:/left_arm_camera/depth/image_raw           | galbot-echo   | service_left_arm_camera_sensor_capture|left_arm_camera_capture|4410     | 2026-09-29 13:46:05.299 | unmatch                 |
| reader_sub:singorix/wbcs/wbc_info                     | galbot-xcu    | singorix_wbcs_main|singorix_wbcs_main|4379                              | 2026-09-29 13:46:05.578 | 2026-09-29 13:46:05.616 |
| reader_sub:/left_arm_camera/depth/camera_info         | galbot-echo   | service_left_arm_camera_sensor_capture|left_arm_camera_capture|4410     | 2026-09-29 13:46:05.320 | unmatch                 |
| reader_sub:/left_rear_surround/color/image_raw        | galbot-echo   | service_surround_cameras_sensor_capture|surround_cameras_capture|4397   | 2026-09-29 13:46:05.432 | unmatch                 |
| reader_sub:/right_arm_camera/color/image_raw          | galbot-echo   | service_right_arm_camera_sensor_capture|right_arm_camera_capture|4407   | 2026-09-29 13:46:05.329 | unmatch                 |
| reader_sub:/left_rear_surround/color/camera_info      | galbot-echo   | service_surround_cameras_sensor_capture|surround_cameras_capture|4397   | 2026-09-29 13:46:05.448 | unmatch                 |
| reader_sub:/right_arm_camera/depth/image_raw          | galbot-echo   | service_right_arm_camera_sensor_capture|right_arm_camera_capture|4407   | 2026-09-29 13:46:05.358 | unmatch                 |
| reader_sub:/left_arm_camera/color/image_raw           | galbot-echo   | service_left_arm_camera_sensor_capture|left_arm_camera_capture|4410     | 2026-09-29 13:46:05.268 | unmatch                 |
| reader_sub:/right_arm_camera/depth/camera_info        | galbot-echo   | service_right_arm_camera_sensor_capture|right_arm_camera_capture|4407   | 2026-09-29 13:46:05.378 | unmatch                 |
| reader_sub:/left_front_surround/color/image_raw       | galbot-echo   | service_surround_cameras_sensor_capture|surround_cameras_capture|4397   | 2026-09-29 13:46:05.382 | unmatch                 |
| client_sub:singorix/wbcs/controller_server            | galbot-xcu    | singorix_wbcs_main|singorix_wbcs_main|4379                              | 2026-09-29 13:46:05.542 | 2026-09-29 13:46:05.616 |
| client_sub:singorix/wbcs/target_server                | galbot-xcu    | singorix_wbcs_main|singorix_wbcs_main|4379                              | 2026-09-29 13:46:05.511 | 2026-09-29 13:46:05.616 |
+-------------------------------------------------------+---------------+-------------------------------------------------------------------------+-------------------------+-------------------------+

[2026-09-29 13:46:30.181 thread:1190223 info statistics.cc:245]:
+-------------------------------------------------------+------------------+------------------+------------------+------------+------------+---------+--------------+
| Topic                                                 | Latency Avg (us) | Latency Max (us) | Latency Min (us) | Loss Count | Recv Count | Hz      | Bandwidth    |
+-------------------------------------------------------+------------------+------------------+------------------+------------+------------+---------+--------------+
| reader_sub:/galbot/mic                                | unknown          | unknown          | unknown          | 0          | 0          | 0.000   | 0.000 KB/s   |
| reader_sub:singorix/wbcs/sensor                       | 1983             | 25660            | 512              | 0          | 2917       | 124.800 | 247.603 KB/s |
| reader_sub:/galbot/mission_manager/onboard_config     | 1131             | 5288             | 501              | 0          | 25         | 1.000   | 0.044 KB/s   |
| reader_sub:/embosa_tf_static                          | unknown          | unknown          | unknown          | 0          | 0          | 0.000   | 0.000 KB/s   |
| reader_sub:/embosa_tf                                 | unknown          | unknown          | unknown          | 0          | 0          | 0.000   | 0.000 KB/s   |
| reader_sub:/right_rear_surround/color/image_raw       | unknown          | unknown          | unknown          | 0          | 0          | 0.000   | 0.000 KB/s   |
| reader_sub:/right_front_surround/color/image_raw      | unknown          | unknown          | unknown          | 0          | 0          | 0.000   | 0.000 KB/s   |
| reader_sub:/left_front_surround/color/camera_info     | unknown          | unknown          | unknown          | 0          | 0          | 0.000   | 0.000 KB/s   |
| reader_sub:/right_front_surround/color/camera_info    | unknown          | unknown          | unknown          | 0          | 0          | 0.000   | 0.000 KB/s   |
| reader_sub:/front_head_camera/left_color/image_raw    | unknown          | unknown          | unknown          | 0          | 0          | 0.000   | 0.000 KB/s   |
| reader_sub:/front_head_camera/right_color/camera_info | unknown          | unknown          | unknown          | 0          | 0          | 0.000   | 0.000 KB/s   |
| reader_sub:/odom/base_link                            | 1066             | 13429            | 322              | 0          | 2453       | 100.200 | 11.022 KB/s  |
| reader_sub:singorix/wbcs/error                        | 1425             | 27537            | 358              | 0          | 2917       | 124.600 | 1.869 KB/s   |
| reader_sub:bms                                        | 1006             | 1326             | 522              | 0          | 24         | 1.000   | 1.071 KB/s   |
| reader_sub:/right_arm_camera/color/camera_info        | unknown          | unknown          | unknown          | 0          | 0          | 0.000   | 0.000 KB/s   |
| reader_sub:/front_head_camera/left_color/camera_info  | unknown          | unknown          | unknown          | 0          | 0          | 0.000   | 0.000 KB/s   |
| reader_sub:/front_head_camera/right_color/image_raw   | unknown          | unknown          | unknown          | 0          | 0          | 0.000   | 0.000 KB/s   |
| reader_sub:/right_rear_surround/color/camera_info     | unknown          | unknown          | unknown          | 0          | 0          | 0.000   | 0.000 KB/s   |
| reader_sub:/left_arm_camera/color/camera_info         | unknown          | unknown          | unknown          | 0          | 0          | 0.000   | 0.000 KB/s   |
| reader_sub:/left_arm_camera/depth/image_raw           | unknown          | unknown          | unknown          | 0          | 0          | 0.000   | 0.000 KB/s   |
| reader_sub:singorix/wbcs/wbc_info                     | 2059             | 376504           | 543              | 0          | 1458       | 62.200  | 503.115 KB/s |
| reader_sub:/left_arm_camera/depth/camera_info         | unknown          | unknown          | unknown          | 0          | 0          | 0.000   | 0.000 KB/s   |
| reader_sub:/left_rear_surround/color/image_raw        | unknown          | unknown          | unknown          | 0          | 0          | 0.000   | 0.000 KB/s   |
| reader_sub:/right_arm_camera/color/image_raw          | unknown          | unknown          | unknown          | 0          | 0          | 0.000   | 0.000 KB/s   |
| reader_sub:/left_rear_surround/color/camera_info      | unknown          | unknown          | unknown          | 0          | 0          | 0.000   | 0.000 KB/s   |
| reader_sub:/right_arm_camera/depth/image_raw          | unknown          | unknown          | unknown          | 0          | 0          | 0.000   | 0.000 KB/s   |
| reader_sub:/left_arm_camera/color/image_raw           | unknown          | unknown          | unknown          | 0          | 0          | 0.000   | 0.000 KB/s   |
| reader_sub:/right_arm_camera/depth/camera_info        | unknown          | unknown          | unknown          | 0          | 0          | 0.000   | 0.000 KB/s   |
| reader_sub:/left_front_surround/color/image_raw       | unknown          | unknown          | unknown          | 0          | 0          | 0.000   | 0.000 KB/s   |
| client_sub:singorix/wbcs/controller_server            | unknown          | unknown          | unknown          | 0          | 0          | 0.000   | 0.000 KB/s   |
| client_sub:singorix/wbcs/target_server                | unknown          | unknown          | unknown          | 0          | 0          | 0.000   | 0.000 KB/s   |
+-------------------------------------------------------+------------------+------------------+------------------+------------+------------+---------+--------------+

[2026-09-29 13:46:35.193 thread:1190223 info statistics.cc:167]:
+-------------------------------------------------------+---------------+-------------------------------------------------------------------------+-------------------------+-------------------------+
| Topic                                                 | Peer Hostname | Peer Node Name                                                          | Create Time             | Match Time              |
+-------------------------------------------------------+---------------+-------------------------------------------------------------------------+-------------------------+-------------------------+
| reader_sub:/galbot/mic                                | galbot-echo   | vtn_mic_node|galbot_vtn|4061                                            | 2026-09-29 13:46:05.893 | unmatch                 |
| reader_sub:singorix/wbcs/sensor                       | galbot-xcu    | singorix_wbcs_main|singorix_wbcs_main|4379                              | 2026-09-29 13:46:05.583 | 2026-09-29 13:46:05.616 |
| reader_sub:/galbot/mission_manager/onboard_config     | galbot-xcu    | context_mission_mode|mission_manager|3595                               | 2026-09-29 13:46:05.497 | 2026-09-29 13:46:06.602 |
|                                                       | galbot-xcu    | version_node|devinfo_server|3655                                        |                         |                         |
| reader_sub:/embosa_tf_static                          | galbot-echo   | robot_state_publisher|robot_state_publish|4400                          | 2026-09-29 13:46:05.493 | unmatch                 |
|                                                       | galbot-echo   | embosa_eyehand_calib_publish|eyehand_calib_publish|4399                 |                         |                         |
| reader_sub:/embosa_tf                                 | galbot-echo   | robot_state_publisher|robot_state_publish|4400                          | 2026-09-29 13:46:05.489 | unmatch                 |
|                                                       | galbot-echo   | service_front_head_camera_sensor_capture|front_head_camera_capture|4401 |                         |                         |
|                                                       | galbot-echo   | service_right_arm_camera_sensor_capture|right_arm_camera_capture|4407   |                         |                         |
|                                                       | galbot-echo   | embosa_localization_node|localization_server|4403                       |                         |                         |
|                                                       | galbot-echo   | service_left_arm_camera_sensor_capture|left_arm_camera_capture|4410     |                         |                         |
| reader_sub:/right_rear_surround/color/image_raw       | galbot-echo   | service_surround_cameras_sensor_capture|surround_cameras_capture|4397   | 2026-09-29 13:46:05.458 | unmatch                 |
| reader_sub:/right_front_surround/color/image_raw      | galbot-echo   | service_surround_cameras_sensor_capture|surround_cameras_capture|4397   | 2026-09-29 13:46:05.406 | unmatch                 |
| reader_sub:/left_front_surround/color/camera_info     | galbot-echo   | service_surround_cameras_sensor_capture|surround_cameras_capture|4397   | 2026-09-29 13:46:05.398 | unmatch                 |
| reader_sub:/right_front_surround/color/camera_info    | galbot-echo   | service_surround_cameras_sensor_capture|surround_cameras_capture|4397   | 2026-09-29 13:46:05.424 | unmatch                 |
| reader_sub:/front_head_camera/left_color/image_raw    | galbot-echo   | service_front_head_camera_sensor_capture|front_head_camera_capture|4401 | 2026-09-29 13:46:05.185 | unmatch                 |
| reader_sub:/front_head_camera/right_color/camera_info | galbot-echo   | service_front_head_camera_sensor_capture|front_head_camera_capture|4401 | 2026-09-29 13:46:05.264 | unmatch                 |
| reader_sub:/odom/base_link                            | galbot-xcu    | embosa_test_rpc_client_node|galbot_chassis_service|3945                 | 2026-09-29 13:46:05.587 | 2026-09-29 13:46:05.590 |
| reader_sub:singorix/wbcs/error                        | galbot-xcu    | singorix_wbcs_main|singorix_wbcs_main|4379                              | 2026-09-29 13:46:05.574 | 2026-09-29 13:46:05.616 |
| reader_sub:bms                                        | galbot-xcu    | embosa_bms_sub_node|galbot_chassis_service|3945                         | 2026-09-29 13:46:05.502 | 2026-09-29 13:46:05.504 |
| reader_sub:/right_arm_camera/color/camera_info        | galbot-echo   | service_right_arm_camera_sensor_capture|right_arm_camera_capture|4407   | 2026-09-29 13:46:05.348 | unmatch                 |
| reader_sub:/front_head_camera/left_color/camera_info  | galbot-echo   | service_front_head_camera_sensor_capture|front_head_camera_capture|4401 | 2026-09-29 13:46:05.232 | unmatch                 |
| reader_sub:/front_head_camera/right_color/image_raw   | galbot-echo   | service_front_head_camera_sensor_capture|front_head_camera_capture|4401 | 2026-09-29 13:46:05.239 | unmatch                 |
| reader_sub:/right_rear_surround/color/camera_info     | galbot-echo   | service_surround_cameras_sensor_capture|surround_cameras_capture|4397   | 2026-09-29 13:46:05.478 | unmatch                 |
| reader_sub:/left_arm_camera/color/camera_info         | galbot-echo   | service_left_arm_camera_sensor_capture|left_arm_camera_capture|4410     | 2026-09-29 13:46:05.293 | unmatch                 |
| reader_sub:/left_arm_camera/depth/image_raw           | galbot-echo   | service_left_arm_camera_sensor_capture|left_arm_camera_capture|4410     | 2026-09-29 13:46:05.299 | unmatch                 |
| reader_sub:singorix/wbcs/wbc_info                     | galbot-xcu    | singorix_wbcs_main|singorix_wbcs_main|4379                              | 2026-09-29 13:46:05.578 | 2026-09-29 13:46:05.616 |
| reader_sub:/left_arm_camera/depth/camera_info         | galbot-echo   | service_left_arm_camera_sensor_capture|left_arm_camera_capture|4410     | 2026-09-29 13:46:05.320 | unmatch                 |
| reader_sub:/left_rear_surround/color/image_raw        | galbot-echo   | service_surround_cameras_sensor_capture|surround_cameras_capture|4397   | 2026-09-29 13:46:05.432 | unmatch                 |
| reader_sub:/right_arm_camera/color/image_raw          | galbot-echo   | service_right_arm_camera_sensor_capture|right_arm_camera_capture|4407   | 2026-09-29 13:46:05.329 | unmatch                 |
| reader_sub:/left_rear_surround/color/camera_info      | galbot-echo   | service_surround_cameras_sensor_capture|surround_cameras_capture|4397   | 2026-09-29 13:46:05.448 | unmatch                 |
| reader_sub:/right_arm_camera/depth/image_raw          | galbot-echo   | service_right_arm_camera_sensor_capture|right_arm_camera_capture|4407   | 2026-09-29 13:46:05.358 | unmatch                 |
| reader_sub:/left_arm_camera/color/image_raw           | galbot-echo   | service_left_arm_camera_sensor_capture|left_arm_camera_capture|4410     | 2026-09-29 13:46:05.268 | unmatch                 |
| reader_sub:/right_arm_camera/depth/camera_info        | galbot-echo   | service_right_arm_camera_sensor_capture|right_arm_camera_capture|4407   | 2026-09-29 13:46:05.378 | unmatch                 |
| reader_sub:/left_front_surround/color/image_raw       | galbot-echo   | service_surround_cameras_sensor_capture|surround_cameras_capture|4397   | 2026-09-29 13:46:05.382 | unmatch                 |
| client_sub:singorix/wbcs/controller_server            | galbot-xcu    | singorix_wbcs_main|singorix_wbcs_main|4379                              | 2026-09-29 13:46:05.542 | 2026-09-29 13:46:05.616 |
| client_sub:singorix/wbcs/target_server                | galbot-xcu    | singorix_wbcs_main|singorix_wbcs_main|4379                              | 2026-09-29 13:46:05.511 | 2026-09-29 13:46:05.616 |
+-------------------------------------------------------+---------------+-------------------------------------------------------------------------+-------------------------+-------------------------+

[2026-09-29 13:46:35.193 thread:1190223 info statistics.cc:245]:
+-------------------------------------------------------+------------------+------------------+------------------+------------+------------+---------+--------------+
| Topic                                                 | Latency Avg (us) | Latency Max (us) | Latency Min (us) | Loss Count | Recv Count | Hz      | Bandwidth    |
+-------------------------------------------------------+------------------+------------------+------------------+------------+------------+---------+--------------+
| reader_sub:/galbot/mic                                | unknown          | unknown          | unknown          | 0          | 0          | 0.000   | 0.000 KB/s   |
| reader_sub:singorix/wbcs/sensor                       | 2006             | 25660            | 512              | 0          | 3533       | 123.200 | 244.429 KB/s |
| reader_sub:/galbot/mission_manager/onboard_config     | 1186             | 5288             | 501              | 0          | 30         | 1.000   | 0.044 KB/s   |
| reader_sub:/embosa_tf_static                          | unknown          | unknown          | unknown          | 0          | 0          | 0.000   | 0.000 KB/s   |
| reader_sub:/embosa_tf                                 | unknown          | unknown          | unknown          | 0          | 0          | 0.000   | 0.000 KB/s   |
| reader_sub:/right_rear_surround/color/image_raw       | unknown          | unknown          | unknown          | 0          | 0          | 0.000   | 0.000 KB/s   |
| reader_sub:/right_front_surround/color/image_raw      | unknown          | unknown          | unknown          | 0          | 0          | 0.000   | 0.000 KB/s   |
| reader_sub:/left_front_surround/color/camera_info     | unknown          | unknown          | unknown          | 0          | 0          | 0.000   | 0.000 KB/s   |
| reader_sub:/right_front_surround/color/camera_info    | unknown          | unknown          | unknown          | 0          | 0          | 0.000   | 0.000 KB/s   |
| reader_sub:/front_head_camera/left_color/image_raw    | unknown          | unknown          | unknown          | 0          | 0          | 0.000   | 0.000 KB/s   |
| reader_sub:/front_head_camera/right_color/camera_info | unknown          | unknown          | unknown          | 0          | 0          | 0.000   | 0.000 KB/s   |
| reader_sub:/odom/base_link                            | 1066             | 13429            | 310              | 0          | 2952       | 99.800  | 10.978 KB/s  |
| reader_sub:singorix/wbcs/error                        | 1427             | 27537            | 349              | 0          | 3534       | 123.400 | 1.851 KB/s   |
| reader_sub:bms                                        | 1019             | 1326             | 522              | 0          | 29         | 1.000   | 1.071 KB/s   |
| reader_sub:/right_arm_camera/color/camera_info        | unknown          | unknown          | unknown          | 0          | 0          | 0.000   | 0.000 KB/s   |
| reader_sub:/front_head_camera/left_color/camera_info  | unknown          | unknown          | unknown          | 0          | 0          | 0.000   | 0.000 KB/s   |
| reader_sub:/front_head_camera/right_color/image_raw   | unknown          | unknown          | unknown          | 0          | 0          | 0.000   | 0.000 KB/s   |
| reader_sub:/right_rear_surround/color/camera_info     | unknown          | unknown          | unknown          | 0          | 0          | 0.000   | 0.000 KB/s   |
| reader_sub:/left_arm_camera/color/camera_info         | unknown          | unknown          | unknown          | 0          | 0          | 0.000   | 0.000 KB/s   |
| reader_sub:/left_arm_camera/depth/image_raw           | unknown          | unknown          | unknown          | 0          | 0          | 0.000   | 0.000 KB/s   |
| reader_sub:singorix/wbcs/wbc_info                     | 2065             | 376504           | 543              | 0          | 1767       | 61.800  | 499.904 KB/s |
| reader_sub:/left_arm_camera/depth/camera_info         | unknown          | unknown          | unknown          | 0          | 0          | 0.000   | 0.000 KB/s   |
| reader_sub:/left_rear_surround/color/image_raw        | unknown          | unknown          | unknown          | 0          | 0          | 0.000   | 0.000 KB/s   |
| reader_sub:/right_arm_camera/color/image_raw          | unknown          | unknown          | unknown          | 0          | 0          | 0.000   | 0.000 KB/s   |
| reader_sub:/left_rear_surround/color/camera_info      | unknown          | unknown          | unknown          | 0          | 0          | 0.000   | 0.000 KB/s   |
| reader_sub:/right_arm_camera/depth/image_raw          | unknown          | unknown          | unknown          | 0          | 0          | 0.000   | 0.000 KB/s   |
| reader_sub:/left_arm_camera/color/image_raw           | unknown          | unknown          | unknown          | 0          | 0          | 0.000   | 0.000 KB/s   |
| reader_sub:/right_arm_camera/depth/camera_info        | unknown          | unknown          | unknown          | 0          | 0          | 0.000   | 0.000 KB/s   |
| reader_sub:/left_front_surround/color/image_raw       | unknown          | unknown          | unknown          | 0          | 0          | 0.000   | 0.000 KB/s   |
| client_sub:singorix/wbcs/controller_server            | unknown          | unknown          | unknown          | 0          | 0          | 0.000   | 0.000 KB/s   |
| client_sub:singorix/wbcs/target_server                | unknown          | unknown          | unknown          | 0          | 0          | 0.000   | 0.000 KB/s   |
+-------------------------------------------------------+------------------+------------------+------------------+------------+------------+---------+--------------+

[2026-09-29 13:46:40.204 thread:1190223 info statistics.cc:167]:
+-------------------------------------------------------+---------------+-------------------------------------------------------------------------+-------------------------+-------------------------+
| Topic                                                 | Peer Hostname | Peer Node Name                                                          | Create Time             | Match Time              |
+-------------------------------------------------------+---------------+-------------------------------------------------------------------------+-------------------------+-------------------------+
| reader_sub:/galbot/mic                                | galbot-echo   | vtn_mic_node|galbot_vtn|4061                                            | 2026-09-29 13:46:05.893 | unmatch                 |
| reader_sub:singorix/wbcs/sensor                       | galbot-xcu    | singorix_wbcs_main|singorix_wbcs_main|4379                              | 2026-09-29 13:46:05.583 | 2026-09-29 13:46:05.616 |
| reader_sub:/galbot/mission_manager/onboard_config     | galbot-xcu    | context_mission_mode|mission_manager|3595                               | 2026-09-29 13:46:05.497 | 2026-09-29 13:46:06.602 |
|                                                       | galbot-xcu    | version_node|devinfo_server|3655                                        |                         |                         |
| reader_sub:/embosa_tf_static                          | galbot-echo   | robot_state_publisher|robot_state_publish|4400                          | 2026-09-29 13:46:05.493 | unmatch                 |
|                                                       | galbot-echo   | embosa_eyehand_calib_publish|eyehand_calib_publish|4399                 |                         |                         |
| reader_sub:/embosa_tf                                 | galbot-echo   | robot_state_publisher|robot_state_publish|4400                          | 2026-09-29 13:46:05.489 | unmatch                 |
|                                                       | galbot-echo   | service_front_head_camera_sensor_capture|front_head_camera_capture|4401 |                         |                         |
|                                                       | galbot-echo   | service_right_arm_camera_sensor_capture|right_arm_camera_capture|4407   |                         |                         |
|                                                       | galbot-echo   | embosa_localization_node|localization_server|4403                       |                         |                         |
|                                                       | galbot-echo   | service_left_arm_camera_sensor_capture|left_arm_camera_capture|4410     |                         |                         |
| reader_sub:/right_rear_surround/color/image_raw       | galbot-echo   | service_surround_cameras_sensor_capture|surround_cameras_capture|4397   | 2026-09-29 13:46:05.458 | unmatch                 |
| reader_sub:/right_front_surround/color/image_raw      | galbot-echo   | service_surround_cameras_sensor_capture|surround_cameras_capture|4397   | 2026-09-29 13:46:05.406 | unmatch                 |
| reader_sub:/left_front_surround/color/camera_info     | galbot-echo   | service_surround_cameras_sensor_capture|surround_cameras_capture|4397   | 2026-09-29 13:46:05.398 | unmatch                 |
| reader_sub:/right_front_surround/color/camera_info    | galbot-echo   | service_surround_cameras_sensor_capture|surround_cameras_capture|4397   | 2026-09-29 13:46:05.424 | unmatch                 |
| reader_sub:/front_head_camera/left_color/image_raw    | galbot-echo   | service_front_head_camera_sensor_capture|front_head_camera_capture|4401 | 2026-09-29 13:46:05.185 | unmatch                 |
| reader_sub:/front_head_camera/right_color/camera_info | galbot-echo   | service_front_head_camera_sensor_capture|front_head_camera_capture|4401 | 2026-09-29 13:46:05.264 | unmatch                 |
| reader_sub:/odom/base_link                            | galbot-xcu    | embosa_test_rpc_client_node|galbot_chassis_service|3945                 | 2026-09-29 13:46:05.587 | 2026-09-29 13:46:05.590 |
| reader_sub:singorix/wbcs/error                        | galbot-xcu    | singorix_wbcs_main|singorix_wbcs_main|4379                              | 2026-09-29 13:46:05.574 | 2026-09-29 13:46:05.616 |
| reader_sub:bms                                        | galbot-xcu    | embosa_bms_sub_node|galbot_chassis_service|3945                         | 2026-09-29 13:46:05.502 | 2026-09-29 13:46:05.504 |
| reader_sub:/right_arm_camera/color/camera_info        | galbot-echo   | service_right_arm_camera_sensor_capture|right_arm_camera_capture|4407   | 2026-09-29 13:46:05.348 | unmatch                 |
| reader_sub:/front_head_camera/left_color/camera_info  | galbot-echo   | service_front_head_camera_sensor_capture|front_head_camera_capture|4401 | 2026-09-29 13:46:05.232 | unmatch                 |
| reader_sub:/front_head_camera/right_color/image_raw   | galbot-echo   | service_front_head_camera_sensor_capture|front_head_camera_capture|4401 | 2026-09-29 13:46:05.239 | unmatch                 |
| reader_sub:/right_rear_surround/color/camera_info     | galbot-echo   | service_surround_cameras_sensor_capture|surround_cameras_capture|4397   | 2026-09-29 13:46:05.478 | unmatch                 |
| reader_sub:/left_arm_camera/color/camera_info         | galbot-echo   | service_left_arm_camera_sensor_capture|left_arm_camera_capture|4410     | 2026-09-29 13:46:05.293 | unmatch                 |
| reader_sub:/left_arm_camera/depth/image_raw           | galbot-echo   | service_left_arm_camera_sensor_capture|left_arm_camera_capture|4410     | 2026-09-29 13:46:05.299 | unmatch                 |
| reader_sub:singorix/wbcs/wbc_info                     | galbot-xcu    | singorix_wbcs_main|singorix_wbcs_main|4379                              | 2026-09-29 13:46:05.578 | 2026-09-29 13:46:05.616 |
| reader_sub:/left_arm_camera/depth/camera_info         | galbot-echo   | service_left_arm_camera_sensor_capture|left_arm_camera_capture|4410     | 2026-09-29 13:46:05.320 | unmatch                 |
| reader_sub:/left_rear_surround/color/image_raw        | galbot-echo   | service_surround_cameras_sensor_capture|surround_cameras_capture|4397   | 2026-09-29 13:46:05.432 | unmatch                 |
| reader_sub:/right_arm_camera/color/image_raw          | galbot-echo   | service_right_arm_camera_sensor_capture|right_arm_camera_capture|4407   | 2026-09-29 13:46:05.329 | unmatch                 |
| reader_sub:/left_rear_surround/color/camera_info      | galbot-echo   | service_surround_cameras_sensor_capture|surround_cameras_capture|4397   | 2026-09-29 13:46:05.448 | unmatch                 |
| reader_sub:/right_arm_camera/depth/image_raw          | galbot-echo   | service_right_arm_camera_sensor_capture|right_arm_camera_capture|4407   | 2026-09-29 13:46:05.358 | unmatch                 |
| reader_sub:/left_arm_camera/color/image_raw           | galbot-echo   | service_left_arm_camera_sensor_capture|left_arm_camera_capture|4410     | 2026-09-29 13:46:05.268 | unmatch                 |
| reader_sub:/right_arm_camera/depth/camera_info        | galbot-echo   | service_right_arm_camera_sensor_capture|right_arm_camera_capture|4407   | 2026-09-29 13:46:05.378 | unmatch                 |
| reader_sub:/left_front_surround/color/image_raw       | galbot-echo   | service_surround_cameras_sensor_capture|surround_cameras_capture|4397   | 2026-09-29 13:46:05.382 | unmatch                 |
| client_sub:singorix/wbcs/controller_server            | galbot-xcu    | singorix_wbcs_main|singorix_wbcs_main|4379                              | 2026-09-29 13:46:05.542 | 2026-09-29 13:46:05.616 |
| client_sub:singorix/wbcs/target_server                | galbot-xcu    | singorix_wbcs_main|singorix_wbcs_main|4379                              | 2026-09-29 13:46:05.511 | 2026-09-29 13:46:05.616 |
+-------------------------------------------------------+---------------+-------------------------------------------------------------------------+-------------------------+-------------------------+

[2026-09-29 13:46:40.205 thread:1190223 info statistics.cc:245]:
+-------------------------------------------------------+------------------+------------------+------------------+------------+------------+---------+--------------+
| Topic                                                 | Latency Avg (us) | Latency Max (us) | Latency Min (us) | Loss Count | Recv Count | Hz      | Bandwidth    |
+-------------------------------------------------------+------------------+------------------+------------------+------------+------------+---------+--------------+
| reader_sub:/galbot/mic                                | unknown          | unknown          | unknown          | 0          | 0          | 0.000   | 0.000 KB/s   |
| reader_sub:singorix/wbcs/sensor                       | 2021             | 25660            | 512              | 0          | 4141       | 121.600 | 241.254 KB/s |
| reader_sub:/galbot/mission_manager/onboard_config     | 1121             | 5288             | 501              | 0          | 36         | 1.200   | 0.053 KB/s   |
| reader_sub:/embosa_tf_static                          | unknown          | unknown          | unknown          | 0          | 0          | 0.000   | 0.000 KB/s   |
| reader_sub:/embosa_tf                                 | unknown          | unknown          | unknown          | 0          | 0          | 0.000   | 0.000 KB/s   |
| reader_sub:/right_rear_surround/color/image_raw       | unknown          | unknown          | unknown          | 0          | 0          | 0.000   | 0.000 KB/s   |
| reader_sub:/right_front_surround/color/image_raw      | unknown          | unknown          | unknown          | 0          | 0          | 0.000   | 0.000 KB/s   |
| reader_sub:/left_front_surround/color/camera_info     | unknown          | unknown          | unknown          | 0          | 0          | 0.000   | 0.000 KB/s   |
| reader_sub:/right_front_surround/color/camera_info    | unknown          | unknown          | unknown          | 0          | 0          | 0.000   | 0.000 KB/s   |
| reader_sub:/front_head_camera/left_color/image_raw    | unknown          | unknown          | unknown          | 0          | 0          | 0.000   | 0.000 KB/s   |
| reader_sub:/front_head_camera/right_color/camera_info | unknown          | unknown          | unknown          | 0          | 0          | 0.000   | 0.000 KB/s   |
| reader_sub:/odom/base_link                            | 1067             | 13429            | 310              | 0          | 3451       | 99.800  | 10.978 KB/s  |
| reader_sub:singorix/wbcs/error                        | 1436             | 27537            | 349              | 0          | 4142       | 121.600 | 1.824 KB/s   |
| reader_sub:bms                                        | 1043             | 1767             | 522              | 0          | 35         | 1.200   | 1.285 KB/s   |
| reader_sub:/right_arm_camera/color/camera_info        | unknown          | unknown          | unknown          | 0          | 0          | 0.000   | 0.000 KB/s   |
| reader_sub:/front_head_camera/left_color/camera_info  | unknown          | unknown          | unknown          | 0          | 0          | 0.000   | 0.000 KB/s   |
| reader_sub:/front_head_camera/right_color/image_raw   | unknown          | unknown          | unknown          | 0          | 0          | 0.000   | 0.000 KB/s   |
| reader_sub:/right_rear_surround/color/camera_info     | unknown          | unknown          | unknown          | 0          | 0          | 0.000   | 0.000 KB/s   |
| reader_sub:/left_arm_camera/color/camera_info         | unknown          | unknown          | unknown          | 0          | 0          | 0.000   | 0.000 KB/s   |
| reader_sub:/left_arm_camera/depth/image_raw           | unknown          | unknown          | unknown          | 0          | 0          | 0.000   | 0.000 KB/s   |
| reader_sub:singorix/wbcs/wbc_info                     | 2074             | 376504           | 543              | 0          | 2071       | 60.800  | 491.834 KB/s |
| reader_sub:/left_arm_camera/depth/camera_info         | unknown          | unknown          | unknown          | 0          | 0          | 0.000   | 0.000 KB/s   |
| reader_sub:/left_rear_surround/color/image_raw        | unknown          | unknown          | unknown          | 0          | 0          | 0.000   | 0.000 KB/s   |
| reader_sub:/right_arm_camera/color/image_raw          | unknown          | unknown          | unknown          | 0          | 0          | 0.000   | 0.000 KB/s   |
| reader_sub:/left_rear_surround/color/camera_info      | unknown          | unknown          | unknown          | 0          | 0          | 0.000   | 0.000 KB/s   |
| reader_sub:/right_arm_camera/depth/image_raw          | unknown          | unknown          | unknown          | 0          | 0          | 0.000   | 0.000 KB/s   |
| reader_sub:/left_arm_camera/color/image_raw           | unknown          | unknown          | unknown          | 0          | 0          | 0.000   | 0.000 KB/s   |
| reader_sub:/right_arm_camera/depth/camera_info        | unknown          | unknown          | unknown          | 0          | 0          | 0.000   | 0.000 KB/s   |
| reader_sub:/left_front_surround/color/image_raw       | unknown          | unknown          | unknown          | 0          | 0          | 0.000   | 0.000 KB/s   |
| client_sub:singorix/wbcs/controller_server            | unknown          | unknown          | unknown          | 0          | 0          | 0.000   | 0.000 KB/s   |
| client_sub:singorix/wbcs/target_server                | unknown          | unknown          | unknown          | 0          | 0          | 0.000   | 0.000 KB/s   |
+-------------------------------------------------------+------------------+------------------+------------------+------------+------------+---------+--------------+

[2026-09-29 13:46:45.216 thread:1190223 info statistics.cc:167]:
+-------------------------------------------------------+---------------+-------------------------------------------------------------------------+-------------------------+-------------------------+
| Topic                                                 | Peer Hostname | Peer Node Name                                                          | Create Time             | Match Time              |
+-------------------------------------------------------+---------------+-------------------------------------------------------------------------+-------------------------+-------------------------+
| reader_sub:/galbot/mic                                | galbot-echo   | vtn_mic_node|galbot_vtn|4061                                            | 2026-09-29 13:46:05.893 | unmatch                 |
| reader_sub:singorix/wbcs/sensor                       | galbot-xcu    | singorix_wbcs_main|singorix_wbcs_main|4379                              | 2026-09-29 13:46:05.583 | 2026-09-29 13:46:05.616 |
| reader_sub:/galbot/mission_manager/onboard_config     | galbot-xcu    | context_mission_mode|mission_manager|3595                               | 2026-09-29 13:46:05.497 | 2026-09-29 13:46:06.602 |
|                                                       | galbot-xcu    | version_node|devinfo_server|3655                                        |                         |                         |
| reader_sub:/embosa_tf_static                          | galbot-echo   | robot_state_publisher|robot_state_publish|4400                          | 2026-09-29 13:46:05.493 | unmatch                 |
|                                                       | galbot-echo   | embosa_eyehand_calib_publish|eyehand_calib_publish|4399                 |                         |                         |
| reader_sub:/embosa_tf                                 | galbot-echo   | robot_state_publisher|robot_state_publish|4400                          | 2026-09-29 13:46:05.489 | unmatch                 |
|                                                       | galbot-echo   | service_front_head_camera_sensor_capture|front_head_camera_capture|4401 |                         |                         |
|                                                       | galbot-echo   | service_right_arm_camera_sensor_capture|right_arm_camera_capture|4407   |                         |                         |
|                                                       | galbot-echo   | embosa_localization_node|localization_server|4403                       |                         |                         |
|                                                       | galbot-echo   | service_left_arm_camera_sensor_capture|left_arm_camera_capture|4410     |                         |                         |
| reader_sub:/right_rear_surround/color/image_raw       | galbot-echo   | service_surround_cameras_sensor_capture|surround_cameras_capture|4397   | 2026-09-29 13:46:05.458 | unmatch                 |
| reader_sub:/right_front_surround/color/image_raw      | galbot-echo   | service_surround_cameras_sensor_capture|surround_cameras_capture|4397   | 2026-09-29 13:46:05.406 | unmatch                 |
| reader_sub:/left_front_surround/color/camera_info     | galbot-echo   | service_surround_cameras_sensor_capture|surround_cameras_capture|4397   | 2026-09-29 13:46:05.398 | unmatch                 |
| reader_sub:/right_front_surround/color/camera_info    | galbot-echo   | service_surround_cameras_sensor_capture|surround_cameras_capture|4397   | 2026-09-29 13:46:05.424 | unmatch                 |
| reader_sub:/front_head_camera/left_color/image_raw    | galbot-echo   | service_front_head_camera_sensor_capture|front_head_camera_capture|4401 | 2026-09-29 13:46:05.185 | unmatch                 |
| reader_sub:/front_head_camera/right_color/camera_info | galbot-echo   | service_front_head_camera_sensor_capture|front_head_camera_capture|4401 | 2026-09-29 13:46:05.264 | unmatch                 |
| reader_sub:/odom/base_link                            | galbot-xcu    | embosa_test_rpc_client_node|galbot_chassis_service|3945                 | 2026-09-29 13:46:05.587 | 2026-09-29 13:46:05.590 |
| reader_sub:singorix/wbcs/error                        | galbot-xcu    | singorix_wbcs_main|singorix_wbcs_main|4379                              | 2026-09-29 13:46:05.574 | 2026-09-29 13:46:05.616 |
| reader_sub:bms                                        | galbot-xcu    | embosa_bms_sub_node|galbot_chassis_service|3945                         | 2026-09-29 13:46:05.502 | 2026-09-29 13:46:05.504 |
| reader_sub:/right_arm_camera/color/camera_info        | galbot-echo   | service_right_arm_camera_sensor_capture|right_arm_camera_capture|4407   | 2026-09-29 13:46:05.348 | unmatch                 |
| reader_sub:/front_head_camera/left_color/camera_info  | galbot-echo   | service_front_head_camera_sensor_capture|front_head_camera_capture|4401 | 2026-09-29 13:46:05.232 | unmatch                 |
| reader_sub:/front_head_camera/right_color/image_raw   | galbot-echo   | service_front_head_camera_sensor_capture|front_head_camera_capture|4401 | 2026-09-29 13:46:05.239 | unmatch                 |
| reader_sub:/right_rear_surround/color/camera_info     | galbot-echo   | service_surround_cameras_sensor_capture|surround_cameras_capture|4397   | 2026-09-29 13:46:05.478 | unmatch                 |
| reader_sub:/left_arm_camera/color/camera_info         | galbot-echo   | service_left_arm_camera_sensor_capture|left_arm_camera_capture|4410     | 2026-09-29 13:46:05.293 | unmatch                 |
| reader_sub:/left_arm_camera/depth/image_raw           | galbot-echo   | service_left_arm_camera_sensor_capture|left_arm_camera_capture|4410     | 2026-09-29 13:46:05.299 | unmatch                 |
| reader_sub:singorix/wbcs/wbc_info                     | galbot-xcu    | singorix_wbcs_main|singorix_wbcs_main|4379                              | 2026-09-29 13:46:05.578 | 2026-09-29 13:46:05.616 |
| reader_sub:/left_arm_camera/depth/camera_info         | galbot-echo   | service_left_arm_camera_sensor_capture|left_arm_camera_capture|4410     | 2026-09-29 13:46:05.320 | unmatch                 |
| reader_sub:/left_rear_surround/color/image_raw        | galbot-echo   | service_surround_cameras_sensor_capture|surround_cameras_capture|4397   | 2026-09-29 13:46:05.432 | unmatch                 |
| reader_sub:/right_arm_camera/color/image_raw          | galbot-echo   | service_right_arm_camera_sensor_capture|right_arm_camera_capture|4407   | 2026-09-29 13:46:05.329 | unmatch                 |
| reader_sub:/left_rear_surround/color/camera_info      | galbot-echo   | service_surround_cameras_sensor_capture|surround_cameras_capture|4397   | 2026-09-29 13:46:05.448 | unmatch                 |
| reader_sub:/right_arm_camera/depth/image_raw          | galbot-echo   | service_right_arm_camera_sensor_capture|right_arm_camera_capture|4407   | 2026-09-29 13:46:05.358 | unmatch                 |
| reader_sub:/left_arm_camera/color/image_raw           | galbot-echo   | service_left_arm_camera_sensor_capture|left_arm_camera_capture|4410     | 2026-09-29 13:46:05.268 | unmatch                 |
| reader_sub:/right_arm_camera/depth/camera_info        | galbot-echo   | service_right_arm_camera_sensor_capture|right_arm_camera_capture|4407   | 2026-09-29 13:46:05.378 | unmatch                 |
| reader_sub:/left_front_surround/color/image_raw       | galbot-echo   | service_surround_cameras_sensor_capture|surround_cameras_capture|4397   | 2026-09-29 13:46:05.382 | unmatch                 |
| client_sub:singorix/wbcs/controller_server            | galbot-xcu    | singorix_wbcs_main|singorix_wbcs_main|4379                              | 2026-09-29 13:46:05.542 | 2026-09-29 13:46:05.616 |
| client_sub:singorix/wbcs/target_server                | galbot-xcu    | singorix_wbcs_main|singorix_wbcs_main|4379                              | 2026-09-29 13:46:05.511 | 2026-09-29 13:46:05.616 |
+-------------------------------------------------------+---------------+-------------------------------------------------------------------------+-------------------------+-------------------------+

[2026-09-29 13:46:45.217 thread:1190223 info statistics.cc:245]:
+-------------------------------------------------------+------------------+------------------+------------------+------------+------------+---------+--------------+
| Topic                                                 | Latency Avg (us) | Latency Max (us) | Latency Min (us) | Loss Count | Recv Count | Hz      | Bandwidth    |
+-------------------------------------------------------+------------------+------------------+------------------+------------+------------+---------+--------------+
| reader_sub:/galbot/mic                                | unknown          | unknown          | unknown          | 0          | 0          | 0.000   | 0.000 KB/s   |
| reader_sub:singorix/wbcs/sensor                       | 2022             | 25660            | 483              | 0          | 4765       | 124.800 | 247.603 KB/s |
| reader_sub:/galbot/mission_manager/onboard_config     | 1094             | 5288             | 477              | 0          | 41         | 1.000   | 0.044 KB/s   |
| reader_sub:/embosa_tf_static                          | unknown          | unknown          | unknown          | 0          | 0          | 0.000   | 0.000 KB/s   |
| reader_sub:/embosa_tf                                 | unknown          | unknown          | unknown          | 0          | 0          | 0.000   | 0.000 KB/s   |
| reader_sub:/right_rear_surround/color/image_raw       | unknown          | unknown          | unknown          | 0          | 0          | 0.000   | 0.000 KB/s   |
| reader_sub:/right_front_surround/color/image_raw      | unknown          | unknown          | unknown          | 0          | 0          | 0.000   | 0.000 KB/s   |
| reader_sub:/left_front_surround/color/camera_info     | unknown          | unknown          | unknown          | 0          | 0          | 0.000   | 0.000 KB/s   |
| reader_sub:/right_front_surround/color/camera_info    | unknown          | unknown          | unknown          | 0          | 0          | 0.000   | 0.000 KB/s   |
| reader_sub:/front_head_camera/left_color/image_raw    | unknown          | unknown          | unknown          | 0          | 0          | 0.000   | 0.000 KB/s   |
| reader_sub:/front_head_camera/right_color/camera_info | unknown          | unknown          | unknown          | 0          | 0          | 0.000   | 0.000 KB/s   |
| reader_sub:/odom/base_link                            | 1067             | 13429            | 299              | 0          | 3951       | 100.000 | 11.000 KB/s  |
| reader_sub:singorix/wbcs/error                        | 1439             | 27537            | 321              | 0          | 4766       | 124.800 | 1.872 KB/s   |
| reader_sub:bms                                        | 1043             | 1767             | 522              | 0          | 40         | 1.000   | 1.071 KB/s   |
| reader_sub:/right_arm_camera/color/camera_info        | unknown          | unknown          | unknown          | 0          | 0          | 0.000   | 0.000 KB/s   |
| reader_sub:/front_head_camera/left_color/camera_info  | unknown          | unknown          | unknown          | 0          | 0          | 0.000   | 0.000 KB/s   |
| reader_sub:/front_head_camera/right_color/image_raw   | unknown          | unknown          | unknown          | 0          | 0          | 0.000   | 0.000 KB/s   |
| reader_sub:/right_rear_surround/color/camera_info     | unknown          | unknown          | unknown          | 0          | 0          | 0.000   | 0.000 KB/s   |
| reader_sub:/left_arm_camera/color/camera_info         | unknown          | unknown          | unknown          | 0          | 0          | 0.000   | 0.000 KB/s   |
| reader_sub:/left_arm_camera/depth/image_raw           | unknown          | unknown          | unknown          | 0          | 0          | 0.000   | 0.000 KB/s   |
| reader_sub:singorix/wbcs/wbc_info                     | 2085             | 376504           | 543              | 0          | 2383       | 62.400  | 504.787 KB/s |
| reader_sub:/left_arm_camera/depth/camera_info         | unknown          | unknown          | unknown          | 0          | 0          | 0.000   | 0.000 KB/s   |
| reader_sub:/left_rear_surround/color/image_raw        | unknown          | unknown          | unknown          | 0          | 0          | 0.000   | 0.000 KB/s   |
| reader_sub:/right_arm_camera/color/image_raw          | unknown          | unknown          | unknown          | 0          | 0          | 0.000   | 0.000 KB/s   |
| reader_sub:/left_rear_surround/color/camera_info      | unknown          | unknown          | unknown          | 0          | 0          | 0.000   | 0.000 KB/s   |
| reader_sub:/right_arm_camera/depth/image_raw          | unknown          | unknown          | unknown          | 0          | 0          | 0.000   | 0.000 KB/s   |
| reader_sub:/left_arm_camera/color/image_raw           | unknown          | unknown          | unknown          | 0          | 0          | 0.000   | 0.000 KB/s   |
| reader_sub:/right_arm_camera/depth/camera_info        | unknown          | unknown          | unknown          | 0          | 0          | 0.000   | 0.000 KB/s   |
| reader_sub:/left_front_surround/color/image_raw       | unknown          | unknown          | unknown          | 0          | 0          | 0.000   | 0.000 KB/s   |
| client_sub:singorix/wbcs/controller_server            | unknown          | unknown          | unknown          | 0          | 0          | 0.000   | 0.000 KB/s   |
| client_sub:singorix/wbcs/target_server                | unknown          | unknown          | unknown          | 0          | 0          | 0.000   | 0.000 KB/s   |
+-------------------------------------------------------+------------------+------------------+------------------+------------+------------+---------+--------------+

[2026-09-29 13:46:50.230 thread:1190223 info statistics.cc:167]:
+-------------------------------------------------------+---------------+-------------------------------------------------------------------------+-------------------------+-------------------------+
| Topic                                                 | Peer Hostname | Peer Node Name                                                          | Create Time             | Match Time              |
+-------------------------------------------------------+---------------+-------------------------------------------------------------------------+-------------------------+-------------------------+
| reader_sub:/galbot/mic                                | galbot-echo   | vtn_mic_node|galbot_vtn|4061                                            | 2026-09-29 13:46:05.893 | unmatch                 |
| reader_sub:singorix/wbcs/sensor                       | galbot-xcu    | singorix_wbcs_main|singorix_wbcs_main|4379                              | 2026-09-29 13:46:05.583 | 2026-09-29 13:46:05.616 |
| reader_sub:/galbot/mission_manager/onboard_config     | galbot-xcu    | context_mission_mode|mission_manager|3595                               | 2026-09-29 13:46:05.497 | 2026-09-29 13:46:06.602 |
|                                                       | galbot-xcu    | version_node|devinfo_server|3655                                        |                         |                         |
| reader_sub:/embosa_tf_static                          | galbot-echo   | robot_state_publisher|robot_state_publish|4400                          | 2026-09-29 13:46:05.493 | unmatch                 |
|                                                       | galbot-echo   | embosa_eyehand_calib_publish|eyehand_calib_publish|4399                 |                         |                         |
| reader_sub:/embosa_tf                                 | galbot-echo   | robot_state_publisher|robot_state_publish|4400                          | 2026-09-29 13:46:05.489 | unmatch                 |
|                                                       | galbot-echo   | service_front_head_camera_sensor_capture|front_head_camera_capture|4401 |                         |                         |
|                                                       | galbot-echo   | service_right_arm_camera_sensor_capture|right_arm_camera_capture|4407   |                         |                         |
|                                                       | galbot-echo   | embosa_localization_node|localization_server|4403                       |                         |                         |
|                                                       | galbot-echo   | service_left_arm_camera_sensor_capture|left_arm_camera_capture|4410     |                         |                         |
| reader_sub:/right_rear_surround/color/image_raw       | galbot-echo   | service_surround_cameras_sensor_capture|surround_cameras_capture|4397   | 2026-09-29 13:46:05.458 | unmatch                 |
| reader_sub:/right_front_surround/color/image_raw      | galbot-echo   | service_surround_cameras_sensor_capture|surround_cameras_capture|4397   | 2026-09-29 13:46:05.406 | unmatch                 |
| reader_sub:/left_front_surround/color/camera_info     | galbot-echo   | service_surround_cameras_sensor_capture|surround_cameras_capture|4397   | 2026-09-29 13:46:05.398 | unmatch                 |
| reader_sub:/right_front_surround/color/camera_info    | galbot-echo   | service_surround_cameras_sensor_capture|surround_cameras_capture|4397   | 2026-09-29 13:46:05.424 | unmatch                 |
| reader_sub:/front_head_camera/left_color/image_raw    | galbot-echo   | service_front_head_camera_sensor_capture|front_head_camera_capture|4401 | 2026-09-29 13:46:05.185 | unmatch                 |
| reader_sub:/front_head_camera/right_color/camera_info | galbot-echo   | service_front_head_camera_sensor_capture|front_head_camera_capture|4401 | 2026-09-29 13:46:05.264 | unmatch                 |
| reader_sub:/odom/base_link                            | galbot-xcu    | embosa_test_rpc_client_node|galbot_chassis_service|3945                 | 2026-09-29 13:46:05.587 | 2026-09-29 13:46:05.590 |
| reader_sub:singorix/wbcs/error                        | galbot-xcu    | singorix_wbcs_main|singorix_wbcs_main|4379                              | 2026-09-29 13:46:05.574 | 2026-09-29 13:46:05.616 |
| reader_sub:bms                                        | galbot-xcu    | embosa_bms_sub_node|galbot_chassis_service|3945                         | 2026-09-29 13:46:05.502 | 2026-09-29 13:46:05.504 |
| reader_sub:/right_arm_camera/color/camera_info        | galbot-echo   | service_right_arm_camera_sensor_capture|right_arm_camera_capture|4407   | 2026-09-29 13:46:05.348 | unmatch                 |
| reader_sub:/front_head_camera/left_color/camera_info  | galbot-echo   | service_front_head_camera_sensor_capture|front_head_camera_capture|4401 | 2026-09-29 13:46:05.232 | unmatch                 |
| reader_sub:/front_head_camera/right_color/image_raw   | galbot-echo   | service_front_head_camera_sensor_capture|front_head_camera_capture|4401 | 2026-09-29 13:46:05.239 | unmatch                 |
| reader_sub:/right_rear_surround/color/camera_info     | galbot-echo   | service_surround_cameras_sensor_capture|surround_cameras_capture|4397   | 2026-09-29 13:46:05.478 | unmatch                 |
| reader_sub:/left_arm_camera/color/camera_info         | galbot-echo   | service_left_arm_camera_sensor_capture|left_arm_camera_capture|4410     | 2026-09-29 13:46:05.293 | unmatch                 |
| reader_sub:/left_arm_camera/depth/image_raw           | galbot-echo   | service_left_arm_camera_sensor_capture|left_arm_camera_capture|4410     | 2026-09-29 13:46:05.299 | unmatch                 |
| reader_sub:singorix/wbcs/wbc_info                     | galbot-xcu    | singorix_wbcs_main|singorix_wbcs_main|4379                              | 2026-09-29 13:46:05.578 | 2026-09-29 13:46:05.616 |
| reader_sub:/left_arm_camera/depth/camera_info         | galbot-echo   | service_left_arm_camera_sensor_capture|left_arm_camera_capture|4410     | 2026-09-29 13:46:05.320 | unmatch                 |
| reader_sub:/left_rear_surround/color/image_raw        | galbot-echo   | service_surround_cameras_sensor_capture|surround_cameras_capture|4397   | 2026-09-29 13:46:05.432 | unmatch                 |
| reader_sub:/right_arm_camera/color/image_raw          | galbot-echo   | service_right_arm_camera_sensor_capture|right_arm_camera_capture|4407   | 2026-09-29 13:46:05.329 | unmatch                 |
| reader_sub:/left_rear_surround/color/camera_info      | galbot-echo   | service_surround_cameras_sensor_capture|surround_cameras_capture|4397   | 2026-09-29 13:46:05.448 | unmatch                 |
| reader_sub:/right_arm_camera/depth/image_raw          | galbot-echo   | service_right_arm_camera_sensor_capture|right_arm_camera_capture|4407   | 2026-09-29 13:46:05.358 | unmatch                 |
| reader_sub:/left_arm_camera/color/image_raw           | galbot-echo   | service_left_arm_camera_sensor_capture|left_arm_camera_capture|4410     | 2026-09-29 13:46:05.268 | unmatch                 |
| reader_sub:/right_arm_camera/depth/camera_info        | galbot-echo   | service_right_arm_camera_sensor_capture|right_arm_camera_capture|4407   | 2026-09-29 13:46:05.378 | unmatch                 |
| reader_sub:/left_front_surround/color/image_raw       | galbot-echo   | service_surround_cameras_sensor_capture|surround_cameras_capture|4397   | 2026-09-29 13:46:05.382 | unmatch                 |
| client_sub:singorix/wbcs/controller_server            | galbot-xcu    | singorix_wbcs_main|singorix_wbcs_main|4379                              | 2026-09-29 13:46:05.542 | 2026-09-29 13:46:05.616 |
| client_sub:singorix/wbcs/target_server                | galbot-xcu    | singorix_wbcs_main|singorix_wbcs_main|4379                              | 2026-09-29 13:46:05.511 | 2026-09-29 13:46:05.616 |
+-------------------------------------------------------+---------------+-------------------------------------------------------------------------+-------------------------+-------------------------+

[2026-09-29 13:46:50.230 thread:1190223 info statistics.cc:245]:
+-------------------------------------------------------+------------------+------------------+------------------+------------+------------+---------+--------------+
| Topic                                                 | Latency Avg (us) | Latency Max (us) | Latency Min (us) | Loss Count | Recv Count | Hz      | Bandwidth    |
+-------------------------------------------------------+------------------+------------------+------------------+------------+------------+---------+--------------+
| reader_sub:/galbot/mic                                | unknown          | unknown          | unknown          | 0          | 0          | 0.000   | 0.000 KB/s   |
| reader_sub:singorix/wbcs/sensor                       | 2030             | 25660            | 483              | 0          | 5371       | 121.200 | 240.461 KB/s |
| reader_sub:/galbot/mission_manager/onboard_config     | 1203             | 6700             | 408              | 0          | 46         | 1.000   | 0.044 KB/s   |
| reader_sub:/embosa_tf_static                          | unknown          | unknown          | unknown          | 0          | 0          | 0.000   | 0.000 KB/s   |
| reader_sub:/embosa_tf                                 | unknown          | unknown          | unknown          | 0          | 0          | 0.000   | 0.000 KB/s   |
| reader_sub:/right_rear_surround/color/image_raw       | unknown          | unknown          | unknown          | 0          | 0          | 0.000   | 0.000 KB/s   |
| reader_sub:/right_front_surround/color/image_raw      | unknown          | unknown          | unknown          | 0          | 0          | 0.000   | 0.000 KB/s   |
| reader_sub:/left_front_surround/color/camera_info     | unknown          | unknown          | unknown          | 0          | 0          | 0.000   | 0.000 KB/s   |
| reader_sub:/right_front_surround/color/camera_info    | unknown          | unknown          | unknown          | 0          | 0          | 0.000   | 0.000 KB/s   |
| reader_sub:/front_head_camera/left_color/image_raw    | unknown          | unknown          | unknown          | 0          | 0          | 0.000   | 0.000 KB/s   |
| reader_sub:/front_head_camera/right_color/camera_info | unknown          | unknown          | unknown          | 0          | 0          | 0.000   | 0.000 KB/s   |
| reader_sub:/odom/base_link                            | 1067             | 13429            | 299              | 0          | 4452       | 100.200 | 11.022 KB/s  |
| reader_sub:singorix/wbcs/error                        | 1446             | 27537            | 321              | 0          | 5372       | 121.200 | 1.818 KB/s   |
| reader_sub:bms                                        | 1049             | 1767             | 522              | 0          | 45         | 1.000   | 1.060 KB/s   |
| reader_sub:/right_arm_camera/color/camera_info        | unknown          | unknown          | unknown          | 0          | 0          | 0.000   | 0.000 KB/s   |
| reader_sub:/front_head_camera/left_color/camera_info  | unknown          | unknown          | unknown          | 0          | 0          | 0.000   | 0.000 KB/s   |
| reader_sub:/front_head_camera/right_color/image_raw   | unknown          | unknown          | unknown          | 0          | 0          | 0.000   | 0.000 KB/s   |
| reader_sub:/right_rear_surround/color/camera_info     | unknown          | unknown          | unknown          | 0          | 0          | 0.000   | 0.000 KB/s   |
| reader_sub:/left_arm_camera/color/camera_info         | unknown          | unknown          | unknown          | 0          | 0          | 0.000   | 0.000 KB/s   |
| reader_sub:/left_arm_camera/depth/image_raw           | unknown          | unknown          | unknown          | 0          | 0          | 0.000   | 0.000 KB/s   |
| reader_sub:singorix/wbcs/wbc_info                     | 2108             | 376504           | 543              | 0          | 2686       | 60.600  | 490.191 KB/s |
| reader_sub:/left_arm_camera/depth/camera_info         | unknown          | unknown          | unknown          | 0          | 0          | 0.000   | 0.000 KB/s   |
| reader_sub:/left_rear_surround/color/image_raw        | unknown          | unknown          | unknown          | 0          | 0          | 0.000   | 0.000 KB/s   |
| reader_sub:/right_arm_camera/color/image_raw          | unknown          | unknown          | unknown          | 0          | 0          | 0.000   | 0.000 KB/s   |
| reader_sub:/left_rear_surround/color/camera_info      | unknown          | unknown          | unknown          | 0          | 0          | 0.000   | 0.000 KB/s   |
| reader_sub:/right_arm_camera/depth/image_raw          | unknown          | unknown          | unknown          | 0          | 0          | 0.000   | 0.000 KB/s   |
| reader_sub:/left_arm_camera/color/image_raw           | unknown          | unknown          | unknown          | 0          | 0          | 0.000   | 0.000 KB/s   |
| reader_sub:/right_arm_camera/depth/camera_info        | unknown          | unknown          | unknown          | 0          | 0          | 0.000   | 0.000 KB/s   |
| reader_sub:/left_front_surround/color/image_raw       | unknown          | unknown          | unknown          | 0          | 0          | 0.000   | 0.000 KB/s   |
| client_sub:singorix/wbcs/controller_server            | unknown          | unknown          | unknown          | 0          | 0          | 0.000   | 0.000 KB/s   |
| client_sub:singorix/wbcs/target_server                | unknown          | unknown          | unknown          | 0          | 0          | 0.000   | 0.000 KB/s   |
+-------------------------------------------------------+------------------+------------------+------------------+------------+------------+---------+--------------+

[2026-09-29 13:46:55.241 thread:1190223 info statistics.cc:167]:
+-------------------------------------------------------+---------------+-------------------------------------------------------------------------+-------------------------+-------------------------+
| Topic                                                 | Peer Hostname | Peer Node Name                                                          | Create Time             | Match Time              |
+-------------------------------------------------------+---------------+-------------------------------------------------------------------------+-------------------------+-------------------------+
| reader_sub:/galbot/mic                                | galbot-echo   | vtn_mic_node|galbot_vtn|4061                                            | 2026-09-29 13:46:05.893 | unmatch                 |
| reader_sub:singorix/wbcs/sensor                       | galbot-xcu    | singorix_wbcs_main|singorix_wbcs_main|4379                              | 2026-09-29 13:46:05.583 | 2026-09-29 13:46:05.616 |
| reader_sub:/galbot/mission_manager/onboard_config     | galbot-xcu    | context_mission_mode|mission_manager|3595                               | 2026-09-29 13:46:05.497 | 2026-09-29 13:46:06.602 |
|                                                       | galbot-xcu    | version_node|devinfo_server|3655                                        |                         |                         |
| reader_sub:/embosa_tf_static                          | galbot-echo   | robot_state_publisher|robot_state_publish|4400                          | 2026-09-29 13:46:05.493 | unmatch                 |
|                                                       | galbot-echo   | embosa_eyehand_calib_publish|eyehand_calib_publish|4399                 |                         |                         |
| reader_sub:/embosa_tf                                 | galbot-echo   | robot_state_publisher|robot_state_publish|4400                          | 2026-09-29 13:46:05.489 | unmatch                 |
|                                                       | galbot-echo   | service_front_head_camera_sensor_capture|front_head_camera_capture|4401 |                         |                         |
|                                                       | galbot-echo   | service_right_arm_camera_sensor_capture|right_arm_camera_capture|4407   |                         |                         |
|                                                       | galbot-echo   | embosa_localization_node|localization_server|4403                       |                         |                         |
|                                                       | galbot-echo   | service_left_arm_camera_sensor_capture|left_arm_camera_capture|4410     |                         |                         |
| reader_sub:/right_rear_surround/color/image_raw       | galbot-echo   | service_surround_cameras_sensor_capture|surround_cameras_capture|4397   | 2026-09-29 13:46:05.458 | unmatch                 |
| reader_sub:/right_front_surround/color/image_raw      | galbot-echo   | service_surround_cameras_sensor_capture|surround_cameras_capture|4397   | 2026-09-29 13:46:05.406 | unmatch                 |
| reader_sub:/left_front_surround/color/camera_info     | galbot-echo   | service_surround_cameras_sensor_capture|surround_cameras_capture|4397   | 2026-09-29 13:46:05.398 | unmatch                 |
| reader_sub:/right_front_surround/color/camera_info    | galbot-echo   | service_surround_cameras_sensor_capture|surround_cameras_capture|4397   | 2026-09-29 13:46:05.424 | unmatch                 |
| reader_sub:/front_head_camera/left_color/image_raw    | galbot-echo   | service_front_head_camera_sensor_capture|front_head_camera_capture|4401 | 2026-09-29 13:46:05.185 | unmatch                 |
| reader_sub:/front_head_camera/right_color/camera_info | galbot-echo   | service_front_head_camera_sensor_capture|front_head_camera_capture|4401 | 2026-09-29 13:46:05.264 | unmatch                 |
| reader_sub:/odom/base_link                            | galbot-xcu    | embosa_test_rpc_client_node|galbot_chassis_service|3945                 | 2026-09-29 13:46:05.587 | 2026-09-29 13:46:05.590 |
| reader_sub:singorix/wbcs/error                        | galbot-xcu    | singorix_wbcs_main|singorix_wbcs_main|4379                              | 2026-09-29 13:46:05.574 | 2026-09-29 13:46:05.616 |
| reader_sub:bms                                        | galbot-xcu    | embosa_bms_sub_node|galbot_chassis_service|3945                         | 2026-09-29 13:46:05.502 | 2026-09-29 13:46:05.504 |
| reader_sub:/right_arm_camera/color/camera_info        | galbot-echo   | service_right_arm_camera_sensor_capture|right_arm_camera_capture|4407   | 2026-09-29 13:46:05.348 | unmatch                 |
| reader_sub:/front_head_camera/left_color/camera_info  | galbot-echo   | service_front_head_camera_sensor_capture|front_head_camera_capture|4401 | 2026-09-29 13:46:05.232 | unmatch                 |
| reader_sub:/front_head_camera/right_color/image_raw   | galbot-echo   | service_front_head_camera_sensor_capture|front_head_camera_capture|4401 | 2026-09-29 13:46:05.239 | unmatch                 |
| reader_sub:/right_rear_surround/color/camera_info     | galbot-echo   | service_surround_cameras_sensor_capture|surround_cameras_capture|4397   | 2026-09-29 13:46:05.478 | unmatch                 |
| reader_sub:/left_arm_camera/color/camera_info         | galbot-echo   | service_left_arm_camera_sensor_capture|left_arm_camera_capture|4410     | 2026-09-29 13:46:05.293 | unmatch                 |
| reader_sub:/left_arm_camera/depth/image_raw           | galbot-echo   | service_left_arm_camera_sensor_capture|left_arm_camera_capture|4410     | 2026-09-29 13:46:05.299 | unmatch                 |
| reader_sub:singorix/wbcs/wbc_info                     | galbot-xcu    | singorix_wbcs_main|singorix_wbcs_main|4379                              | 2026-09-29 13:46:05.578 | 2026-09-29 13:46:05.616 |
| reader_sub:/left_arm_camera/depth/camera_info         | galbot-echo   | service_left_arm_camera_sensor_capture|left_arm_camera_capture|4410     | 2026-09-29 13:46:05.320 | unmatch                 |
| reader_sub:/left_rear_surround/color/image_raw        | galbot-echo   | service_surround_cameras_sensor_capture|surround_cameras_capture|4397   | 2026-09-29 13:46:05.432 | unmatch                 |
| reader_sub:/right_arm_camera/color/image_raw          | galbot-echo   | service_right_arm_camera_sensor_capture|right_arm_camera_capture|4407   | 2026-09-29 13:46:05.329 | unmatch                 |
| reader_sub:/left_rear_surround/color/camera_info      | galbot-echo   | service_surround_cameras_sensor_capture|surround_cameras_capture|4397   | 2026-09-29 13:46:05.448 | unmatch                 |
| reader_sub:/right_arm_camera/depth/image_raw          | galbot-echo   | service_right_arm_camera_sensor_capture|right_arm_camera_capture|4407   | 2026-09-29 13:46:05.358 | unmatch                 |
| reader_sub:/left_arm_camera/color/image_raw           | galbot-echo   | service_left_arm_camera_sensor_capture|left_arm_camera_capture|4410     | 2026-09-29 13:46:05.268 | unmatch                 |
| reader_sub:/right_arm_camera/depth/camera_info        | galbot-echo   | service_right_arm_camera_sensor_capture|right_arm_camera_capture|4407   | 2026-09-29 13:46:05.378 | unmatch                 |
| reader_sub:/left_front_surround/color/image_raw       | galbot-echo   | service_surround_cameras_sensor_capture|surround_cameras_capture|4397   | 2026-09-29 13:46:05.382 | unmatch                 |
| client_sub:singorix/wbcs/controller_server            | galbot-xcu    | singorix_wbcs_main|singorix_wbcs_main|4379                              | 2026-09-29 13:46:05.542 | 2026-09-29 13:46:05.616 |
| client_sub:singorix/wbcs/target_server                | galbot-xcu    | singorix_wbcs_main|singorix_wbcs_main|4379                              | 2026-09-29 13:46:05.511 | 2026-09-29 13:46:05.616 |
+-------------------------------------------------------+---------------+-------------------------------------------------------------------------+-------------------------+-------------------------+

[2026-09-29 13:46:55.242 thread:1190223 info statistics.cc:245]:
+-------------------------------------------------------+------------------+------------------+------------------+------------+------------+---------+--------------+
| Topic                                                 | Latency Avg (us) | Latency Max (us) | Latency Min (us) | Loss Count | Recv Count | Hz      | Bandwidth    |
+-------------------------------------------------------+------------------+------------------+------------------+------------+------------+---------+--------------+
| reader_sub:/galbot/mic                                | unknown          | unknown          | unknown          | 0          | 0          | 0.000   | 0.000 KB/s   |
| reader_sub:singorix/wbcs/sensor                       | 2034             | 25660            | 483              | 0          | 5991       | 124.000 | 246.016 KB/s |
| reader_sub:/galbot/mission_manager/onboard_config     | 1166             | 6700             | 338              | 0          | 52         | 1.200   | 0.053 KB/s   |
| reader_sub:/embosa_tf_static                          | unknown          | unknown          | unknown          | 0          | 0          | 0.000   | 0.000 KB/s   |
| reader_sub:/embosa_tf                                 | unknown          | unknown          | unknown          | 0          | 0          | 0.000   | 0.000 KB/s   |
| reader_sub:/right_rear_surround/color/image_raw       | unknown          | unknown          | unknown          | 0          | 0          | 0.000   | 0.000 KB/s   |
| reader_sub:/right_front_surround/color/image_raw      | unknown          | unknown          | unknown          | 0          | 0          | 0.000   | 0.000 KB/s   |
| reader_sub:/left_front_surround/color/camera_info     | unknown          | unknown          | unknown          | 0          | 0          | 0.000   | 0.000 KB/s   |
| reader_sub:/right_front_surround/color/camera_info    | unknown          | unknown          | unknown          | 0          | 0          | 0.000   | 0.000 KB/s   |
| reader_sub:/front_head_camera/left_color/image_raw    | unknown          | unknown          | unknown          | 0          | 0          | 0.000   | 0.000 KB/s   |
| reader_sub:/front_head_camera/right_color/camera_info | unknown          | unknown          | unknown          | 0          | 0          | 0.000   | 0.000 KB/s   |
| reader_sub:/odom/base_link                            | 1067             | 13429            | 299              | 0          | 4953       | 100.200 | 11.022 KB/s  |
| reader_sub:singorix/wbcs/error                        | 1448             | 27537            | 321              | 0          | 5992       | 124.000 | 1.860 KB/s   |
| reader_sub:bms                                        | 1043             | 1767             | 522              | 0          | 50         | 1.000   | 1.071 KB/s   |
| reader_sub:/right_arm_camera/color/camera_info        | unknown          | unknown          | unknown          | 0          | 0          | 0.000   | 0.000 KB/s   |
| reader_sub:/front_head_camera/left_color/camera_info  | unknown          | unknown          | unknown          | 0          | 0          | 0.000   | 0.000 KB/s   |
| reader_sub:/front_head_camera/right_color/image_raw   | unknown          | unknown          | unknown          | 0          | 0          | 0.000   | 0.000 KB/s   |
| reader_sub:/right_rear_surround/color/camera_info     | unknown          | unknown          | unknown          | 0          | 0          | 0.000   | 0.000 KB/s   |
| reader_sub:/left_arm_camera/color/camera_info         | unknown          | unknown          | unknown          | 0          | 0          | 0.000   | 0.000 KB/s   |
| reader_sub:/left_arm_camera/depth/image_raw           | unknown          | unknown          | unknown          | 0          | 0          | 0.000   | 0.000 KB/s   |
| reader_sub:singorix/wbcs/wbc_info                     | 2112             | 376504           | 543              | 0          | 2996       | 62.000  | 501.555 KB/s |
| reader_sub:/left_arm_camera/depth/camera_info         | unknown          | unknown          | unknown          | 0          | 0          | 0.000   | 0.000 KB/s   |
| reader_sub:/left_rear_surround/color/image_raw        | unknown          | unknown          | unknown          | 0          | 0          | 0.000   | 0.000 KB/s   |
| reader_sub:/right_arm_camera/color/image_raw          | unknown          | unknown          | unknown          | 0          | 0          | 0.000   | 0.000 KB/s   |
| reader_sub:/left_rear_surround/color/camera_info      | unknown          | unknown          | unknown          | 0          | 0          | 0.000   | 0.000 KB/s   |
| reader_sub:/right_arm_camera/depth/image_raw          | unknown          | unknown          | unknown          | 0          | 0          | 0.000   | 0.000 KB/s   |
| reader_sub:/left_arm_camera/color/image_raw           | unknown          | unknown          | unknown          | 0          | 0          | 0.000   | 0.000 KB/s   |
| reader_sub:/right_arm_camera/depth/camera_info        | unknown          | unknown          | unknown          | 0          | 0          | 0.000   | 0.000 KB/s   |
| reader_sub:/left_front_surround/color/image_raw       | unknown          | unknown          | unknown          | 0          | 0          | 0.000   | 0.000 KB/s   |
| client_sub:singorix/wbcs/controller_server            | unknown          | unknown          | unknown          | 0          | 0          | 0.000   | 0.000 KB/s   |
| client_sub:singorix/wbcs/target_server                | unknown          | unknown          | unknown          | 0          | 0          | 0.000   | 0.000 KB/s   |
+-------------------------------------------------------+------------------+------------------+------------------+------------+------------+---------+--------------+

[2026-09-29 13:47:00.253 thread:1190223 info statistics.cc:167]:
+-------------------------------------------------------+---------------+-------------------------------------------------------------------------+-------------------------+-------------------------+
| Topic                                                 | Peer Hostname | Peer Node Name                                                          | Create Time             | Match Time              |
+-------------------------------------------------------+---------------+-------------------------------------------------------------------------+-------------------------+-------------------------+
| reader_sub:/galbot/mic                                | galbot-echo   | vtn_mic_node|galbot_vtn|4061                                            | 2026-09-29 13:46:05.893 | unmatch                 |
| reader_sub:singorix/wbcs/sensor                       | galbot-xcu    | singorix_wbcs_main|singorix_wbcs_main|4379                              | 2026-09-29 13:46:05.583 | 2026-09-29 13:46:05.616 |
| reader_sub:/galbot/mission_manager/onboard_config     | galbot-xcu    | context_mission_mode|mission_manager|3595                               | 2026-09-29 13:46:05.497 | 2026-09-29 13:46:06.602 |
|                                                       | galbot-xcu    | version_node|devinfo_server|3655                                        |                         |                         |
| reader_sub:/embosa_tf_static                          | galbot-echo   | robot_state_publisher|robot_state_publish|4400                          | 2026-09-29 13:46:05.493 | unmatch                 |
|                                                       | galbot-echo   | embosa_eyehand_calib_publish|eyehand_calib_publish|4399                 |                         |                         |
| reader_sub:/embosa_tf                                 | galbot-echo   | robot_state_publisher|robot_state_publish|4400                          | 2026-09-29 13:46:05.489 | unmatch                 |
|                                                       | galbot-echo   | service_front_head_camera_sensor_capture|front_head_camera_capture|4401 |                         |                         |
|                                                       | galbot-echo   | service_right_arm_camera_sensor_capture|right_arm_camera_capture|4407   |                         |                         |
|                                                       | galbot-echo   | embosa_localization_node|localization_server|4403                       |                         |                         |
|                                                       | galbot-echo   | service_left_arm_camera_sensor_capture|left_arm_camera_capture|4410     |                         |                         |
| reader_sub:/right_rear_surround/color/image_raw       | galbot-echo   | service_surround_cameras_sensor_capture|surround_cameras_capture|4397   | 2026-09-29 13:46:05.458 | unmatch                 |
| reader_sub:/right_front_surround/color/image_raw      | galbot-echo   | service_surround_cameras_sensor_capture|surround_cameras_capture|4397   | 2026-09-29 13:46:05.406 | unmatch                 |
| reader_sub:/left_front_surround/color/camera_info     | galbot-echo   | service_surround_cameras_sensor_capture|surround_cameras_capture|4397   | 2026-09-29 13:46:05.398 | unmatch                 |
| reader_sub:/right_front_surround/color/camera_info    | galbot-echo   | service_surround_cameras_sensor_capture|surround_cameras_capture|4397   | 2026-09-29 13:46:05.424 | unmatch                 |
| reader_sub:/front_head_camera/left_color/image_raw    | galbot-echo   | service_front_head_camera_sensor_capture|front_head_camera_capture|4401 | 2026-09-29 13:46:05.185 | unmatch                 |
| reader_sub:/front_head_camera/right_color/camera_info | galbot-echo   | service_front_head_camera_sensor_capture|front_head_camera_capture|4401 | 2026-09-29 13:46:05.264 | unmatch                 |
| reader_sub:/odom/base_link                            | galbot-xcu    | embosa_test_rpc_client_node|galbot_chassis_service|3945                 | 2026-09-29 13:46:05.587 | 2026-09-29 13:46:05.590 |
| reader_sub:singorix/wbcs/error                        | galbot-xcu    | singorix_wbcs_main|singorix_wbcs_main|4379                              | 2026-09-29 13:46:05.574 | 2026-09-29 13:46:05.616 |
| reader_sub:bms                                        | galbot-xcu    | embosa_bms_sub_node|galbot_chassis_service|3945                         | 2026-09-29 13:46:05.502 | 2026-09-29 13:46:05.504 |
| reader_sub:/right_arm_camera/color/camera_info        | galbot-echo   | service_right_arm_camera_sensor_capture|right_arm_camera_capture|4407   | 2026-09-29 13:46:05.348 | unmatch                 |
| reader_sub:/front_head_camera/left_color/camera_info  | galbot-echo   | service_front_head_camera_sensor_capture|front_head_camera_capture|4401 | 2026-09-29 13:46:05.232 | unmatch                 |
| reader_sub:/front_head_camera/right_color/image_raw   | galbot-echo   | service_front_head_camera_sensor_capture|front_head_camera_capture|4401 | 2026-09-29 13:46:05.239 | unmatch                 |
| reader_sub:/right_rear_surround/color/camera_info     | galbot-echo   | service_surround_cameras_sensor_capture|surround_cameras_capture|4397   | 2026-09-29 13:46:05.478 | unmatch                 |
| reader_sub:/left_arm_camera/color/camera_info         | galbot-echo   | service_left_arm_camera_sensor_capture|left_arm_camera_capture|4410     | 2026-09-29 13:46:05.293 | unmatch                 |
| reader_sub:/left_arm_camera/depth/image_raw           | galbot-echo   | service_left_arm_camera_sensor_capture|left_arm_camera_capture|4410     | 2026-09-29 13:46:05.299 | unmatch                 |
| reader_sub:singorix/wbcs/wbc_info                     | galbot-xcu    | singorix_wbcs_main|singorix_wbcs_main|4379                              | 2026-09-29 13:46:05.578 | 2026-09-29 13:46:05.616 |
| reader_sub:/left_arm_camera/depth/camera_info         | galbot-echo   | service_left_arm_camera_sensor_capture|left_arm_camera_capture|4410     | 2026-09-29 13:46:05.320 | unmatch                 |
| reader_sub:/left_rear_surround/color/image_raw        | galbot-echo   | service_surround_cameras_sensor_capture|surround_cameras_capture|4397   | 2026-09-29 13:46:05.432 | unmatch                 |
| reader_sub:/right_arm_camera/color/image_raw          | galbot-echo   | service_right_arm_camera_sensor_capture|right_arm_camera_capture|4407   | 2026-09-29 13:46:05.329 | unmatch                 |
| reader_sub:/left_rear_surround/color/camera_info      | galbot-echo   | service_surround_cameras_sensor_capture|surround_cameras_capture|4397   | 2026-09-29 13:46:05.448 | unmatch                 |
| reader_sub:/right_arm_camera/depth/image_raw          | galbot-echo   | service_right_arm_camera_sensor_capture|right_arm_camera_capture|4407   | 2026-09-29 13:46:05.358 | unmatch                 |
| reader_sub:/left_arm_camera/color/image_raw           | galbot-echo   | service_left_arm_camera_sensor_capture|left_arm_camera_capture|4410     | 2026-09-29 13:46:05.268 | unmatch                 |
| reader_sub:/right_arm_camera/depth/camera_info        | galbot-echo   | service_right_arm_camera_sensor_capture|right_arm_camera_capture|4407   | 2026-09-29 13:46:05.378 | unmatch                 |
| reader_sub:/left_front_surround/color/image_raw       | galbot-echo   | service_surround_cameras_sensor_capture|surround_cameras_capture|4397   | 2026-09-29 13:46:05.382 | unmatch                 |
| client_sub:singorix/wbcs/controller_server            | galbot-xcu    | singorix_wbcs_main|singorix_wbcs_main|4379                              | 2026-09-29 13:46:05.542 | 2026-09-29 13:46:05.616 |
| client_sub:singorix/wbcs/target_server                | galbot-xcu    | singorix_wbcs_main|singorix_wbcs_main|4379                              | 2026-09-29 13:46:05.511 | 2026-09-29 13:46:05.616 |
+-------------------------------------------------------+---------------+-------------------------------------------------------------------------+-------------------------+-------------------------+

[2026-09-29 13:47:00.254 thread:1190223 info statistics.cc:245]:
+-------------------------------------------------------+------------------+------------------+------------------+------------+------------+---------+--------------+
| Topic                                                 | Latency Avg (us) | Latency Max (us) | Latency Min (us) | Loss Count | Recv Count | Hz      | Bandwidth    |
+-------------------------------------------------------+------------------+------------------+------------------+------------+------------+---------+--------------+
| reader_sub:/galbot/mic                                | unknown          | unknown          | unknown          | 0          | 0          | 0.000   | 0.000 KB/s   |
| reader_sub:singorix/wbcs/sensor                       | 2036             | 25660            | 466              | 0          | 6605       | 122.800 | 243.635 KB/s |
| reader_sub:/galbot/mission_manager/onboard_config     | 1150             | 6700             | 338              | 0          | 57         | 1.000   | 0.044 KB/s   |
| reader_sub:/embosa_tf_static                          | unknown          | unknown          | unknown          | 0          | 0          | 0.000   | 0.000 KB/s   |
| reader_sub:/embosa_tf                                 | unknown          | unknown          | unknown          | 0          | 0          | 0.000   | 0.000 KB/s   |
| reader_sub:/right_rear_surround/color/image_raw       | unknown          | unknown          | unknown          | 0          | 0          | 0.000   | 0.000 KB/s   |
| reader_sub:/right_front_surround/color/image_raw      | unknown          | unknown          | unknown          | 0          | 0          | 0.000   | 0.000 KB/s   |
| reader_sub:/left_front_surround/color/camera_info     | unknown          | unknown          | unknown          | 0          | 0          | 0.000   | 0.000 KB/s   |
| reader_sub:/right_front_surround/color/camera_info    | unknown          | unknown          | unknown          | 0          | 0          | 0.000   | 0.000 KB/s   |
| reader_sub:/front_head_camera/left_color/image_raw    | unknown          | unknown          | unknown          | 0          | 0          | 0.000   | 0.000 KB/s   |
| reader_sub:/front_head_camera/right_color/camera_info | unknown          | unknown          | unknown          | 0          | 0          | 0.000   | 0.000 KB/s   |
| reader_sub:/odom/base_link                            | 1067             | 13429            | 299              | 0          | 5452       | 99.800  | 10.978 KB/s  |
| reader_sub:singorix/wbcs/error                        | 1452             | 28704            | 321              | 0          | 6605       | 122.600 | 1.839 KB/s   |
| reader_sub:bms                                        | 1052             | 1767             | 522              | 0          | 55         | 1.000   | 1.071 KB/s   |
| reader_sub:/right_arm_camera/color/camera_info        | unknown          | unknown          | unknown          | 0          | 0          | 0.000   | 0.000 KB/s   |
| reader_sub:/front_head_camera/left_color/camera_info  | unknown          | unknown          | unknown          | 0          | 0          | 0.000   | 0.000 KB/s   |
| reader_sub:/front_head_camera/right_color/image_raw   | unknown          | unknown          | unknown          | 0          | 0          | 0.000   | 0.000 KB/s   |
| reader_sub:/right_rear_surround/color/camera_info     | unknown          | unknown          | unknown          | 0          | 0          | 0.000   | 0.000 KB/s   |
| reader_sub:/left_arm_camera/color/camera_info         | unknown          | unknown          | unknown          | 0          | 0          | 0.000   | 0.000 KB/s   |
| reader_sub:/left_arm_camera/depth/image_raw           | unknown          | unknown          | unknown          | 0          | 0          | 0.000   | 0.000 KB/s   |
| reader_sub:singorix/wbcs/wbc_info                     | 2118             | 376504           | 543              | 0          | 3302       | 61.200  | 495.094 KB/s |
| reader_sub:/left_arm_camera/depth/camera_info         | unknown          | unknown          | unknown          | 0          | 0          | 0.000   | 0.000 KB/s   |
| reader_sub:/left_rear_surround/color/image_raw        | unknown          | unknown          | unknown          | 0          | 0          | 0.000   | 0.000 KB/s   |
| reader_sub:/right_arm_camera/color/image_raw          | unknown          | unknown          | unknown          | 0          | 0          | 0.000   | 0.000 KB/s   |
| reader_sub:/left_rear_surround/color/camera_info      | unknown          | unknown          | unknown          | 0          | 0          | 0.000   | 0.000 KB/s   |
| reader_sub:/right_arm_camera/depth/image_raw          | unknown          | unknown          | unknown          | 0          | 0          | 0.000   | 0.000 KB/s   |
| reader_sub:/left_arm_camera/color/image_raw           | unknown          | unknown          | unknown          | 0          | 0          | 0.000   | 0.000 KB/s   |
| reader_sub:/right_arm_camera/depth/camera_info        | unknown          | unknown          | unknown          | 0          | 0          | 0.000   | 0.000 KB/s   |
| reader_sub:/left_front_surround/color/image_raw       | unknown          | unknown          | unknown          | 0          | 0          | 0.000   | 0.000 KB/s   |
| client_sub:singorix/wbcs/controller_server            | unknown          | unknown          | unknown          | 0          | 0          | 0.000   | 0.000 KB/s   |
| client_sub:singorix/wbcs/target_server                | unknown          | unknown          | unknown          | 0          | 0          | 0.000   | 0.000 KB/s   |
+-------------------------------------------------------+------------------+------------------+------------------+------------+------------+---------+--------------+

