[2026-09-29 15:05:41.148 thread:1581730 info init.cc:218]:EmbOSA runtime version: V9.1.2
[2026-09-29 15:05:41.148 thread:1581730 info init.h:15]:EmbOSA build version: V9.1.2
[2026-09-29 15:05:41.148 thread:1581730 info dds_participant.cc:138]:set participant discovery callback.
[2026-09-29 15:05:41.149 thread:1581730 info dds_participant.cc:163]:Local Interface IPs:
[2026-09-29 15:05:41.149 thread:1581730 info dds_participant.cc:165]:192.168.100.88
[2026-09-29 15:05:41.149 thread:1581730 info dds_participant.cc:168]:Peer List IPs:
[2026-09-29 15:05:41.149 thread:1581730 info dds_participant.cc:170]:192.168.100.66
[2026-09-29 15:05:41.179 thread:1581756 info topology_manager.cc:150]:discovery participant name:galbot-echo+4409_embosa_0
[2026-09-29 15:05:41.181 thread:1581756 info topology_manager.cc:150]:discovery participant name:galbot-echo+4061_embosa_0
[2026-09-29 15:05:41.182 thread:1581756 info topology_manager.cc:150]:discovery participant name:galbot-echo+4397_embosa_0
[2026-09-29 15:05:41.184 thread:1581756 info topology_manager.cc:150]:discovery participant name:galbot-echo+4407_embosa_0
[2026-09-29 15:05:41.187 thread:1581756 info topology_manager.cc:150]:discovery participant name:galbot-echo+4401_embosa_0
[2026-09-29 15:05:41.189 thread:1581755 info topology_manager.cc:150]:discovery participant name:galbot-echo+4051_embosa_0
[2026-09-29 15:05:41.191 thread:1581755 info topology_manager.cc:150]:discovery participant name:galbot-echo+5489_embosa_0
[2026-09-29 15:05:41.192 thread:1581755 info topology_manager.cc:150]:discovery participant name:galbot-echo+4404_embosa_0
[2026-09-29 15:05:41.196 thread:1581755 info topology_manager.cc:150]:discovery participant name:galbot-echo+4402_embosa_0
[2026-09-29 15:05:41.198 thread:1581756 info topology_manager.cc:150]:discovery participant name:galbot-xcu+4379_embosa_0
[2026-09-29 15:05:41.200 thread:1581756 info topology_manager.cc:150]:discovery participant name:galbot-xcu+3647_embosa_0
[2026-09-29 15:05:41.205 thread:1581730 info dds_pub_listener.cc:19]:DDSPubListener matched. topic: embosa_node_change_broadcast, total match count: 1, current match count: 1
[2026-09-29 15:05:41.206 thread:1581730 info dds_node_factory.cpp:344]:Successfully created DataWriter for topic: embosa_node_change_broadcast
[2026-09-29 15:05:41.206 thread:1581730 info threadpool.cpp:20]:hardware concurrency count: 12
[2026-09-29 15:05:41.206 thread:1581730 info dds_node_factory.cpp:420]:Topic already exists: embosa_node_change_broadcast
[2026-09-29 15:05:41.207 thread:1581755 info dds_pub_listener.cc:19]:DDSPubListener matched. topic: embosa_node_change_broadcast, total match count: 2, current match count: 2
[2026-09-29 15:05:41.207 thread:1581755 info dds_pub_listener.cc:19]:DDSPubListener matched. topic: embosa_node_change_broadcast, total match count: 3, current match count: 3
[2026-09-29 15:05:41.207 thread:1581755 info dds_pub_listener.cc:19]:DDSPubListener matched. topic: embosa_node_change_broadcast, total match count: 4, current match count: 4
[2026-09-29 15:05:41.208 thread:1581755 info dds_pub_listener.cc:19]:DDSPubListener matched. topic: embosa_node_change_broadcast, total match count: 5, current match count: 5
[2026-09-29 15:05:41.208 thread:1581756 info topology_manager.cc:150]:discovery participant name:galbot-xcu+3652_embosa_0
[2026-09-29 15:05:41.210 thread:1581756 info topology_manager.cc:150]:discovery participant name:galbot-xcu+3655_embosa_0
[2026-09-29 15:05:41.213 thread:1581756 info topology_manager.cc:150]:discovery participant name:galbot-xcu+4003_embosa_0
[2026-09-29 15:05:41.215 thread:1581755 info dds_pub_listener.cc:19]:DDSPubListener matched. topic: embosa_node_change_broadcast, total match count: 6, current match count: 6
[2026-09-29 15:05:41.215 thread:1581755 info dds_sub_serialization_listener.h:573]:DDSSubSerializationListener matched. topic: embosa_node_change_broadcast, total match count: 1, current match count: 1
[2026-09-29 15:05:41.216 thread:1581755 info dds_sub_serialization_listener.h:573]:DDSSubSerializationListener matched. topic: embosa_node_change_broadcast, total match count: 2, current match count: 2
[2026-09-29 15:05:41.216 thread:1581755 info dds_pub_listener.cc:19]:DDSPubListener matched. topic: embosa_node_change_broadcast, total match count: 7, current match count: 7
[2026-09-29 15:05:41.216 thread:1581755 info dds_sub_serialization_listener.h:573]:DDSSubSerializationListener matched. topic: embosa_node_change_broadcast, total match count: 3, current match count: 3
[2026-09-29 15:05:41.218 thread:1581756 info topology_manager.cc:150]:discovery participant name:galbot-xcu+3649_embosa_0
[2026-09-29 15:05:41.219 thread:1581730 info dds_pub_listener.cc:19]:DDSPubListener matched. topic: embosa_node_change_broadcast, total match count: 8, current match count: 8
[2026-09-29 15:05:41.219 thread:1581730 info dds_sub_serialization_listener.h:573]:DDSSubSerializationListener matched. topic: embosa_node_change_broadcast, total match count: 4, current match count: 4
[2026-09-29 15:05:41.226 thread:1581730 info dds_sub_serialization_listener.h:573]:DDSSubSerializationListener matched. topic: embosa_node_change_broadcast, total match count: 5, current match count: 5
[2026-09-29 15:05:41.226 thread:1581730 info dds_sub_serialization_listener.h:573]:DDSSubSerializationListener matched. topic: embosa_node_change_broadcast, total match count: 6, current match count: 6
[2026-09-29 15:05:41.226 thread:1581730 info dds_sub_serialization_listener.h:573]:DDSSubSerializationListener matched. topic: embosa_node_change_broadcast, total match count: 7, current match count: 7
[2026-09-29 15:05:41.227 thread:1581730 info dds_node_factory.cpp:526]:Successfully created DataReader for topic: embosa_node_change_broadcast
[2026-09-29 15:05:41.228 thread:1581755 info dds_sub_serialization_listener.h:573]:DDSSubSerializationListener matched. topic: embosa_node_change_broadcast, total match count: 8, current match count: 8
[2026-09-29 15:05:41.228 thread:1581755 info dds_pub_listener.cc:19]:DDSPubListener matched. topic: embosa_node_change_broadcast, total match count: 9, current match count: 9
[2026-09-29 15:05:41.228 thread:1581755 info dds_pub_listener.cc:19]:DDSPubListener matched. topic: embosa_node_change_broadcast, total match count: 10, current match count: 10
[2026-09-29 15:05:41.229 thread:1581730 info dds_pub_listener.cc:19]:DDSPubListener matched. topic: embosa_channel_change_broadcast, total match count: 1, current match count: 1
[2026-09-29 15:05:41.229 thread:1581730 info dds_pub_listener.cc:19]:DDSPubListener matched. topic: embosa_channel_change_broadcast, total match count: 2, current match count: 2
[2026-09-29 15:05:41.229 thread:1581730 info dds_pub_listener.cc:19]:DDSPubListener matched. topic: embosa_channel_change_broadcast, total match count: 3, current match count: 3
[2026-09-29 15:05:41.229 thread:1581730 info dds_pub_listener.cc:19]:DDSPubListener matched. topic: embosa_channel_change_broadcast, total match count: 4, current match count: 4
[2026-09-29 15:05:41.229 thread:1581730 info dds_pub_listener.cc:19]:DDSPubListener matched. topic: embosa_channel_change_broadcast, total match count: 5, current match count: 5
[2026-09-29 15:05:41.229 thread:1581730 info dds_pub_listener.cc:19]:DDSPubListener matched. topic: embosa_channel_change_broadcast, total match count: 6, current match count: 6
[2026-09-29 15:05:41.229 thread:1581730 info dds_pub_listener.cc:19]:DDSPubListener matched. topic: embosa_channel_change_broadcast, total match count: 7, current match count: 7
[2026-09-29 15:05:41.229 thread:1581730 info dds_pub_listener.cc:19]:DDSPubListener matched. topic: embosa_channel_change_broadcast, total match count: 8, current match count: 8
[2026-09-29 15:05:41.229 thread:1581730 info dds_pub_listener.cc:19]:DDSPubListener matched. topic: embosa_channel_change_broadcast, total match count: 9, current match count: 9
[2026-09-29 15:05:41.231 thread:1581756 info dds_sub_serialization_listener.h:573]:DDSSubSerializationListener matched. topic: embosa_node_change_broadcast, total match count: 9, current match count: 9
[2026-09-29 15:05:41.235 thread:1581730 info dds_node_factory.cpp:344]:Successfully created DataWriter for topic: embosa_channel_change_broadcast
[2026-09-29 15:05:41.235 thread:1581730 info dds_node_factory.cpp:420]:Topic already exists: embosa_channel_change_broadcast
[2026-09-29 15:05:41.237 thread:1581730 info dds_pub_listener.cc:19]:DDSPubListener matched. topic: embosa_channel_change_broadcast, total match count: 10, current match count: 10
[2026-09-29 15:05:41.237 thread:1581730 info dds_sub_serialization_listener.h:573]:DDSSubSerializationListener matched. topic: embosa_channel_change_broadcast, total match count: 1, current match count: 1
[2026-09-29 15:05:41.237 thread:1581730 info dds_sub_serialization_listener.h:573]:DDSSubSerializationListener matched. topic: embosa_channel_change_broadcast, total match count: 2, current match count: 2
[2026-09-29 15:05:41.237 thread:1581730 info dds_sub_serialization_listener.h:573]:DDSSubSerializationListener matched. topic: embosa_channel_change_broadcast, total match count: 3, current match count: 3
[2026-09-29 15:05:41.237 thread:1581730 info dds_sub_serialization_listener.h:573]:DDSSubSerializationListener matched. topic: embosa_channel_change_broadcast, total match count: 4, current match count: 4
[2026-09-29 15:05:41.237 thread:1581730 info dds_sub_serialization_listener.h:573]:DDSSubSerializationListener matched. topic: embosa_channel_change_broadcast, total match count: 5, current match count: 5
[2026-09-29 15:05:41.237 thread:1581730 info dds_sub_serialization_listener.h:573]:DDSSubSerializationListener matched. topic: embosa_channel_change_broadcast, total match count: 6, current match count: 6
[2026-09-29 15:05:41.242 thread:1581730 info dds_sub_serialization_listener.h:573]:DDSSubSerializationListener matched. topic: embosa_channel_change_broadcast, total match count: 7, current match count: 7
[2026-09-29 15:05:41.242 thread:1581730 info dds_sub_serialization_listener.h:573]:DDSSubSerializationListener matched. topic: embosa_channel_change_broadcast, total match count: 8, current match count: 8
[2026-09-29 15:05:41.243 thread:1581730 info dds_sub_serialization_listener.h:573]:DDSSubSerializationListener matched. topic: embosa_channel_change_broadcast, total match count: 9, current match count: 9
[2026-09-29 15:05:41.243 thread:1581755 info dds_sub_serialization_listener.h:573]:DDSSubSerializationListener matched. topic: embosa_node_change_broadcast, total match count: 10, current match count: 10
[2026-09-29 15:05:41.243 thread:1581755 info dds_sub_serialization_listener.h:573]:DDSSubSerializationListener matched. topic: embosa_channel_change_broadcast, total match count: 10, current match count: 10
[2026-09-29 15:05:41.244 thread:1581730 info dds_node_factory.cpp:526]:Successfully created DataReader for topic: embosa_channel_change_broadcast
[2026-09-29 15:05:41.245 thread:1581756 info topology_manager.cc:150]:discovery participant name:galbot-xcu+3651_embosa_0
[2026-09-29 15:05:41.253 thread:1581730 info dds_pub_listener.cc:19]:DDSPubListener matched. topic: embosa_service_change_broadcast, total match count: 1, current match count: 1
[2026-09-29 15:05:41.253 thread:1581730 info dds_pub_listener.cc:19]:DDSPubListener matched. topic: embosa_service_change_broadcast, total match count: 2, current match count: 2
[2026-09-29 15:05:41.254 thread:1581730 info dds_pub_listener.cc:19]:DDSPubListener matched. topic: embosa_service_change_broadcast, total match count: 3, current match count: 3
[2026-09-29 15:05:41.254 thread:1581730 info dds_pub_listener.cc:19]:DDSPubListener matched. topic: embosa_service_change_broadcast, total match count: 4, current match count: 4
[2026-09-29 15:05:41.254 thread:1581730 info dds_pub_listener.cc:19]:DDSPubListener matched. topic: embosa_service_change_broadcast, total match count: 5, current match count: 5
[2026-09-29 15:05:41.254 thread:1581730 info dds_pub_listener.cc:19]:DDSPubListener matched. topic: embosa_service_change_broadcast, total match count: 6, current match count: 6
[2026-09-29 15:05:41.254 thread:1581730 info dds_pub_listener.cc:19]:DDSPubListener matched. topic: embosa_service_change_broadcast, total match count: 7, current match count: 7
[2026-09-29 15:05:41.254 thread:1581730 info dds_pub_listener.cc:19]:DDSPubListener matched. topic: embosa_service_change_broadcast, total match count: 8, current match count: 8
[2026-09-29 15:05:41.254 thread:1581730 info dds_pub_listener.cc:19]:DDSPubListener matched. topic: embosa_service_change_broadcast, total match count: 9, current match count: 9
[2026-09-29 15:05:41.255 thread:1581730 info dds_node_factory.cpp:344]:Successfully created DataWriter for topic: embosa_service_change_broadcast
[2026-09-29 15:05:41.255 thread:1581730 info dds_node_factory.cpp:420]:Topic already exists: embosa_service_change_broadcast
[2026-09-29 15:05:41.257 thread:1581730 info dds_pub_listener.cc:19]:DDSPubListener matched. topic: embosa_service_change_broadcast, total match count: 10, current match count: 10
[2026-09-29 15:05:41.257 thread:1581730 info dds_sub_serialization_listener.h:573]:DDSSubSerializationListener matched. topic: embosa_service_change_broadcast, total match count: 1, current match count: 1
[2026-09-29 15:05:41.257 thread:1581730 info dds_sub_serialization_listener.h:573]:DDSSubSerializationListener matched. topic: embosa_service_change_broadcast, total match count: 2, current match count: 2
[2026-09-29 15:05:41.257 thread:1581730 info dds_sub_serialization_listener.h:573]:DDSSubSerializationListener matched. topic: embosa_service_change_broadcast, total match count: 3, current match count: 3
[2026-09-29 15:05:41.257 thread:1581730 info dds_sub_serialization_listener.h:573]:DDSSubSerializationListener matched. topic: embosa_service_change_broadcast, total match count: 4, current match count: 4
[2026-09-29 15:05:41.257 thread:1581730 info dds_sub_serialization_listener.h:573]:DDSSubSerializationListener matched. topic: embosa_service_change_broadcast, total match count: 5, current match count: 5
[2026-09-29 15:05:41.257 thread:1581730 info dds_sub_serialization_listener.h:573]:DDSSubSerializationListener matched. topic: embosa_service_change_broadcast, total match count: 6, current match count: 6
[2026-09-29 15:05:41.257 thread:1581730 info dds_sub_serialization_listener.h:573]:DDSSubSerializationListener matched. topic: embosa_service_change_broadcast, total match count: 7, current match count: 7
[2026-09-29 15:05:41.257 thread:1581730 info dds_sub_serialization_listener.h:573]:DDSSubSerializationListener matched. topic: embosa_service_change_broadcast, total match count: 8, current match count: 8
[2026-09-29 15:05:41.257 thread:1581730 info dds_sub_serialization_listener.h:573]:DDSSubSerializationListener matched. topic: embosa_service_change_broadcast, total match count: 9, current match count: 9
[2026-09-29 15:05:41.257 thread:1581730 info dds_sub_serialization_listener.h:573]:DDSSubSerializationListener matched. topic: embosa_service_change_broadcast, total match count: 10, current match count: 10
[2026-09-29 15:05:41.257 thread:1581756 info topology_manager.cc:150]:discovery participant name:galbot-xcu+3648_embosa_0
[2026-09-29 15:05:41.258 thread:1581730 info dds_node_factory.cpp:526]:Successfully created DataReader for topic: embosa_service_change_broadcast
[2026-09-29 15:05:41.264 thread:1581730 info dds_node_factory.cpp:526]:Successfully created DataReader for topic: /cam_arm_l/meta_data/params
[2026-09-29 15:05:41.269 thread:1581750 error HISTORY_DATASHARING_PAYLOADPOOL:102]:DDS Failed to open segment fast_datasharing_01.0f.00.a4.37.11.25.a3.00.00.00.00_0.0.9.3: No such file or directory
[2026-09-29 15:05:41.269 thread:1581750 error RTPS_READER:300]:DDS Failed to add Writer Proxy 01.0f.00.a4.37.11.25.a3.00.00.00.00|0.0.9.3 to 0.0.8.4 with data sharing.
[2026-09-29 15:05:41.270 thread:1581756 info dds_pub_listener.cc:19]:DDSPubListener matched. topic: embosa_node_change_broadcast, total match count: 11, current match count: 11
[2026-09-29 15:05:41.270 thread:1581756 info dds_pub_listener.cc:19]:DDSPubListener matched. topic: embosa_channel_change_broadcast, total match count: 11, current match count: 11
[2026-09-29 15:05:41.270 thread:1581756 info dds_pub_listener.cc:19]:DDSPubListener matched. topic: embosa_service_change_broadcast, total match count: 11, current match count: 11
[2026-09-29 15:05:41.270 thread:1581756 info topology_manager.cc:150]:discovery participant name:galbot-xcu+3650_embosa_0
[2026-09-29 15:05:41.274 thread:1581730 info dds_node_factory.cpp:526]:Successfully created DataReader for topic: /cam_arm_r/meta_data/params
[2026-09-29 15:05:41.275 thread:1581730 info dds_participant.cc:99]:transport no support. Use default transport: DEFAULT_UDP_SHM_TRANSPORT.
[2026-09-29 15:05:41.275 thread:1581756 info dds_sub_serialization_listener.h:573]:DDSSubSerializationListener matched. topic: embosa_node_change_broadcast, total match count: 11, current match count: 11
[2026-09-29 15:05:41.276 thread:1581756 info dds_sub_serialization_listener.h:573]:DDSSubSerializationListener matched. topic: embosa_channel_change_broadcast, total match count: 11, current match count: 11
[2026-09-29 15:05:41.276 thread:1581756 info dds_sub_serialization_listener.h:573]:DDSSubSerializationListener matched. topic: embosa_service_change_broadcast, total match count: 11, current match count: 11
[2026-09-29 15:05:41.294 thread:1581762 error channel_manager.cc:394]:newly added writer(belongs to node[service_right_arm_camera_sensor_capture|right_arm_camera_capture|4407])'s message type[galbot.core_proto.Value] does not match the exsited reader(belongs to node[sensor_sdk_node|python3.11|1581730])'s message type[galbot.core_proto.StringValue].
[2026-09-29 15:05:41.301 thread:1581756 info dds_pub_listener.cc:19]:DDSPubListener matched. topic: embosa_node_change_broadcast, total match count: 12, current match count: 12
[2026-09-29 15:05:41.301 thread:1581756 info dds_pub_listener.cc:19]:DDSPubListener matched. topic: embosa_channel_change_broadcast, total match count: 12, current match count: 12
[2026-09-29 15:05:41.301 thread:1581756 info dds_pub_listener.cc:19]:DDSPubListener matched. topic: embosa_service_change_broadcast, total match count: 12, current match count: 12
[2026-09-29 15:05:41.302 thread:1581756 info topology_manager.cc:150]:discovery participant name:galbot-xcu+3595_embosa_0
[2026-09-29 15:05:41.309 thread:1581730 info dds_node_factory.cpp:526]:Successfully created DataReader for topic: /front_head_camera/right_color/image_raw
[2026-09-29 15:05:41.310 thread:1581756 info dds_sub_serialization_listener.h:573]:DDSSubSerializationListener matched. topic: embosa_node_change_broadcast, total match count: 12, current match count: 12
[2026-09-29 15:05:41.314 thread:1581756 info dds_sub_serialization_listener.h:573]:DDSSubSerializationListener matched. topic: embosa_channel_change_broadcast, total match count: 12, current match count: 12
[2026-09-29 15:05:41.314 thread:1581750 error HISTORY_DATASHARING_PAYLOADPOOL:102]:DDS Failed to open segment fast_datasharing_01.0f.00.a4.31.11.6c.3b.00.00.00.00_0.0.10.3: No such file or directory
[2026-09-29 15:05:41.314 thread:1581750 error RTPS_READER:300]:DDS Failed to add Writer Proxy 01.0f.00.a4.31.11.6c.3b.00.00.00.00|0.0.10.3 to 0.0.9.4 with data sharing.
[2026-09-29 15:05:41.314 thread:1581756 info dds_sub_serialization_listener.h:573]:DDSSubSerializationListener matched. topic: embosa_service_change_broadcast, total match count: 12, current match count: 12
[2026-09-29 15:05:41.315 thread:1581756 info topology_manager.cc:150]:discovery participant name:galbot-xcu+3653_embosa_0
[2026-09-29 15:05:41.318 thread:1581730 info dds_node_factory.cpp:526]:Successfully created DataReader for topic: /front_head_camera/right_color/camera_info
[2026-09-29 15:05:41.320 thread:1581750 error HISTORY_DATASHARING_PAYLOADPOOL:102]:DDS Failed to open segment fast_datasharing_01.0f.00.a4.31.11.6c.3b.00.00.00.00_0.0.14.3: No such file or directory
[2026-09-29 15:05:41.320 thread:1581750 error RTPS_READER:157]:DDS Failed to add Writer Proxy 01.0f.00.a4.31.11.6c.3b.00.00.00.00|0.0.14.3 to 0.0.a.4 with data sharing.
[2026-09-29 15:05:41.322 thread:1581730 info dds_participant.cc:99]:transport no support. Use default transport: DEFAULT_UDP_SHM_TRANSPORT.
[2026-09-29 15:05:41.338 thread:1581730 info dds_node_factory.cpp:526]:Successfully created DataReader for topic: /left_arm_camera/color/image_raw
[2026-09-29 15:05:41.344 thread:1581730 info dds_node_factory.cpp:526]:Successfully created DataReader for topic: /left_arm_camera/color/camera_info
[2026-09-29 15:05:41.344 thread:1581730 info dds_participant.cc:99]:transport no support. Use default transport: DEFAULT_UDP_SHM_TRANSPORT.
[2026-09-29 15:05:41.359 thread:1581756 info dds_sub_serialization_listener.h:573]:DDSSubSerializationListener matched. topic: embosa_node_change_broadcast, total match count: 13, current match count: 13
[2026-09-29 15:05:41.359 thread:1581756 info dds_sub_serialization_listener.h:573]:DDSSubSerializationListener matched. topic: embosa_channel_change_broadcast, total match count: 13, current match count: 13
[2026-09-29 15:05:41.359 thread:1581756 info dds_sub_serialization_listener.h:573]:DDSSubSerializationListener matched. topic: embosa_service_change_broadcast, total match count: 13, current match count: 13
[2026-09-29 15:05:41.360 thread:1581750 error HISTORY_DATASHARING_PAYLOADPOOL:102]:DDS Failed to open segment fast_datasharing_01.0f.00.a4.37.11.25.a3.00.00.00.00_0.0.c.3: No such file or directory
[2026-09-29 15:05:41.360 thread:1581750 error RTPS_READER:300]:DDS Failed to add Writer Proxy 01.0f.00.a4.37.11.25.a3.00.00.00.00|0.0.c.3 to 0.0.d.4 with data sharing.
[2026-09-29 15:05:41.360 thread:1581756 info dds_pub_listener.cc:19]:DDSPubListener matched. topic: embosa_node_change_broadcast, total match count: 13, current match count: 13
[2026-09-29 15:05:41.361 thread:1581756 info dds_pub_listener.cc:19]:DDSPubListener matched. topic: embosa_channel_change_broadcast, total match count: 13, current match count: 13
[2026-09-29 15:05:41.361 thread:1581756 info dds_pub_listener.cc:19]:DDSPubListener matched. topic: embosa_service_change_broadcast, total match count: 13, current match count: 13
[2026-09-29 15:05:41.361 thread:1581730 info dds_node_factory.cpp:526]:Successfully created DataReader for topic: /right_arm_camera/color/image_raw
[2026-09-29 15:05:41.364 thread:1581750 error HISTORY_DATASHARING_PAYLOADPOOL:102]:DDS Failed to open segment fast_datasharing_01.0f.00.a4.37.11.25.a3.00.00.00.00_0.0.10.3: No such file or directory
[2026-09-29 15:05:41.364 thread:1581750 error RTPS_READER:157]:DDS Failed to add Writer Proxy 01.0f.00.a4.37.11.25.a3.00.00.00.00|0.0.10.3 to 0.0.e.4 with data sharing.
[2026-09-29 15:05:41.365 thread:1581730 info dds_node_factory.cpp:526]:Successfully created DataReader for topic: /right_arm_camera/color/camera_info
[2026-09-29 15:05:41.367 thread:1581730 info init.h:15]:EmbOSA build version: V9.1.2
[2026-09-29 15:05:41.370 thread:1581750 error HISTORY_DATASHARING_PAYLOADPOOL:102]:DDS Failed to open segment fast_datasharing_01.0f.00.a4.37.11.25.a3.00.00.00.00_0.0.a.3: No such file or directory
[2026-09-29 15:05:41.370 thread:1581750 error RTPS_READER:157]:DDS Failed to add Writer Proxy 01.0f.00.a4.37.11.25.a3.00.00.00.00|0.0.a.3 to 0.0.f.4 with data sharing.
[2026-09-29 15:05:41.370 thread:1581750 error HISTORY_DATASHARING_PAYLOADPOOL:102]:DDS Failed to open segment fast_datasharing_01.0f.00.a4.31.11.6c.3b.00.00.00.00_0.0.c.3: No such file or directory
[2026-09-29 15:05:41.370 thread:1581750 error RTPS_READER:157]:DDS Failed to add Writer Proxy 01.0f.00.a4.31.11.6c.3b.00.00.00.00|0.0.c.3 to 0.0.f.4 with data sharing.
[2026-09-29 15:05:41.370 thread:1581730 info dds_node_factory.cpp:526]:Successfully created DataReader for topic: /embosa_tf
[2026-09-29 15:05:41.375 thread:1581730 info dds_node_factory.cpp:526]:Successfully created DataReader for topic: /embosa_tf_static
[2026-09-29 15:05:41.381 thread:1581730 info dds_node_factory.cpp:526]:Successfully created DataReader for topic: /galbot/mission_manager/onboard_config
[2026-09-29 15:05:41.386 thread:1581730 info dds_node_factory.cpp:526]:Successfully created DataReader for topic: bms
[2026-09-29 15:05:41.387 thread:1581730 info init.h:15]:EmbOSA build version: V9.1.2
[2026-09-29 15:05:41.389 thread:1581730 info dds_pub_listener.cc:19]:DDSPubListener matched. topic: singorix/wbcs/target, total match count: 1, current match count: 1
[2026-09-29 15:05:41.389 thread:1581730 info dds_node_factory.cpp:344]:Successfully created DataWriter for topic: singorix/wbcs/target
[2026-09-29 15:05:41.391 thread:1581730 info dds_participant.cc:99]:transport no support. Use default transport: DEFAULT_UDP_SHM_TRANSPORT.
[2026-09-29 15:05:41.401 thread:1581730 info dds_client_pub_listener.cc:20]:DDSClientPubListener matched. topic: singorix/wbcs/target_server__RPC__REQUEST, total match count: 1, current match count: 1
[2026-09-29 15:05:41.403 thread:1581730 info dds_node_factory.cpp:344]:Successfully created DataWriter for topic: singorix/wbcs/target_server__RPC__REQUEST
[2026-09-29 15:05:41.403 thread:1581730 info dds_participant.cc:99]:transport no support. Use default transport: DEFAULT_UDP_SHM_TRANSPORT.
[2026-09-29 15:05:41.415 thread:1581730 info dds_client_sub_serialization_listener.h:383]:DDSClientSubSerializationListener matched. topic: singorix/wbcs/target_server__RPC__RESPONSE, total match count: 1, current match count: 1
[2026-09-29 15:05:41.416 thread:1581730 info dds_node_factory.cpp:526]:Successfully created DataReader for topic: singorix/wbcs/target_server__RPC__RESPONSE
[2026-09-29 15:05:41.417 thread:1581730 info dds_participant.cc:99]:transport no support. Use default transport: DEFAULT_UDP_SHM_TRANSPORT.
[2026-09-29 15:05:41.427 thread:1581730 info dds_client_pub_listener.cc:20]:DDSClientPubListener matched. topic: singorix/wbcs/controller_server__RPC__REQUEST, total match count: 1, current match count: 1
[2026-09-29 15:05:41.428 thread:1581730 info dds_node_factory.cpp:344]:Successfully created DataWriter for topic: singorix/wbcs/controller_server__RPC__REQUEST
[2026-09-29 15:05:41.428 thread:1581730 info dds_participant.cc:99]:transport no support. Use default transport: DEFAULT_UDP_SHM_TRANSPORT.
[2026-09-29 15:05:41.441 thread:1581730 info dds_client_sub_serialization_listener.h:383]:DDSClientSubSerializationListener matched. topic: singorix/wbcs/controller_server__RPC__RESPONSE, total match count: 1, current match count: 1
[2026-09-29 15:05:41.443 thread:1581730 info dds_node_factory.cpp:526]:Successfully created DataReader for topic: singorix/wbcs/controller_server__RPC__RESPONSE
[2026-09-29 15:05:41.447 thread:1581730 info dds_sub_serialization_listener.h:573]:DDSSubSerializationListener matched. topic: singorix/wbcs/error, total match count: 1, current match count: 1
[2026-09-29 15:05:41.448 thread:1581730 info dds_node_factory.cpp:526]:Successfully created DataReader for topic: singorix/wbcs/error
[2026-09-29 15:05:41.451 thread:1581730 info dds_sub_serialization_listener.h:573]:DDSSubSerializationListener matched. topic: singorix/wbcs/wbc_info, total match count: 1, current match count: 1
[2026-09-29 15:05:41.452 thread:1581756 info dds_pub_listener.cc:19]:DDSPubListener matched. topic: embosa_node_change_broadcast, total match count: 14, current match count: 14
[2026-09-29 15:05:41.452 thread:1581730 info dds_node_factory.cpp:526]:Successfully created DataReader for topic: singorix/wbcs/wbc_info
[2026-09-29 15:05:41.452 thread:1581756 info dds_pub_listener.cc:19]:DDSPubListener matched. topic: embosa_channel_change_broadcast, total match count: 14, current match count: 14
[2026-09-29 15:05:41.452 thread:1581756 info dds_pub_listener.cc:19]:DDSPubListener matched. topic: embosa_service_change_broadcast, total match count: 14, current match count: 14
[2026-09-29 15:05:41.452 thread:1581756 info dds_sub_serialization_listener.h:573]:DDSSubSerializationListener matched. topic: embosa_node_change_broadcast, total match count: 14, current match count: 14
[2026-09-29 15:05:41.452 thread:1581756 info dds_sub_serialization_listener.h:573]:DDSSubSerializationListener matched. topic: embosa_channel_change_broadcast, total match count: 14, current match count: 14
[2026-09-29 15:05:41.453 thread:1581756 info dds_sub_serialization_listener.h:573]:DDSSubSerializationListener matched. topic: embosa_service_change_broadcast, total match count: 14, current match count: 14
[2026-09-29 15:05:41.456 thread:1581730 info dds_sub_serialization_listener.h:573]:DDSSubSerializationListener matched. topic: singorix/wbcs/sensor, total match count: 1, current match count: 1
[2026-09-29 15:05:41.456 thread:1581730 info dds_node_factory.cpp:526]:Successfully created DataReader for topic: singorix/wbcs/sensor
[2026-09-29 15:05:41.463 thread:1581730 info dds_node_factory.cpp:526]:Successfully created DataReader for topic: /odom/base_link
[2026-09-29 15:05:41.464 thread:1581730 info dds_serialization_dataclient.hpp:409]:Matched server, count: 1, topic: singorix/wbcs/target_server
[2026-09-29 15:05:41.467 thread:1581756 info dds_pub_listener.cc:19]:DDSPubListener matched. topic: embosa_node_change_broadcast, total match count: 15, current match count: 15
[2026-09-29 15:05:41.467 thread:1581756 info dds_pub_listener.cc:19]:DDSPubListener matched. topic: embosa_channel_change_broadcast, total match count: 15, current match count: 15
[2026-09-29 15:05:41.467 thread:1581756 info dds_pub_listener.cc:19]:DDSPubListener matched. topic: embosa_service_change_broadcast, total match count: 15, current match count: 15
[2026-09-29 15:05:41.469 thread:1581756 info dds_sub_serialization_listener.h:573]:DDSSubSerializationListener matched. topic: embosa_node_change_broadcast, total match count: 15, current match count: 15
[2026-09-29 15:05:41.469 thread:1581756 info dds_sub_serialization_listener.h:573]:DDSSubSerializationListener matched. topic: embosa_channel_change_broadcast, total match count: 15, current match count: 15
[2026-09-29 15:05:41.469 thread:1581756 info dds_sub_serialization_listener.h:573]:DDSSubSerializationListener matched. topic: embosa_service_change_broadcast, total match count: 15, current match count: 15
[2026-09-29 15:05:41.506 thread:1581756 info dds_pub_listener.cc:19]:DDSPubListener matched. topic: embosa_node_change_broadcast, total match count: 16, current match count: 16
[2026-09-29 15:05:41.507 thread:1581756 info dds_pub_listener.cc:19]:DDSPubListener matched. topic: embosa_channel_change_broadcast, total match count: 16, current match count: 16
[2026-09-29 15:05:41.507 thread:1581756 info dds_pub_listener.cc:19]:DDSPubListener matched. topic: embosa_service_change_broadcast, total match count: 16, current match count: 16
[2026-09-29 15:05:41.507 thread:1581756 info dds_sub_serialization_listener.h:573]:DDSSubSerializationListener matched. topic: embosa_node_change_broadcast, total match count: 16, current match count: 16
[2026-09-29 15:05:41.507 thread:1581756 info dds_sub_serialization_listener.h:573]:DDSSubSerializationListener matched. topic: embosa_channel_change_broadcast, total match count: 16, current match count: 16
[2026-09-29 15:05:41.507 thread:1581756 info dds_sub_serialization_listener.h:573]:DDSSubSerializationListener matched. topic: embosa_service_change_broadcast, total match count: 16, current match count: 16
[2026-09-29 15:05:41.536 thread:1581771 error channel_manager.cc:380]:newly added reader(belongs to node[gateway_server|gateway_service|3652])'s message type[embosa_plain_message_type] does not match the exsited writer(belongs to node[aphropm_pns|service_navigation_plan|4404])'s message type[galbot.gateway_proto.BusinessFrame].
[2026-09-29 15:05:41.547 thread:1581756 info dds_pub_listener.cc:19]:DDSPubListener matched. topic: embosa_node_change_broadcast, total match count: 17, current match count: 17
[2026-09-29 15:05:41.547 thread:1581756 info dds_pub_listener.cc:19]:DDSPubListener matched. topic: embosa_channel_change_broadcast, total match count: 17, current match count: 17
[2026-09-29 15:05:41.548 thread:1581756 info dds_pub_listener.cc:19]:DDSPubListener matched. topic: embosa_service_change_broadcast, total match count: 17, current match count: 17
[2026-09-29 15:05:41.551 thread:1581756 info dds_sub_serialization_listener.h:573]:DDSSubSerializationListener matched. topic: embosa_node_change_broadcast, total match count: 17, current match count: 17
[2026-09-29 15:05:41.551 thread:1581756 info dds_sub_serialization_listener.h:573]:DDSSubSerializationListener matched. topic: embosa_channel_change_broadcast, total match count: 17, current match count: 17
[2026-09-29 15:05:41.551 thread:1581756 info dds_sub_serialization_listener.h:573]:DDSSubSerializationListener matched. topic: embosa_service_change_broadcast, total match count: 17, current match count: 17
[2026-09-29 15:05:41.556 thread:1581756 info dds_pub_listener.cc:19]:DDSPubListener matched. topic: embosa_node_change_broadcast, total match count: 18, current match count: 18
[2026-09-29 15:05:41.556 thread:1581756 info dds_pub_listener.cc:19]:DDSPubListener matched. topic: embosa_channel_change_broadcast, total match count: 18, current match count: 18
[2026-09-29 15:05:41.556 thread:1581756 info dds_pub_listener.cc:19]:DDSPubListener matched. topic: embosa_service_change_broadcast, total match count: 18, current match count: 18
[2026-09-29 15:05:41.557 thread:1581756 info dds_pub_listener.cc:19]:DDSPubListener matched. topic: embosa_node_change_broadcast, total match count: 19, current match count: 19
[2026-09-29 15:05:41.557 thread:1581756 info dds_pub_listener.cc:19]:DDSPubListener matched. topic: embosa_channel_change_broadcast, total match count: 19, current match count: 19
[2026-09-29 15:05:41.557 thread:1581756 info dds_pub_listener.cc:19]:DDSPubListener matched. topic: embosa_service_change_broadcast, total match count: 19, current match count: 19
[2026-09-29 15:05:41.557 thread:1581756 info dds_sub_serialization_listener.h:573]:DDSSubSerializationListener matched. topic: embosa_node_change_broadcast, total match count: 18, current match count: 18
[2026-09-29 15:05:41.557 thread:1581756 info dds_sub_serialization_listener.h:573]:DDSSubSerializationListener matched. topic: embosa_channel_change_broadcast, total match count: 18, current match count: 18
[2026-09-29 15:05:41.557 thread:1581756 info dds_sub_serialization_listener.h:573]:DDSSubSerializationListener matched. topic: embosa_service_change_broadcast, total match count: 18, current match count: 18
[2026-09-29 15:05:41.557 thread:1581756 info dds_sub_serialization_listener.h:573]:DDSSubSerializationListener matched. topic: /galbot/mission_manager/onboard_config, total match count: 1, current match count: 1
[2026-09-29 15:05:41.564 thread:1581730 info dds_serialization_dataclient.hpp:409]:Matched server, count: 1, topic: singorix/wbcs/controller_server
[2026-09-29 15:05:41.639 thread:1581756 info dds_sub_serialization_listener.h:573]:DDSSubSerializationListener matched. topic: embosa_node_change_broadcast, total match count: 19, current match count: 19
[2026-09-29 15:05:41.639 thread:1581756 info dds_sub_serialization_listener.h:573]:DDSSubSerializationListener matched. topic: embosa_channel_change_broadcast, total match count: 19, current match count: 19
[2026-09-29 15:05:41.639 thread:1581756 info dds_sub_serialization_listener.h:573]:DDSSubSerializationListener matched. topic: embosa_service_change_broadcast, total match count: 19, current match count: 19
[2026-09-29 15:05:41.640 thread:1581756 info dds_pub_listener.cc:19]:DDSPubListener matched. topic: embosa_node_change_broadcast, total match count: 20, current match count: 20
[2026-09-29 15:05:41.640 thread:1581756 info dds_pub_listener.cc:19]:DDSPubListener matched. topic: embosa_channel_change_broadcast, total match count: 20, current match count: 20
[2026-09-29 15:05:41.640 thread:1581756 info dds_pub_listener.cc:19]:DDSPubListener matched. topic: embosa_service_change_broadcast, total match count: 20, current match count: 20
[2026-09-29 15:05:41.642 thread:1581756 info dds_sub_serialization_listener.h:573]:DDSSubSerializationListener matched. topic: embosa_node_change_broadcast, total match count: 20, current match count: 20
[2026-09-29 15:05:41.642 thread:1581756 info dds_sub_serialization_listener.h:573]:DDSSubSerializationListener matched. topic: embosa_channel_change_broadcast, total match count: 20, current match count: 20
[2026-09-29 15:05:41.642 thread:1581756 info dds_sub_serialization_listener.h:573]:DDSSubSerializationListener matched. topic: embosa_service_change_broadcast, total match count: 20, current match count: 20
[2026-09-29 15:05:41.664 thread:1581730 info init.h:15]:EmbOSA build version: V9.1.2
[2026-09-29 15:05:41.670 thread:1581730 info dds_node_factory.cpp:526]:Successfully created DataReader for topic: /galbot/mic
[2026-09-29 15:05:41.671 thread:1581730 error channel_manager.cc:380]:newly added reader(belongs to node[audio_transceiver_node|python3.11|1581730])'s message type[galbot.sensor_proto.Audio] does not match the exsited writer(belongs to node[vtn_mic_node|galbot_vtn|4061])'s message type[galbot.Audio].
[2026-09-29 15:05:41.678 thread:1581730 info dds_node_factory.cpp:344]:Successfully created DataWriter for topic: /galbot/spk
[2026-09-29 15:05:41.707 thread:1581756 info dds_pub_listener.cc:19]:DDSPubListener matched. topic: embosa_node_change_broadcast, total match count: 21, current match count: 21
[2026-09-29 15:05:41.707 thread:1581756 info dds_pub_listener.cc:19]:DDSPubListener matched. topic: embosa_channel_change_broadcast, total match count: 21, current match count: 21
[2026-09-29 15:05:41.707 thread:1581756 info dds_pub_listener.cc:19]:DDSPubListener matched. topic: embosa_service_change_broadcast, total match count: 21, current match count: 21
[2026-09-29 15:05:41.707 thread:1581756 info dds_sub_serialization_listener.h:573]:DDSSubSerializationListener matched. topic: embosa_node_change_broadcast, total match count: 21, current match count: 21
[2026-09-29 15:05:41.708 thread:1581756 info dds_sub_serialization_listener.h:573]:DDSSubSerializationListener matched. topic: embosa_channel_change_broadcast, total match count: 21, current match count: 21
[2026-09-29 15:05:41.708 thread:1581756 info dds_sub_serialization_listener.h:573]:DDSSubSerializationListener matched. topic: embosa_service_change_broadcast, total match count: 21, current match count: 21
[2026-09-29 15:05:41.716 thread:1581756 info dds_sub_serialization_listener.h:573]:DDSSubSerializationListener matched. topic: /galbot/mission_manager/onboard_config, total match count: 2, current match count: 2
[2026-09-29 15:05:41.732 thread:1581767 error channel_manager.cc:394]:newly added writer(belongs to node[diagnose_process_node|diagnose|3649])'s message type[galbot.gateway_proto.BusinessFrame] does not match the exsited reader(belongs to node[gateway_server|gateway_service|3652])'s message type[embosa_plain_message_type].
[2026-09-29 15:05:42.224 thread:1581756 info topology_manager.cc:150]:discovery participant name:galbot-echo+4406_embosa_0
[2026-09-29 15:05:42.260 thread:1581756 info topology_manager.cc:150]:discovery participant name:galbot-echo+3977_embosa_0
[2026-09-29 15:05:42.297 thread:1581756 info dds_sub_serialization_listener.h:573]:DDSSubSerializationListener matched. topic: embosa_node_change_broadcast, total match count: 22, current match count: 22
[2026-09-29 15:05:42.299 thread:1581756 info dds_sub_serialization_listener.h:573]:DDSSubSerializationListener matched. topic: embosa_channel_change_broadcast, total match count: 22, current match count: 22
[2026-09-29 15:05:42.300 thread:1581756 info dds_sub_serialization_listener.h:573]:DDSSubSerializationListener matched. topic: embosa_service_change_broadcast, total match count: 22, current match count: 22
[2026-09-29 15:05:42.307 thread:1581756 info dds_pub_listener.cc:19]:DDSPubListener matched. topic: embosa_node_change_broadcast, total match count: 22, current match count: 22
[2026-09-29 15:05:42.307 thread:1581756 info dds_pub_listener.cc:19]:DDSPubListener matched. topic: embosa_channel_change_broadcast, total match count: 22, current match count: 22
[2026-09-29 15:05:42.308 thread:1581756 info dds_pub_listener.cc:19]:DDSPubListener matched. topic: embosa_service_change_broadcast, total match count: 22, current match count: 22
[2026-09-29 15:05:42.318 thread:1581756 info topology_manager.cc:150]:discovery participant name:galbot-echo+4399_embosa_0
[2026-09-29 15:05:42.333 thread:1581756 info dds_sub_serialization_listener.h:573]:DDSSubSerializationListener matched. topic: embosa_node_change_broadcast, total match count: 23, current match count: 23
[2026-09-29 15:05:42.334 thread:1581755 info dds_sub_serialization_listener.h:573]:DDSSubSerializationListener matched. topic: embosa_channel_change_broadcast, total match count: 23, current match count: 23
[2026-09-29 15:05:42.335 thread:1581756 info dds_sub_serialization_listener.h:573]:DDSSubSerializationListener matched. topic: embosa_service_change_broadcast, total match count: 23, current match count: 23
[2026-09-29 15:05:42.343 thread:1581756 info dds_pub_listener.cc:19]:DDSPubListener matched. topic: embosa_node_change_broadcast, total match count: 23, current match count: 23
[2026-09-29 15:05:42.344 thread:1581756 info dds_pub_listener.cc:19]:DDSPubListener matched. topic: embosa_channel_change_broadcast, total match count: 23, current match count: 23
[2026-09-29 15:05:42.345 thread:1581756 info dds_pub_listener.cc:19]:DDSPubListener matched. topic: embosa_service_change_broadcast, total match count: 23, current match count: 23
[2026-09-29 15:05:42.372 thread:1581756 info topology_manager.cc:150]:discovery participant name:galbot-xcu+3945_embosa_0
[2026-09-29 15:05:42.383 thread:1581756 info topology_manager.cc:150]:discovery participant name:galbot-echo+3980_embosa_0
[2026-09-29 15:05:42.386 thread:1581772 error channel_manager.cc:394]:newly added writer(belongs to node[/data/galbot/bin/service_lidar_capture|service_lidar_capture|4406])'s message type[galbot.sensor_proto.PointCloud2] does not match the exsited reader(belongs to node[relocalization_server|relocalization_server|5489])'s message type[embosa_plain_message_type].
[2026-09-29 15:05:42.413 thread:1581756 info dds_sub_serialization_listener.h:573]:DDSSubSerializationListener matched. topic: embosa_node_change_broadcast, total match count: 24, current match count: 24
[2026-09-29 15:05:42.418 thread:1581756 info dds_sub_serialization_listener.h:573]:DDSSubSerializationListener matched. topic: embosa_channel_change_broadcast, total match count: 24, current match count: 24
[2026-09-29 15:05:42.418 thread:1581756 info dds_sub_serialization_listener.h:573]:DDSSubSerializationListener matched. topic: embosa_service_change_broadcast, total match count: 24, current match count: 24
[2026-09-29 15:05:42.419 thread:1581750 error HISTORY_DATASHARING_PAYLOADPOOL:102]:DDS Failed to open segment fast_datasharing_01.0f.00.a4.2f.11.1d.be.00.00.00.00_0.0.7.3: No such file or directory
[2026-09-29 15:05:42.419 thread:1581750 error RTPS_READER:157]:DDS Failed to add Writer Proxy 01.0f.00.a4.2f.11.1d.be.00.00.00.00|0.0.7.3 to 0.0.10.4 with data sharing.
[2026-09-29 15:05:42.423 thread:1581756 info dds_pub_listener.cc:19]:DDSPubListener matched. topic: embosa_node_change_broadcast, total match count: 24, current match count: 24
[2026-09-29 15:05:42.426 thread:1581755 info dds_pub_listener.cc:19]:DDSPubListener matched. topic: embosa_channel_change_broadcast, total match count: 24, current match count: 24
[2026-09-29 15:05:42.430 thread:1581755 info topology_manager.cc:150]:discovery participant name:galbot-echo+4408_embosa_0
[2026-09-29 15:05:42.433 thread:1581755 info dds_pub_listener.cc:19]:DDSPubListener matched. topic: embosa_service_change_broadcast, total match count: 24, current match count: 24
[2026-09-29 15:05:42.440 thread:1581756 info topology_manager.cc:150]:discovery participant name:galbot-echo+4400_embosa_0
[2026-09-29 15:05:42.453 thread:1581756 info dds_sub_serialization_listener.h:573]:DDSSubSerializationListener matched. topic: embosa_node_change_broadcast, total match count: 25, current match count: 25
[2026-09-29 15:05:42.454 thread:1581756 info dds_sub_serialization_listener.h:573]:DDSSubSerializationListener matched. topic: embosa_channel_change_broadcast, total match count: 25, current match count: 25
[2026-09-29 15:05:42.454 thread:1581756 info dds_sub_serialization_listener.h:573]:DDSSubSerializationListener matched. topic: embosa_service_change_broadcast, total match count: 25, current match count: 25
[2026-09-29 15:05:42.454 thread:1581756 info dds_sub_listener.cc:511]:DDSSubListener matched. topic: bms, total match count: 1, current match count: 1
[2026-09-29 15:05:42.454 thread:1581756 info dds_sub_serialization_listener.h:573]:DDSSubSerializationListener matched. topic: /odom/base_link, total match count: 1, current match count: 1
[2026-09-29 15:05:42.454 thread:1581756 info dds_pub_listener.cc:19]:DDSPubListener matched. topic: embosa_node_change_broadcast, total match count: 25, current match count: 25
[2026-09-29 15:05:42.455 thread:1581756 info dds_pub_listener.cc:19]:DDSPubListener matched. topic: embosa_channel_change_broadcast, total match count: 25, current match count: 25
[2026-09-29 15:05:42.455 thread:1581756 info dds_pub_listener.cc:19]:DDSPubListener matched. topic: embosa_service_change_broadcast, total match count: 25, current match count: 25
[2026-09-29 15:05:42.456 thread:1581756 info dds_sub_serialization_listener.h:573]:DDSSubSerializationListener matched. topic: embosa_node_change_broadcast, total match count: 26, current match count: 26
[2026-09-29 15:05:42.456 thread:1581756 info dds_sub_serialization_listener.h:573]:DDSSubSerializationListener matched. topic: embosa_channel_change_broadcast, total match count: 26, current match count: 26
[2026-09-29 15:05:42.457 thread:1581756 info dds_sub_serialization_listener.h:573]:DDSSubSerializationListener matched. topic: embosa_service_change_broadcast, total match count: 26, current match count: 26
[2026-09-29 15:05:42.460 thread:1581756 info dds_pub_listener.cc:19]:DDSPubListener matched. topic: embosa_node_change_broadcast, total match count: 26, current match count: 26
[2026-09-29 15:05:42.461 thread:1581756 info dds_pub_listener.cc:19]:DDSPubListener matched. topic: embosa_channel_change_broadcast, total match count: 26, current match count: 26
[2026-09-29 15:05:42.461 thread:1581756 info dds_pub_listener.cc:19]:DDSPubListener matched. topic: embosa_service_change_broadcast, total match count: 26, current match count: 26
[2026-09-29 15:05:42.495 thread:1581755 info topology_manager.cc:150]:discovery participant name:galbot-echo+4052_embosa_0
[2026-09-29 15:05:42.507 thread:1581755 info dds_sub_serialization_listener.h:573]:DDSSubSerializationListener matched. topic: embosa_node_change_broadcast, total match count: 27, current match count: 27
[2026-09-29 15:05:42.507 thread:1581755 info dds_sub_serialization_listener.h:573]:DDSSubSerializationListener matched. topic: embosa_channel_change_broadcast, total match count: 27, current match count: 27
[2026-09-29 15:05:42.507 thread:1581755 info dds_sub_serialization_listener.h:573]:DDSSubSerializationListener matched. topic: embosa_service_change_broadcast, total match count: 27, current match count: 27
[2026-09-29 15:05:42.509 thread:1581756 info dds_pub_listener.cc:19]:DDSPubListener matched. topic: embosa_node_change_broadcast, total match count: 27, current match count: 27
[2026-09-29 15:05:42.510 thread:1581756 info dds_pub_listener.cc:19]:DDSPubListener matched. topic: embosa_channel_change_broadcast, total match count: 27, current match count: 27
[2026-09-29 15:05:42.510 thread:1581755 info dds_pub_listener.cc:19]:DDSPubListener matched. topic: embosa_service_change_broadcast, total match count: 27, current match count: 27
[2026-09-29 15:05:42.517 thread:1581756 info dds_pub_listener.cc:19]:DDSPubListener matched. topic: embosa_node_change_broadcast, total match count: 28, current match count: 28
[2026-09-29 15:05:42.518 thread:1581756 info dds_pub_listener.cc:19]:DDSPubListener matched. topic: embosa_channel_change_broadcast, total match count: 28, current match count: 28
[2026-09-29 15:05:42.519 thread:1581755 info dds_pub_listener.cc:19]:DDSPubListener matched. topic: embosa_service_change_broadcast, total match count: 28, current match count: 28
[2026-09-29 15:05:42.522 thread:1581756 info dds_sub_serialization_listener.h:573]:DDSSubSerializationListener matched. topic: embosa_node_change_broadcast, total match count: 28, current match count: 28
[2026-09-29 15:05:42.525 thread:1581756 info dds_sub_serialization_listener.h:573]:DDSSubSerializationListener matched. topic: embosa_channel_change_broadcast, total match count: 28, current match count: 28
[2026-09-29 15:05:42.527 thread:1581756 info dds_sub_serialization_listener.h:573]:DDSSubSerializationListener matched. topic: embosa_service_change_broadcast, total match count: 28, current match count: 28
[2026-09-29 15:05:42.531 thread:1581750 error HISTORY_DATASHARING_PAYLOADPOOL:102]:DDS Failed to open segment fast_datasharing_01.0f.00.a4.30.11.2e.c0.00.00.00.00_0.0.8.3: No such file or directory
[2026-09-29 15:05:42.531 thread:1581750 error RTPS_READER:157]:DDS Failed to add Writer Proxy 01.0f.00.a4.30.11.2e.c0.00.00.00.00|0.0.8.3 to 0.0.f.4 with data sharing.
[2026-09-29 15:05:42.533 thread:1581750 error HISTORY_DATASHARING_PAYLOADPOOL:102]:DDS Failed to open segment fast_datasharing_01.0f.00.a4.30.11.2e.c0.00.00.00.00_0.0.9.3: No such file or directory
[2026-09-29 15:05:42.533 thread:1581750 error RTPS_READER:157]:DDS Failed to add Writer Proxy 01.0f.00.a4.30.11.2e.c0.00.00.00.00|0.0.9.3 to 0.0.10.4 with data sharing.
[2026-09-29 15:05:42.538 thread:1581764 error channel_manager.cc:394]:newly added reader(belongs to node[diagnose_demo_node|galbot_chassis_service|3945])'s message type[galbot.gateway_proto.BusinessFrame] does not match the exsited reader(belongs to node[gateway_server|gateway_service|3652])'s message type[embosa_plain_message_type].
[2026-09-29 15:05:42.566 thread:1581758 warning dds_sub_serialization_listener.h:520]:DDSSubSerializationListener: data used time 194 ms, over sub threshold 50 ms, topic: singorix/wbcs/error, index: 2399480
[2026-09-29 15:05:42.573 thread:1581756 info dds_sub_serialization_listener.h:573]:DDSSubSerializationListener matched. topic: embosa_node_change_broadcast, total match count: 29, current match count: 29
[2026-09-29 15:05:42.574 thread:1581756 info dds_sub_serialization_listener.h:573]:DDSSubSerializationListener matched. topic: embosa_channel_change_broadcast, total match count: 29, current match count: 29
[2026-09-29 15:05:42.576 thread:1581756 info dds_sub_serialization_listener.h:573]:DDSSubSerializationListener matched. topic: embosa_service_change_broadcast, total match count: 29, current match count: 29
[2026-09-29 15:05:42.578 thread:1581756 info dds_pub_listener.cc:19]:DDSPubListener matched. topic: embosa_node_change_broadcast, total match count: 29, current match count: 29
[2026-09-29 15:05:42.579 thread:1581756 info dds_pub_listener.cc:19]:DDSPubListener matched. topic: embosa_channel_change_broadcast, total match count: 29, current match count: 29
[2026-09-29 15:05:42.580 thread:1581756 info dds_pub_listener.cc:19]:DDSPubListener matched. topic: embosa_service_change_broadcast, total match count: 29, current match count: 29
[2026-09-29 15:05:42.592 thread:1581769 error channel_manager.cc:380]:newly added reader(belongs to node[Sensor#0|swallows|4408])'s message type[N6galbot6embosa7MessageE] does not match the exsited writer(belongs to node[service_front_head_camera_sensor_capture|front_head_camera_capture|4401])'s message type[galbot.sensor_proto.CompressedImage].
[2026-09-29 15:05:42.595 thread:1581771 error channel_manager.cc:380]:newly added reader(belongs to node[Sensor#0|swallows|4408])'s message type[N6galbot6embosa7MessageE] does not match the exsited writer(belongs to node[service_front_head_camera_sensor_capture|front_head_camera_capture|4401])'s message type[galbot.sensor_proto.CompressedImage].
[2026-09-29 15:05:42.595 thread:1581771 error channel_manager.cc:394]:newly added reader(belongs to node[Sensor#0|swallows|4408])'s message type[N6galbot6embosa7MessageE] does not match the exsited reader(belongs to node[sensor_sdk_node|python3.11|1581730])'s message type[galbot.sensor_proto.CompressedImage].
[2026-09-29 15:05:42.595 thread:1581764 error channel_manager.cc:394]:newly added reader(belongs to node[Sensor#0|swallows|4408])'s message type[N6galbot6embosa7MessageE] does not match the exsited reader(belongs to node[sensor_sdk_node|python3.11|1581730])'s message type[galbot.sensor_proto.CompressedImage].
[2026-09-29 15:05:42.598 thread:1581766 error channel_manager.cc:380]:newly added reader(belongs to node[Sensor#0|swallows|4408])'s message type[N6galbot6embosa7MessageE] does not match the exsited writer(belongs to node[service_right_arm_camera_sensor_capture|right_arm_camera_capture|4407])'s message type[galbot.sensor_proto.CompressedImage].
[2026-09-29 15:05:42.599 thread:1581766 error channel_manager.cc:394]:newly added reader(belongs to node[Sensor#0|swallows|4408])'s message type[N6galbot6embosa7MessageE] does not match the exsited reader(belongs to node[sensor_sdk_node|python3.11|1581730])'s message type[galbot.sensor_proto.CompressedImage].
[2026-09-29 15:05:42.600 thread:1581762 error channel_manager.cc:380]:newly added reader(belongs to node[Sensor#0|swallows|4408])'s message type[N6galbot6embosa7MessageE] does not match the exsited writer(belongs to node[service_front_head_camera_sensor_capture|front_head_camera_capture|4401])'s message type[galbot.sensor_proto.CameraInfo].
[2026-09-29 15:05:42.602 thread:1581768 error channel_manager.cc:380]:newly added reader(belongs to node[Sensor#0|swallows|4408])'s message type[N6galbot6embosa7MessageE] does not match the exsited writer(belongs to node[service_front_head_camera_sensor_capture|front_head_camera_capture|4401])'s message type[galbot.sensor_proto.CameraInfo].
[2026-09-29 15:05:42.602 thread:1581768 error channel_manager.cc:394]:newly added reader(belongs to node[Sensor#0|swallows|4408])'s message type[N6galbot6embosa7MessageE] does not match the exsited reader(belongs to node[sensor_sdk_node|python3.11|1581730])'s message type[galbot.sensor_proto.CameraInfo].
[2026-09-29 15:05:42.602 thread:1581773 error channel_manager.cc:394]:newly added reader(belongs to node[Sensor#0|swallows|4408])'s message type[N6galbot6embosa7MessageE] does not match the exsited reader(belongs to node[sensor_sdk_node|python3.11|1581730])'s message type[galbot.sensor_proto.CameraInfo].
[2026-09-29 15:05:42.603 thread:1581765 error channel_manager.cc:380]:newly added reader(belongs to node[Sensor#0|swallows|4408])'s message type[N6galbot6embosa7MessageE] does not match the exsited writer(belongs to node[service_right_arm_camera_sensor_capture|right_arm_camera_capture|4407])'s message type[galbot.sensor_proto.CameraInfo].
[2026-09-29 15:05:42.603 thread:1581765 error channel_manager.cc:394]:newly added reader(belongs to node[Sensor#0|swallows|4408])'s message type[N6galbot6embosa7MessageE] does not match the exsited reader(belongs to node[sensor_sdk_node|python3.11|1581730])'s message type[galbot.sensor_proto.CameraInfo].
[2026-09-29 15:05:42.603 thread:1581767 error channel_manager.cc:380]:newly added reader(belongs to node[Sensor#0|swallows|4408])'s message type[N6galbot6embosa7MessageE] does not match the exsited writer(belongs to node[singorix_wbcs_main|singorix_wbcs_main|4379])'s message type[galbot.singorix_proto.SingoriXSensor].
[2026-09-29 15:05:42.603 thread:1581767 error channel_manager.cc:394]:newly added reader(belongs to node[Sensor#0|swallows|4408])'s message type[N6galbot6embosa7MessageE] does not match the exsited reader(belongs to node[wbc_sdk_node|python3.11|1581730])'s message type[galbot.singorix_proto.SingoriXSensor].
[2026-09-29 15:05:42.603 thread:1581767 error channel_manager.cc:394]:newly added reader(belongs to node[Sensor#0|swallows|4408])'s message type[N6galbot6embosa7MessageE] does not match the exsited reader(belongs to node[motion_planning_service_node|service_motion_plan|4409])'s message type[galbot.singorix_proto.SingoriXSensor].
[2026-09-29 15:05:42.603 thread:1581767 error channel_manager.cc:394]:newly added reader(belongs to node[Sensor#0|swallows|4408])'s message type[N6galbot6embosa7MessageE] does not match the exsited reader(belongs to node[aphropm_pns|service_navigation_plan|4404])'s message type[galbot.singorix_proto.SingoriXSensor].
[2026-09-29 15:05:42.604 thread:1581770 error channel_manager.cc:380]:newly added reader(belongs to node[Sensor#0|swallows|4408])'s message type[N6galbot6embosa7MessageE] does not match the exsited writer(belongs to node[singorix_wbcs_main|singorix_wbcs_main|4379])'s message type[galbot.singorix_proto.WBCInfo].
[2026-09-29 15:05:42.604 thread:1581770 error channel_manager.cc:394]:newly added reader(belongs to node[Sensor#0|swallows|4408])'s message type[N6galbot6embosa7MessageE] does not match the exsited reader(belongs to node[wbc_sdk_node|python3.11|1581730])'s message type[galbot.singorix_proto.WBCInfo].
[2026-09-29 15:05:42.604 thread:1581770 error channel_manager.cc:394]:newly added reader(belongs to node[Sensor#0|swallows|4408])'s message type[N6galbot6embosa7MessageE] does not match the exsited reader(belongs to node[aphropm_pns|service_navigation_plan|4404])'s message type[galbot.singorix_proto.WBCInfo].
[2026-09-29 15:05:42.604 thread:1581763 error channel_manager.cc:380]:newly added reader(belongs to node[Sensor#0|swallows|4408])'s message type[N6galbot6embosa7MessageE] does not match the exsited writer(belongs to node[singorix_wbcs_main|singorix_wbcs_main|4379])'s message type[galbot.singorix_proto.SingoriXError].
[2026-09-29 15:05:42.604 thread:1581763 error channel_manager.cc:394]:newly added reader(belongs to node[Sensor#0|swallows|4408])'s message type[N6galbot6embosa7MessageE] does not match the exsited reader(belongs to node[wbc_sdk_node|python3.11|1581730])'s message type[galbot.singorix_proto.SingoriXError].
[2026-09-29 15:05:42.604 thread:1581763 error channel_manager.cc:394]:newly added reader(belongs to node[Sensor#0|swallows|4408])'s message type[N6galbot6embosa7MessageE] does not match the exsited reader(belongs to node[motion_planning_service_node|service_motion_plan|4409])'s message type[galbot.singorix_proto.SingoriXError].
[2026-09-29 15:05:42.604 thread:1581763 error channel_manager.cc:394]:newly added reader(belongs to node[Sensor#0|swallows|4408])'s message type[N6galbot6embosa7MessageE] does not match the exsited reader(belongs to node[aphropm_pns|service_navigation_plan|4404])'s message type[galbot.singorix_proto.SingoriXError].
[2026-09-29 15:05:42.604 thread:1581772 error channel_manager.cc:380]:newly added reader(belongs to node[Sensor#0|swallows|4408])'s message type[N6galbot6embosa7MessageE] does not match the exsited writer(belongs to node[service_front_head_camera_sensor_capture|front_head_camera_capture|4401])'s message type[galbot.tf2_proto.TF2Message].
[2026-09-29 15:05:42.604 thread:1581772 error channel_manager.cc:380]:newly added reader(belongs to node[Sensor#0|swallows|4408])'s message type[N6galbot6embosa7MessageE] does not match the exsited writer(belongs to node[service_right_arm_camera_sensor_capture|right_arm_camera_capture|4407])'s message type[galbot.tf2_proto.TF2Message].
[2026-09-29 15:05:42.605 thread:1581772 error channel_manager.cc:394]:newly added reader(belongs to node[Sensor#0|swallows|4408])'s message type[N6galbot6embosa7MessageE] does not match the exsited reader(belongs to node[system_sdk_node|python3.11|1581730])'s message type[galbot.tf2_proto.TF2Message].
[2026-09-29 15:05:42.605 thread:1581772 error channel_manager.cc:394]:newly added reader(belongs to node[Sensor#0|swallows|4408])'s message type[N6galbot6embosa7MessageE] does not match the exsited reader(belongs to node[/galbot_perception|Perception_Algorithm_Service|4402])'s message type[galbot.tf2_proto.TF2Message].
[2026-09-29 15:05:42.605 thread:1581771 error channel_manager.cc:380]:newly added reader(belongs to node[Sensor#0|swallows|4408])'s message type[N6galbot6embosa7MessageE] does not match the exsited writer(belongs to node[embosa_eyehand_calib_publish|eyehand_calib_publish|4399])'s message type[galbot.tf2_proto.TF2Message].
[2026-09-29 15:05:42.605 thread:1581771 error channel_manager.cc:394]:newly added reader(belongs to node[Sensor#0|swallows|4408])'s message type[N6galbot6embosa7MessageE] does not match the exsited reader(belongs to node[system_sdk_node|python3.11|1581730])'s message type[galbot.tf2_proto.TF2Message].
[2026-09-29 15:05:42.605 thread:1581771 error channel_manager.cc:394]:newly added reader(belongs to node[Sensor#0|swallows|4408])'s message type[N6galbot6embosa7MessageE] does not match the exsited reader(belongs to node[/galbot_perception|Perception_Algorithm_Service|4402])'s message type[galbot.tf2_proto.TF2Message].
[2026-09-29 15:05:42.606 thread:1581764 error channel_manager.cc:380]:newly added reader(belongs to node[Sensor#0|swallows|4408])'s message type[N6galbot6embosa7MessageE] does not match the exsited writer(belongs to node[/data/galbot/bin/service_lidar_capture|service_lidar_capture|4406])'s message type[galbot.sensor_proto.PointCloud2].
[2026-09-29 15:05:42.606 thread:1581764 error channel_manager.cc:394]:newly added reader(belongs to node[Sensor#0|swallows|4408])'s message type[N6galbot6embosa7MessageE] does not match the exsited reader(belongs to node[relocalization_server|relocalization_server|5489])'s message type[embosa_plain_message_type].
[2026-09-29 15:05:42.607 thread:1581766 error channel_manager.cc:380]:newly added reader(belongs to node[Sensor#0|swallows|4408])'s message type[N6galbot6embosa7MessageE] does not match the exsited writer(belongs to node[/data/galbot/bin/service_lidar_capture|service_lidar_capture|4406])'s message type[galbot.sensor_proto.ImuSensor].
[2026-09-29 15:05:42.607 thread:1581762 error channel_manager.cc:380]:newly added reader(belongs to node[Sensor#0|swallows|4408])'s message type[N6galbot6embosa7MessageE] does not match the exsited writer(belongs to node[/data/galbot/bin/service_lidar_capture|service_lidar_capture|4406])'s message type[galbot.core_proto.StringValue].
[2026-09-29 15:05:42.607 thread:1581768 error channel_manager.cc:380]:newly added reader(belongs to node[Sensor#0|swallows|4408])'s message type[N6galbot6embosa7MessageE] does not match the exsited writer(belongs to node[/galbot_perception|Perception_Algorithm_Service|4402])'s message type[galbot.perception_proto.DetectionResult].
[2026-09-29 15:05:42.607 thread:1581768 error channel_manager.cc:394]:newly added reader(belongs to node[Sensor#0|swallows|4408])'s message type[N6galbot6embosa7MessageE] does not match the exsited reader(belongs to node[manage_node|hpu_launcher|3980])'s message type[galbot.perception_proto.DetectionResult].
[2026-09-29 15:05:42.609 thread:1581763 error channel_manager.cc:394]:newly added reader(belongs to node[Sensor#0|swallows|4408])'s message type[N6galbot6embosa7MessageE] does not match the exsited reader(belongs to node[context_mission_mode|mission_manager|3595])'s message type[galbot.spatial_proto.PoseMsg].
[2026-09-29 15:05:42.609 thread:1581763 error channel_manager.cc:394]:newly added reader(belongs to node[Sensor#0|swallows|4408])'s message type[N6galbot6embosa7MessageE] does not match the exsited reader(belongs to node[singorix_wbcs_main|singorix_wbcs_main|4379])'s message type[galbot.spatial_proto.PoseMsg].
[2026-09-29 15:05:42.609 thread:1581763 error channel_manager.cc:394]:newly added reader(belongs to node[Sensor#0|swallows|4408])'s message type[N6galbot6embosa7MessageE] does not match the exsited reader(belongs to node[motion_planning_service_node|service_motion_plan|4409])'s message type[galbot.spatial_proto.PoseMsg].
[2026-09-29 15:05:42.609 thread:1581763 error channel_manager.cc:394]:newly added reader(belongs to node[Sensor#0|swallows|4408])'s message type[N6galbot6embosa7MessageE] does not match the exsited reader(belongs to node[aphropm_pns|service_navigation_plan|4404])'s message type[galbot.spatial_proto.PoseMsg].
[2026-09-29 15:05:42.610 thread:1581771 error channel_manager.cc:380]:newly added reader(belongs to node[Sensor#0|swallows|4408])'s message type[N6galbot6embosa7MessageE] does not match the exsited writer(belongs to node[aphropm_pns|service_navigation_plan|4404])'s message type[galbot.navigation_proto.Path].
[2026-09-29 15:05:42.611 thread:1581764 error channel_manager.cc:380]:newly added reader(belongs to node[Sensor#0|swallows|4408])'s message type[N6galbot6embosa7MessageE] does not match the exsited writer(belongs to node[embosa_test_rpc_client_node|galbot_chassis_service|3945])'s message type[galbot.navigation_proto.Odometry].
[2026-09-29 15:05:42.611 thread:1581764 error channel_manager.cc:394]:newly added reader(belongs to node[Sensor#0|swallows|4408])'s message type[N6galbot6embosa7MessageE] does not match the exsited reader(belongs to node[wbc_sdk_node|python3.11|1581730])'s message type[galbot.navigation_proto.Odometry].
[2026-09-29 15:05:42.612 thread:1581768 error channel_manager.cc:380]:newly added reader(belongs to node[Sensor#0|swallows|4408])'s message type[N6galbot6embosa7MessageE] does not match the exsited writer(belongs to node[context_mission_mode|mission_manager|3595])'s message type[galbot.system_proto.mission_manager_proto.MissionManagerMessage].
[2026-09-29 15:05:42.612 thread:1581768 error channel_manager.cc:394]:newly added reader(belongs to node[Sensor#0|swallows|4408])'s message type[N6galbot6embosa7MessageE] does not match the exsited reader(belongs to node[hpu_context_node|hpu_launcher|3980])'s message type[galbot.system_proto.mission_manager_proto.MissionManagerMessage].
[2026-09-29 15:05:42.612 thread:1581768 error channel_manager.cc:394]:newly added reader(belongs to node[Sensor#0|swallows|4408])'s message type[N6galbot6embosa7MessageE] does not match the exsited reader(belongs to node[diagnose_process_node|diagnose|3649])'s message type[galbot.system_proto.mission_manager_proto.MissionManagerMessage].
[2026-09-29 15:05:42.612 thread:1581768 error channel_manager.cc:394]:newly added reader(belongs to node[Sensor#0|swallows|4408])'s message type[N6galbot6embosa7MessageE] does not match the exsited reader(belongs to node[data_backflow|data_backflow_service|4051])'s message type[galbot.system_proto.mission_manager_proto.MissionManagerMessage].
[2026-09-29 15:05:42.612 thread:1581773 error channel_manager.cc:380]:newly added reader(belongs to node[Sensor#0|swallows|4408])'s message type[N6galbot6embosa7MessageE] does not match the exsited writer(belongs to node[context_mission_mode|mission_manager|3595])'s message type[galbot.system_proto.mission_manager_proto.OnboardConfig].
[2026-09-29 15:05:42.612 thread:1581773 error channel_manager.cc:380]:newly added reader(belongs to node[Sensor#0|swallows|4408])'s message type[N6galbot6embosa7MessageE] does not match the exsited writer(belongs to node[version_node|devinfo_server|3655])'s message type[galbot.system_proto.mission_manager_proto.OnboardConfig].
[2026-09-29 15:05:42.612 thread:1581773 error channel_manager.cc:394]:newly added reader(belongs to node[Sensor#0|swallows|4408])'s message type[N6galbot6embosa7MessageE] does not match the exsited reader(belongs to node[system_sdk_node|python3.11|1581730])'s message type[galbot.system_proto.mission_manager_proto.OnboardConfig].
[2026-09-29 15:05:42.615 thread:1581769 error channel_manager.cc:394]:newly added writer(belongs to node[robot_state_publisher|robot_state_publish|4400])'s message type[galbot.core_proto.StringValue] does not match the exsited reader(belongs to node[Sensor#0|swallows|4408])'s message type[N6galbot6embosa7MessageE].
[2026-09-29 15:05:42.616 thread:1581772 error channel_manager.cc:394]:newly added writer(belongs to node[robot_state_publisher|robot_state_publish|4400])'s message type[galbot.tf2_proto.TF2Message] does not match the exsited reader(belongs to node[Sensor#0|swallows|4408])'s message type[N6galbot6embosa7MessageE].
[2026-09-29 15:05:42.617 thread:1581771 error channel_manager.cc:394]:newly added writer(belongs to node[robot_state_publisher|robot_state_publish|4400])'s message type[galbot.tf2_proto.TF2Message] does not match the exsited reader(belongs to node[Sensor#0|swallows|4408])'s message type[N6galbot6embosa7MessageE].
[2026-09-29 15:05:42.617 thread:1581764 error channel_manager.cc:394]:newly added reader(belongs to node[robot_state_publisher|robot_state_publish|4400])'s message type[galbot.singorix_proto.SingoriXSensor] does not match the exsited reader(belongs to node[Sensor#0|swallows|4408])'s message type[N6galbot6embosa7MessageE].
[2026-09-29 15:05:42.695 thread:1581756 info topology_manager.cc:150]:discovery participant name:galbot-echo+4398_embosa_0
[2026-09-29 15:05:42.768 thread:1581756 info dds_sub_serialization_listener.h:573]:DDSSubSerializationListener matched. topic: embosa_node_change_broadcast, total match count: 30, current match count: 30
[2026-09-29 15:05:42.769 thread:1581755 info dds_sub_serialization_listener.h:573]:DDSSubSerializationListener matched. topic: embosa_channel_change_broadcast, total match count: 30, current match count: 30
[2026-09-29 15:05:42.770 thread:1581755 info dds_sub_serialization_listener.h:573]:DDSSubSerializationListener matched. topic: embosa_service_change_broadcast, total match count: 30, current match count: 30
[2026-09-29 15:05:42.776 thread:1581756 info dds_pub_listener.cc:19]:DDSPubListener matched. topic: embosa_node_change_broadcast, total match count: 30, current match count: 30
[2026-09-29 15:05:42.777 thread:1581756 info dds_pub_listener.cc:19]:DDSPubListener matched. topic: embosa_channel_change_broadcast, total match count: 30, current match count: 30
[2026-09-29 15:05:42.778 thread:1581755 info dds_pub_listener.cc:19]:DDSPubListener matched. topic: embosa_service_change_broadcast, total match count: 30, current match count: 30
[2026-09-29 15:05:42.850 thread:1581773 error channel_manager.cc:394]:newly added writer(belongs to node[galbot_fusion|galbot_fusion_main|4398])'s message type[galbot.perception_proto.TsdfGrid] does not match the exsited reader(belongs to node[Sensor#0|swallows|4408])'s message type[N6galbot6embosa7MessageE].
[2026-09-29 15:05:42.853 thread:1581771 error channel_manager.cc:394]:newly added reader(belongs to node[galbot_fusion|galbot_fusion_main|4398])'s message type[galbot.spatial_proto.PoseMsg] does not match the exsited reader(belongs to node[Sensor#0|swallows|4408])'s message type[N6galbot6embosa7MessageE].
[2026-09-29 15:05:42.853 thread:1581768 error channel_manager.cc:394]:newly added reader(belongs to node[galbot_fusion|galbot_fusion_main|4398])'s message type[galbot.sensor_proto.PointCloud2] does not match the exsited reader(belongs to node[Sensor#0|swallows|4408])'s message type[N6galbot6embosa7MessageE].
[2026-09-29 15:05:42.854 thread:1581768 error channel_manager.cc:394]:newly added reader(belongs to node[galbot_fusion|galbot_fusion_main|4398])'s message type[galbot.sensor_proto.PointCloud2] does not match the exsited reader(belongs to node[relocalization_server|relocalization_server|5489])'s message type[embosa_plain_message_type].
[2026-09-29 15:05:42.857 thread:1581772 error channel_manager.cc:394]:newly added reader(belongs to node[galbot_fusion|galbot_fusion_main|4398])'s message type[galbot.tf2_proto.TF2Message] does not match the exsited reader(belongs to node[Sensor#0|swallows|4408])'s message type[N6galbot6embosa7MessageE].
[2026-09-29 15:05:42.857 thread:1581764 error channel_manager.cc:394]:newly added reader(belongs to node[galbot_fusion|galbot_fusion_main|4398])'s message type[galbot.tf2_proto.TF2Message] does not match the exsited reader(belongs to node[Sensor#0|swallows|4408])'s message type[N6galbot6embosa7MessageE].
[2026-09-29 15:05:42.968 thread:1581756 info topology_manager.cc:150]:discovery participant name:galbot-echo+4403_embosa_0
[2026-09-29 15:05:43.041 thread:1581756 info dds_sub_serialization_listener.h:573]:DDSSubSerializationListener matched. topic: embosa_node_change_broadcast, total match count: 31, current match count: 31
[2026-09-29 15:05:43.042 thread:1581756 info dds_sub_serialization_listener.h:573]:DDSSubSerializationListener matched. topic: embosa_channel_change_broadcast, total match count: 31, current match count: 31
[2026-09-29 15:05:43.042 thread:1581756 info dds_sub_serialization_listener.h:573]:DDSSubSerializationListener matched. topic: embosa_service_change_broadcast, total match count: 31, current match count: 31
[2026-09-29 15:05:43.043 thread:1581750 error HISTORY_DATASHARING_PAYLOADPOOL:102]:DDS Failed to open segment fast_datasharing_01.0f.00.a4.33.11.66.97.00.00.00.00_0.0.7.3: No such file or directory
[2026-09-29 15:05:43.043 thread:1581750 error RTPS_READER:157]:DDS Failed to add Writer Proxy 01.0f.00.a4.33.11.66.97.00.00.00.00|0.0.7.3 to 0.0.f.4 with data sharing.
[2026-09-29 15:05:43.051 thread:1581756 info dds_pub_listener.cc:19]:DDSPubListener matched. topic: embosa_node_change_broadcast, total match count: 31, current match count: 31
[2026-09-29 15:05:43.052 thread:1581756 info dds_pub_listener.cc:19]:DDSPubListener matched. topic: embosa_channel_change_broadcast, total match count: 31, current match count: 31
[2026-09-29 15:05:43.052 thread:1581756 info dds_pub_listener.cc:19]:DDSPubListener matched. topic: embosa_service_change_broadcast, total match count: 31, current match count: 31
[2026-09-29 15:05:43.123 thread:1581773 error channel_manager.cc:394]:newly added writer(belongs to node[embosa_localization_node|localization_server|4403])'s message type[galbot.tf2_proto.TF2Message] does not match the exsited reader(belongs to node[Sensor#0|swallows|4408])'s message type[N6galbot6embosa7MessageE].
[2026-09-29 15:05:43.124 thread:1581769 error channel_manager.cc:394]:newly added reader(belongs to node[embosa_localization_node|localization_server|4403])'s message type[galbot.tf2_proto.TF2Message] does not match the exsited reader(belongs to node[Sensor#0|swallows|4408])'s message type[N6galbot6embosa7MessageE].
[2026-09-29 15:05:43.124 thread:1581772 error channel_manager.cc:394]:newly added reader(belongs to node[embosa_localization_node|localization_server|4403])'s message type[galbot.tf2_proto.TF2Message] does not match the exsited reader(belongs to node[Sensor#0|swallows|4408])'s message type[N6galbot6embosa7MessageE].
[2026-09-29 15:05:43.125 thread:1581766 error channel_manager.cc:394]:newly added reader(belongs to node[embosa_localization_node|localization_server|4403])'s message type[galbot.sensor_proto.PointCloud2] does not match the exsited reader(belongs to node[Sensor#0|swallows|4408])'s message type[N6galbot6embosa7MessageE].
[2026-09-29 15:05:43.125 thread:1581766 error channel_manager.cc:394]:newly added reader(belongs to node[embosa_localization_node|localization_server|4403])'s message type[galbot.sensor_proto.PointCloud2] does not match the exsited reader(belongs to node[relocalization_server|relocalization_server|5489])'s message type[embosa_plain_message_type].
[2026-09-29 15:05:43.125 thread:1581764 error channel_manager.cc:394]:newly added reader(belongs to node[embosa_localization_node|localization_server|4403])'s message type[galbot.sensor_proto.ImuSensor] does not match the exsited reader(belongs to node[Sensor#0|swallows|4408])'s message type[N6galbot6embosa7MessageE].
[2026-09-29 15:05:43.126 thread:1581762 error channel_manager.cc:394]:newly added reader(belongs to node[embosa_localization_node|localization_server|4403])'s message type[galbot.navigation_proto.Odometry] does not match the exsited reader(belongs to node[Sensor#0|swallows|4408])'s message type[N6galbot6embosa7MessageE].
[2026-09-29 15:05:43.126 thread:1581765 error channel_manager.cc:394]:newly added reader(belongs to node[embosa_localization_node|localization_server|4403])'s message type[galbot.spatial_proto.PoseMsg] does not match the exsited reader(belongs to node[Sensor#0|swallows|4408])'s message type[N6galbot6embosa7MessageE].
[2026-09-29 15:05:43.127 thread:1581770 error channel_manager.cc:394]:newly added writer(belongs to node[embosa_localization_node|localization_server|4403])'s message type[galbot.spatial_proto.PoseMsg] does not match the exsited reader(belongs to node[Sensor#0|swallows|4408])'s message type[N6galbot6embosa7MessageE].
[2026-09-29 15:05:43.127 thread:1581769 error channel_manager.cc:394]:newly added writer(belongs to node[embosa_localization_node|localization_server|4403])'s message type[galbot.spatial_proto.PoseMsg] does not match the exsited reader(belongs to node[Sensor#0|swallows|4408])'s message type[N6galbot6embosa7MessageE].
[2026-09-29 15:05:43.128 thread:1581772 error channel_manager.cc:394]:newly added writer(belongs to node[embosa_localization_node|localization_server|4403])'s message type[galbot.sensor_proto.PointCloud2] does not match the exsited reader(belongs to node[Sensor#0|swallows|4408])'s message type[N6galbot6embosa7MessageE].
[2026-09-29 15:05:43.129 thread:1581771 error channel_manager.cc:394]:newly added writer(belongs to node[embosa_localization_node|localization_server|4403])'s message type[galbot.core_proto.FloatValue] does not match the exsited reader(belongs to node[Sensor#0|swallows|4408])'s message type[N6galbot6embosa7MessageE].
[2026-09-29 15:05:43.635 thread:1581756 info topology_manager.cc:150]:discovery participant name:galbot-echo+4410_embosa_0
[2026-09-29 15:05:43.709 thread:1581756 info dds_sub_serialization_listener.h:573]:DDSSubSerializationListener matched. topic: embosa_node_change_broadcast, total match count: 32, current match count: 32
[2026-09-29 15:05:43.709 thread:1581756 info dds_sub_serialization_listener.h:573]:DDSSubSerializationListener matched. topic: embosa_channel_change_broadcast, total match count: 32, current match count: 32
[2026-09-29 15:05:43.710 thread:1581756 info dds_sub_serialization_listener.h:573]:DDSSubSerializationListener matched. topic: embosa_service_change_broadcast, total match count: 32, current match count: 32
[2026-09-29 15:05:43.711 thread:1581750 error HISTORY_DATASHARING_PAYLOADPOOL:102]:DDS Failed to open segment fast_datasharing_01.0f.00.a4.3a.11.f7.c7.00.00.00.00_0.0.9.3: No such file or directory
[2026-09-29 15:05:43.711 thread:1581750 error RTPS_READER:300]:DDS Failed to add Writer Proxy 01.0f.00.a4.3a.11.f7.c7.00.00.00.00|0.0.9.3 to 0.0.7.4 with data sharing.
[2026-09-29 15:05:43.712 thread:1581750 error HISTORY_DATASHARING_PAYLOADPOOL:102]:DDS Failed to open segment fast_datasharing_01.0f.00.a4.3a.11.f7.c7.00.00.00.00_0.0.a.3: No such file or directory
[2026-09-29 15:05:43.712 thread:1581750 error RTPS_READER:157]:DDS Failed to add Writer Proxy 01.0f.00.a4.3a.11.f7.c7.00.00.00.00|0.0.a.3 to 0.0.f.4 with data sharing.
[2026-09-29 15:05:43.713 thread:1581750 error HISTORY_DATASHARING_PAYLOADPOOL:102]:DDS Failed to open segment fast_datasharing_01.0f.00.a4.3a.11.f7.c7.00.00.00.00_0.0.c.3: No such file or directory
[2026-09-29 15:05:43.713 thread:1581750 error RTPS_READER:300]:DDS Failed to add Writer Proxy 01.0f.00.a4.3a.11.f7.c7.00.00.00.00|0.0.c.3 to 0.0.b.4 with data sharing.
[2026-09-29 15:05:43.715 thread:1581750 error HISTORY_DATASHARING_PAYLOADPOOL:102]:DDS Failed to open segment fast_datasharing_01.0f.00.a4.3a.11.f7.c7.00.00.00.00_0.0.10.3: No such file or directory
[2026-09-29 15:05:43.715 thread:1581750 error RTPS_READER:157]:DDS Failed to add Writer Proxy 01.0f.00.a4.3a.11.f7.c7.00.00.00.00|0.0.10.3 to 0.0.c.4 with data sharing.
[2026-09-29 15:05:43.720 thread:1581755 info dds_pub_listener.cc:19]:DDSPubListener matched. topic: embosa_node_change_broadcast, total match count: 32, current match count: 32
[2026-09-29 15:05:43.721 thread:1581755 info dds_pub_listener.cc:19]:DDSPubListener matched. topic: embosa_channel_change_broadcast, total match count: 32, current match count: 32
[2026-09-29 15:05:43.721 thread:1581755 info dds_pub_listener.cc:19]:DDSPubListener matched. topic: embosa_service_change_broadcast, total match count: 32, current match count: 32
[2026-09-29 15:05:43.791 thread:1581770 error channel_manager.cc:394]:newly added writer(belongs to node[service_left_arm_camera_sensor_capture|left_arm_camera_capture|4410])'s message type[galbot.core_proto.Value] does not match the exsited reader(belongs to node[sensor_sdk_node|python3.11|1581730])'s message type[galbot.core_proto.StringValue].
[2026-09-29 15:05:43.791 thread:1581771 error channel_manager.cc:394]:newly added writer(belongs to node[service_left_arm_camera_sensor_capture|left_arm_camera_capture|4410])'s message type[galbot.tf2_proto.TF2Message] does not match the exsited reader(belongs to node[Sensor#0|swallows|4408])'s message type[N6galbot6embosa7MessageE].
[2026-09-29 15:05:43.792 thread:1581767 error channel_manager.cc:394]:newly added writer(belongs to node[service_left_arm_camera_sensor_capture|left_arm_camera_capture|4410])'s message type[galbot.sensor_proto.CompressedImage] does not match the exsited reader(belongs to node[Sensor#0|swallows|4408])'s message type[N6galbot6embosa7MessageE].
[2026-09-29 15:05:43.794 thread:1581762 error channel_manager.cc:394]:newly added writer(belongs to node[service_left_arm_camera_sensor_capture|left_arm_camera_capture|4410])'s message type[galbot.sensor_proto.CameraInfo] does not match the exsited reader(belongs to node[Sensor#0|swallows|4408])'s message type[N6galbot6embosa7MessageE].
[2026-09-29 15:06:19.820 thread:1581730 info state.cc:29]:AsyncShutdown invoked.
[2026-09-29 15:06:19.821 thread:1581749 info init.cc:68]:Embosa shutdown signal received, processing shutdown.
[2026-09-29 15:06:19.821 thread:1581749 info init.cc:74]:Embosa exit callback not set.
[2026-09-29 15:06:19.821 thread:1581749 info init.cc:85]:Embosa exit done callback not set.
[2026-09-29 15:06:19.821 thread:1581749 info init.cc:88]:Embosa enters shuttingdown state.
[2026-09-29 15:06:19.825 thread:1581758 info dds_sub_serialization_listener.h:354]:DDSSubSerializationListener: embosa state is shutdown, topic: /odom/base_link
[2026-09-29 15:06:19.829 thread:1581758 info dds_sub_serialization_listener.h:354]:DDSSubSerializationListener: embosa state is shutdown, topic: singorix/wbcs/sensor
[2026-09-29 15:06:19.831 thread:1581758 info dds_sub_serialization_listener.h:354]:DDSSubSerializationListener: embosa state is shutdown, topic: singorix/wbcs/wbc_info
[2026-09-29 15:06:19.833 thread:1581758 info dds_sub_serialization_listener.h:354]:DDSSubSerializationListener: embosa state is shutdown, topic: singorix/wbcs/error
[2026-09-29 15:06:19.833 thread:1581758 info dds_sub_serialization_listener.h:354]:DDSSubSerializationListener: embosa state is shutdown, topic: /odom/base_link
[2026-09-29 15:06:19.834 thread:1581758 info dds_sub_serialization_listener.h:354]:DDSSubSerializationListener: embosa state is shutdown, topic: singorix/wbcs/sensor
[2026-09-29 15:06:19.835 thread:1581758 info dds_sub_serialization_listener.h:354]:DDSSubSerializationListener: embosa state is shutdown, topic: singorix/wbcs/error
[2026-09-29 15:06:19.842 thread:1581758 info dds_sub_serialization_listener.h:354]:DDSSubSerializationListener: embosa state is shutdown, topic: singorix/wbcs/sensor
[2026-09-29 15:06:19.842 thread:1581758 info dds_sub_serialization_listener.h:354]:DDSSubSerializationListener: embosa state is shutdown, topic: singorix/wbcs/wbc_info
[2026-09-29 15:06:19.843 thread:1581758 info dds_sub_serialization_listener.h:354]:DDSSubSerializationListener: embosa state is shutdown, topic: /galbot/mission_manager/onboard_config
[2026-09-29 15:06:19.844 thread:1581758 info dds_sub_serialization_listener.h:354]:DDSSubSerializationListener: embosa state is shutdown, topic: singorix/wbcs/error
[2026-09-29 15:06:19.845 thread:1581758 info dds_sub_serialization_listener.h:354]:DDSSubSerializationListener: embosa state is shutdown, topic: /odom/base_link
[2026-09-29 15:06:19.849 thread:1581758 info dds_sub_serialization_listener.h:354]:DDSSubSerializationListener: embosa state is shutdown, topic: singorix/wbcs/sensor
[2026-09-29 15:06:19.850 thread:1581758 info dds_sub_serialization_listener.h:354]:DDSSubSerializationListener: embosa state is shutdown, topic: singorix/wbcs/error
[2026-09-29 15:06:19.854 thread:1581758 info dds_sub_serialization_listener.h:354]:DDSSubSerializationListener: embosa state is shutdown, topic: /odom/base_link
[2026-09-29 15:06:19.858 thread:1581758 info dds_sub_serialization_listener.h:354]:DDSSubSerializationListener: embosa state is shutdown, topic: singorix/wbcs/sensor
[2026-09-29 15:06:19.859 thread:1581758 info dds_sub_serialization_listener.h:354]:DDSSubSerializationListener: embosa state is shutdown, topic: singorix/wbcs/wbc_info
[2026-09-29 15:06:19.860 thread:1581758 info dds_sub_serialization_listener.h:354]:DDSSubSerializationListener: embosa state is shutdown, topic: singorix/wbcs/error
[2026-09-29 15:06:19.864 thread:1581758 info dds_sub_serialization_listener.h:354]:DDSSubSerializationListener: embosa state is shutdown, topic: /odom/base_link
[2026-09-29 15:06:19.866 thread:1581758 info dds_sub_serialization_listener.h:354]:DDSSubSerializationListener: embosa state is shutdown, topic: singorix/wbcs/sensor
[2026-09-29 15:06:19.866 thread:1581758 info dds_sub_serialization_listener.h:354]:DDSSubSerializationListener: embosa state is shutdown, topic: singorix/wbcs/error
[2026-09-29 15:06:19.874 thread:1581758 info dds_sub_serialization_listener.h:354]:DDSSubSerializationListener: embosa state is shutdown, topic: /odom/base_link
[2026-09-29 15:06:19.874 thread:1581758 info dds_sub_serialization_listener.h:354]:DDSSubSerializationListener: embosa state is shutdown, topic: singorix/wbcs/sensor
[2026-09-29 15:06:19.876 thread:1581758 info dds_sub_serialization_listener.h:354]:DDSSubSerializationListener: embosa state is shutdown, topic: singorix/wbcs/wbc_info
[2026-09-29 15:06:19.877 thread:1581758 info dds_sub_serialization_listener.h:354]:DDSSubSerializationListener: embosa state is shutdown, topic: singorix/wbcs/error
[2026-09-29 15:06:19.882 thread:1581758 info dds_sub_serialization_listener.h:354]:DDSSubSerializationListener: embosa state is shutdown, topic: singorix/wbcs/sensor
[2026-09-29 15:06:19.883 thread:1581758 info dds_sub_serialization_listener.h:354]:DDSSubSerializationListener: embosa state is shutdown, topic: singorix/wbcs/error
[2026-09-29 15:06:19.884 thread:1581758 info dds_sub_serialization_listener.h:354]:DDSSubSerializationListener: embosa state is shutdown, topic: /odom/base_link
[2026-09-29 15:06:19.890 thread:1581758 info dds_sub_serialization_listener.h:354]:DDSSubSerializationListener: embosa state is shutdown, topic: singorix/wbcs/sensor
[2026-09-29 15:06:19.891 thread:1581758 info dds_sub_serialization_listener.h:354]:DDSSubSerializationListener: embosa state is shutdown, topic: singorix/wbcs/wbc_info
[2026-09-29 15:06:19.892 thread:1581758 info dds_sub_serialization_listener.h:354]:DDSSubSerializationListener: embosa state is shutdown, topic: singorix/wbcs/error
[2026-09-29 15:06:19.894 thread:1581758 info dds_sub_serialization_listener.h:354]:DDSSubSerializationListener: embosa state is shutdown, topic: /odom/base_link
[2026-09-29 15:06:19.898 thread:1581758 info dds_sub_serialization_listener.h:354]:DDSSubSerializationListener: embosa state is shutdown, topic: singorix/wbcs/sensor
[2026-09-29 15:06:19.898 thread:1581758 info dds_sub_serialization_listener.h:354]:DDSSubSerializationListener: embosa state is shutdown, topic: singorix/wbcs/error
[2026-09-29 15:06:19.905 thread:1581758 info dds_sub_serialization_listener.h:354]:DDSSubSerializationListener: embosa state is shutdown, topic: /odom/base_link
[2026-09-29 15:06:19.905 thread:1581758 info dds_sub_serialization_listener.h:354]:DDSSubSerializationListener: embosa state is shutdown, topic: singorix/wbcs/sensor
[2026-09-29 15:06:19.906 thread:1581758 info dds_sub_serialization_listener.h:354]:DDSSubSerializationListener: embosa state is shutdown, topic: singorix/wbcs/wbc_info
[2026-09-29 15:06:19.906 thread:1581758 info dds_sub_serialization_listener.h:354]:DDSSubSerializationListener: embosa state is shutdown, topic: singorix/wbcs/error
[2026-09-29 15:06:19.914 thread:1581758 info dds_sub_serialization_listener.h:354]:DDSSubSerializationListener: embosa state is shutdown, topic: /odom/base_link
[2026-09-29 15:06:19.914 thread:1581758 info dds_sub_serialization_listener.h:354]:DDSSubSerializationListener: embosa state is shutdown, topic: singorix/wbcs/sensor
[2026-09-29 15:06:19.915 thread:1581758 info dds_sub_serialization_listener.h:354]:DDSSubSerializationListener: embosa state is shutdown, topic: singorix/wbcs/error
[2026-09-29 15:06:19.922 thread:1581758 info dds_sub_serialization_listener.h:354]:DDSSubSerializationListener: embosa state is shutdown, topic: singorix/wbcs/sensor
[2026-09-29 15:06:19.924 thread:1581758 info dds_sub_serialization_listener.h:354]:DDSSubSerializationListener: embosa state is shutdown, topic: singorix/wbcs/wbc_info
[2026-09-29 15:06:19.925 thread:1581758 info dds_sub_serialization_listener.h:354]:DDSSubSerializationListener: embosa state is shutdown, topic: /odom/base_link
[2026-09-29 15:06:19.925 thread:1581758 info dds_sub_serialization_listener.h:354]:DDSSubSerializationListener: embosa state is shutdown, topic: singorix/wbcs/error
[2026-09-29 15:06:19.929 thread:1581758 info dds_sub_serialization_listener.h:354]:DDSSubSerializationListener: embosa state is shutdown, topic: singorix/wbcs/sensor
[2026-09-29 15:06:19.929 thread:1581758 info dds_sub_serialization_listener.h:354]:DDSSubSerializationListener: embosa state is shutdown, topic: singorix/wbcs/error
[2026-09-29 15:06:19.934 thread:1581758 info dds_sub_serialization_listener.h:354]:DDSSubSerializationListener: embosa state is shutdown, topic: /odom/base_link
[2026-09-29 15:06:19.937 thread:1581758 info dds_sub_serialization_listener.h:354]:DDSSubSerializationListener: embosa state is shutdown, topic: singorix/wbcs/sensor
[2026-09-29 15:06:19.938 thread:1581758 info dds_sub_serialization_listener.h:354]:DDSSubSerializationListener: embosa state is shutdown, topic: singorix/wbcs/wbc_info
[2026-09-29 15:06:19.938 thread:1581758 info dds_sub_serialization_listener.h:354]:DDSSubSerializationListener: embosa state is shutdown, topic: singorix/wbcs/error
[2026-09-29 15:06:19.945 thread:1581758 info dds_sub_serialization_listener.h:354]:DDSSubSerializationListener: embosa state is shutdown, topic: /odom/base_link
[2026-09-29 15:06:19.946 thread:1581758 info dds_sub_serialization_listener.h:354]:DDSSubSerializationListener: embosa state is shutdown, topic: singorix/wbcs/sensor
[2026-09-29 15:06:19.947 thread:1581758 info dds_sub_serialization_listener.h:354]:DDSSubSerializationListener: embosa state is shutdown, topic: singorix/wbcs/error
[2026-09-29 15:06:19.954 thread:1581758 info dds_sub_serialization_listener.h:354]:DDSSubSerializationListener: embosa state is shutdown, topic: singorix/wbcs/sensor
[2026-09-29 15:06:19.954 thread:1581758 info dds_sub_serialization_listener.h:354]:DDSSubSerializationListener: embosa state is shutdown, topic: /odom/base_link
[2026-09-29 15:06:19.955 thread:1581758 info dds_sub_serialization_listener.h:354]:DDSSubSerializationListener: embosa state is shutdown, topic: singorix/wbcs/wbc_info
[2026-09-29 15:06:19.955 thread:1581758 info dds_sub_serialization_listener.h:354]:DDSSubSerializationListener: embosa state is shutdown, topic: singorix/wbcs/error
[2026-09-29 15:06:19.961 thread:1581758 info dds_sub_serialization_listener.h:354]:DDSSubSerializationListener: embosa state is shutdown, topic: singorix/wbcs/sensor
[2026-09-29 15:06:19.962 thread:1581758 info dds_sub_serialization_listener.h:354]:DDSSubSerializationListener: embosa state is shutdown, topic: singorix/wbcs/error
[2026-09-29 15:06:19.964 thread:1581758 info dds_sub_serialization_listener.h:354]:DDSSubSerializationListener: embosa state is shutdown, topic: /odom/base_link
[2026-09-29 15:06:19.969 thread:1581758 info dds_sub_serialization_listener.h:354]:DDSSubSerializationListener: embosa state is shutdown, topic: singorix/wbcs/sensor
[2026-09-29 15:06:19.970 thread:1581758 info dds_sub_serialization_listener.h:354]:DDSSubSerializationListener: embosa state is shutdown, topic: singorix/wbcs/wbc_info
[2026-09-29 15:06:19.972 thread:1581758 info dds_sub_serialization_listener.h:354]:DDSSubSerializationListener: embosa state is shutdown, topic: singorix/wbcs/error
[2026-09-29 15:06:19.974 thread:1581758 info dds_sub_serialization_listener.h:354]:DDSSubSerializationListener: embosa state is shutdown, topic: /odom/base_link
[2026-09-29 15:06:19.977 thread:1581758 info dds_sub_serialization_listener.h:354]:DDSSubSerializationListener: embosa state is shutdown, topic: singorix/wbcs/sensor
[2026-09-29 15:06:19.978 thread:1581758 info dds_sub_serialization_listener.h:354]:DDSSubSerializationListener: embosa state is shutdown, topic: singorix/wbcs/error
[2026-09-29 15:06:19.985 thread:1581758 info dds_sub_serialization_listener.h:354]:DDSSubSerializationListener: embosa state is shutdown, topic: /odom/base_link
[2026-09-29 15:06:19.985 thread:1581758 info dds_sub_serialization_listener.h:354]:DDSSubSerializationListener: embosa state is shutdown, topic: singorix/wbcs/sensor
[2026-09-29 15:06:19.986 thread:1581758 info dds_sub_serialization_listener.h:354]:DDSSubSerializationListener: embosa state is shutdown, topic: singorix/wbcs/wbc_info
[2026-09-29 15:06:19.986 thread:1581758 info dds_sub_serialization_listener.h:354]:DDSSubSerializationListener: embosa state is shutdown, topic: singorix/wbcs/error
[2026-09-29 15:06:19.994 thread:1581758 info dds_sub_serialization_listener.h:354]:DDSSubSerializationListener: embosa state is shutdown, topic: /odom/base_link
[2026-09-29 15:06:19.994 thread:1581758 info dds_sub_serialization_listener.h:354]:DDSSubSerializationListener: embosa state is shutdown, topic: singorix/wbcs/sensor
[2026-09-29 15:06:19.995 thread:1581758 info dds_sub_serialization_listener.h:354]:DDSSubSerializationListener: embosa state is shutdown, topic: singorix/wbcs/error
[2026-09-29 15:06:20.002 thread:1581758 info dds_sub_serialization_listener.h:354]:DDSSubSerializationListener: embosa state is shutdown, topic: singorix/wbcs/sensor
[2026-09-29 15:06:20.004 thread:1581758 info dds_sub_serialization_listener.h:354]:DDSSubSerializationListener: embosa state is shutdown, topic: /odom/base_link
[2026-09-29 15:06:20.004 thread:1581758 info dds_sub_serialization_listener.h:354]:DDSSubSerializationListener: embosa state is shutdown, topic: singorix/wbcs/wbc_info
[2026-09-29 15:06:20.005 thread:1581758 info dds_sub_serialization_listener.h:354]:DDSSubSerializationListener: embosa state is shutdown, topic: singorix/wbcs/error
[2026-09-29 15:06:20.014 thread:1581758 info dds_sub_serialization_listener.h:354]:DDSSubSerializationListener: embosa state is shutdown, topic: singorix/wbcs/sensor
[2026-09-29 15:06:20.015 thread:1581758 info dds_sub_serialization_listener.h:354]:DDSSubSerializationListener: embosa state is shutdown, topic: /odom/base_link
[2026-09-29 15:06:20.015 thread:1581758 info dds_sub_serialization_listener.h:354]:DDSSubSerializationListener: embosa state is shutdown, topic: singorix/wbcs/error
[2026-09-29 15:06:20.021 thread:1581758 info dds_sub_serialization_listener.h:354]:DDSSubSerializationListener: embosa state is shutdown, topic: singorix/wbcs/sensor
[2026-09-29 15:06:20.024 thread:1581758 info dds_sub_serialization_listener.h:354]:DDSSubSerializationListener: embosa state is shutdown, topic: /odom/base_link
[2026-09-29 15:06:20.025 thread:1581758 info dds_sub_serialization_listener.h:354]:DDSSubSerializationListener: embosa state is shutdown, topic: singorix/wbcs/wbc_info
[2026-09-29 15:06:20.026 thread:1581758 info dds_sub_serialization_listener.h:354]:DDSSubSerializationListener: embosa state is shutdown, topic: singorix/wbcs/error
[2026-09-29 15:06:20.028 thread:1581758 info dds_sub_serialization_listener.h:354]:DDSSubSerializationListener: embosa state is shutdown, topic: singorix/wbcs/sensor
[2026-09-29 15:06:20.028 thread:1581758 info dds_sub_serialization_listener.h:354]:DDSSubSerializationListener: embosa state is shutdown, topic: singorix/wbcs/error
[2026-09-29 15:06:20.034 thread:1581758 info dds_sub_serialization_listener.h:354]:DDSSubSerializationListener: embosa state is shutdown, topic: /odom/base_link
[2026-09-29 15:06:20.035 thread:1581758 info dds_sub_serialization_listener.h:354]:DDSSubSerializationListener: embosa state is shutdown, topic: singorix/wbcs/sensor
[2026-09-29 15:06:20.036 thread:1581758 info dds_sub_serialization_listener.h:354]:DDSSubSerializationListener: embosa state is shutdown, topic: singorix/wbcs/wbc_info
[2026-09-29 15:06:20.036 thread:1581758 info dds_sub_serialization_listener.h:354]:DDSSubSerializationListener: embosa state is shutdown, topic: singorix/wbcs/error
[2026-09-29 15:06:20.042 thread:1581758 info dds_sub_serialization_listener.h:354]:DDSSubSerializationListener: embosa state is shutdown, topic: singorix/wbcs/sensor
[2026-09-29 15:06:20.043 thread:1581758 info dds_sub_serialization_listener.h:354]:DDSSubSerializationListener: embosa state is shutdown, topic: singorix/wbcs/error
[2026-09-29 15:06:20.044 thread:1581758 info dds_sub_serialization_listener.h:354]:DDSSubSerializationListener: embosa state is shutdown, topic: /odom/base_link
[2026-09-29 15:06:20.053 thread:1581758 info dds_sub_serialization_listener.h:354]:DDSSubSerializationListener: embosa state is shutdown, topic: singorix/wbcs/sensor
[2026-09-29 15:06:20.054 thread:1581758 info dds_sub_serialization_listener.h:354]:DDSSubSerializationListener: embosa state is shutdown, topic: singorix/wbcs/wbc_info
[2026-09-29 15:06:20.054 thread:1581758 info dds_sub_serialization_listener.h:354]:DDSSubSerializationListener: embosa state is shutdown, topic: /odom/base_link
[2026-09-29 15:06:20.055 thread:1581758 info dds_sub_serialization_listener.h:354]:DDSSubSerializationListener: embosa state is shutdown, topic: singorix/wbcs/error
[2026-09-29 15:06:20.059 thread:1581758 info dds_sub_serialization_listener.h:354]:DDSSubSerializationListener: embosa state is shutdown, topic: singorix/wbcs/sensor
[2026-09-29 15:06:20.059 thread:1581758 info dds_sub_serialization_listener.h:354]:DDSSubSerializationListener: embosa state is shutdown, topic: singorix/wbcs/error
[2026-09-29 15:06:20.064 thread:1581758 info dds_sub_serialization_listener.h:354]:DDSSubSerializationListener: embosa state is shutdown, topic: /odom/base_link
[2026-09-29 15:06:20.065 thread:1581758 info dds_sub_serialization_listener.h:354]:DDSSubSerializationListener: embosa state is shutdown, topic: singorix/wbcs/sensor
[2026-09-29 15:06:20.066 thread:1581758 info dds_sub_serialization_listener.h:354]:DDSSubSerializationListener: embosa state is shutdown, topic: singorix/wbcs/wbc_info
[2026-09-29 15:06:20.066 thread:1581758 info dds_sub_serialization_listener.h:354]:DDSSubSerializationListener: embosa state is shutdown, topic: singorix/wbcs/error
[2026-09-29 15:06:20.074 thread:1581758 info dds_sub_serialization_listener.h:354]:DDSSubSerializationListener: embosa state is shutdown, topic: /odom/base_link
[2026-09-29 15:06:20.075 thread:1581758 info dds_sub_serialization_listener.h:354]:DDSSubSerializationListener: embosa state is shutdown, topic: singorix/wbcs/sensor
[2026-09-29 15:06:20.076 thread:1581758 info dds_sub_serialization_listener.h:354]:DDSSubSerializationListener: embosa state is shutdown, topic: singorix/wbcs/error
[2026-09-29 15:06:20.083 thread:1581758 info dds_sub_serialization_listener.h:354]:DDSSubSerializationListener: embosa state is shutdown, topic: singorix/wbcs/sensor
[2026-09-29 15:06:20.084 thread:1581758 info dds_sub_serialization_listener.h:354]:DDSSubSerializationListener: embosa state is shutdown, topic: singorix/wbcs/wbc_info
[2026-09-29 15:06:20.084 thread:1581758 info dds_sub_serialization_listener.h:354]:DDSSubSerializationListener: embosa state is shutdown, topic: singorix/wbcs/error
[2026-09-29 15:06:20.085 thread:1581758 info dds_sub_serialization_listener.h:354]:DDSSubSerializationListener: embosa state is shutdown, topic: /odom/base_link
[2026-09-29 15:06:20.089 thread:1581758 info dds_sub_serialization_listener.h:354]:DDSSubSerializationListener: embosa state is shutdown, topic: singorix/wbcs/sensor
[2026-09-29 15:06:20.090 thread:1581758 info dds_sub_serialization_listener.h:354]:DDSSubSerializationListener: embosa state is shutdown, topic: singorix/wbcs/error
[2026-09-29 15:06:20.095 thread:1581758 info dds_sub_serialization_listener.h:354]:DDSSubSerializationListener: embosa state is shutdown, topic: /odom/base_link
[2026-09-29 15:06:20.098 thread:1581758 info dds_sub_serialization_listener.h:354]:DDSSubSerializationListener: embosa state is shutdown, topic: singorix/wbcs/sensor
[2026-09-29 15:06:20.100 thread:1581758 info dds_sub_serialization_listener.h:354]:DDSSubSerializationListener: embosa state is shutdown, topic: singorix/wbcs/wbc_info
[2026-09-29 15:06:20.105 thread:1581758 info dds_sub_serialization_listener.h:354]:DDSSubSerializationListener: embosa state is shutdown, topic: /odom/base_link
[2026-09-29 15:06:20.105 thread:1581758 info dds_sub_serialization_listener.h:354]:DDSSubSerializationListener: embosa state is shutdown, topic: singorix/wbcs/error
[2026-09-29 15:06:20.106 thread:1581758 info dds_sub_serialization_listener.h:354]:DDSSubSerializationListener: embosa state is shutdown, topic: singorix/wbcs/sensor
[2026-09-29 15:06:20.108 thread:1581758 info dds_sub_serialization_listener.h:354]:DDSSubSerializationListener: embosa state is shutdown, topic: singorix/wbcs/error
[2026-09-29 15:06:20.114 thread:1581758 info dds_sub_serialization_listener.h:354]:DDSSubSerializationListener: embosa state is shutdown, topic: singorix/wbcs/sensor
[2026-09-29 15:06:20.114 thread:1581758 info dds_sub_serialization_listener.h:354]:DDSSubSerializationListener: embosa state is shutdown, topic: /odom/base_link
[2026-09-29 15:06:20.114 thread:1581758 info dds_sub_serialization_listener.h:354]:DDSSubSerializationListener: embosa state is shutdown, topic: singorix/wbcs/wbc_info
[2026-09-29 15:06:20.115 thread:1581758 info dds_sub_serialization_listener.h:354]:DDSSubSerializationListener: embosa state is shutdown, topic: singorix/wbcs/error
[2026-09-29 15:06:20.121 thread:1581758 info dds_sub_serialization_listener.h:354]:DDSSubSerializationListener: embosa state is shutdown, topic: singorix/wbcs/sensor
[2026-09-29 15:06:20.121 thread:1581758 info dds_sub_serialization_listener.h:354]:DDSSubSerializationListener: embosa state is shutdown, topic: singorix/wbcs/error
[2026-09-29 15:06:20.125 thread:1581758 info dds_sub_serialization_listener.h:354]:DDSSubSerializationListener: embosa state is shutdown, topic: /odom/base_link
[2026-09-29 15:06:20.130 thread:1581758 info dds_sub_serialization_listener.h:354]:DDSSubSerializationListener: embosa state is shutdown, topic: singorix/wbcs/sensor
[2026-09-29 15:06:20.131 thread:1581758 info dds_sub_serialization_listener.h:354]:DDSSubSerializationListener: embosa state is shutdown, topic: singorix/wbcs/wbc_info
[2026-09-29 15:06:20.131 thread:1581758 info dds_sub_serialization_listener.h:354]:DDSSubSerializationListener: embosa state is shutdown, topic: singorix/wbcs/error
[2026-09-29 15:06:20.134 thread:1581758 info dds_sub_serialization_listener.h:354]:DDSSubSerializationListener: embosa state is shutdown, topic: /odom/base_link
[2026-09-29 15:06:20.138 thread:1581758 info dds_sub_serialization_listener.h:354]:DDSSubSerializationListener: embosa state is shutdown, topic: singorix/wbcs/sensor
[2026-09-29 15:06:20.138 thread:1581758 info dds_sub_serialization_listener.h:354]:DDSSubSerializationListener: embosa state is shutdown, topic: singorix/wbcs/error
[2026-09-29 15:06:20.144 thread:1581758 info dds_sub_serialization_listener.h:354]:DDSSubSerializationListener: embosa state is shutdown, topic: /odom/base_link
[2026-09-29 15:06:20.145 thread:1581758 info dds_sub_serialization_listener.h:354]:DDSSubSerializationListener: embosa state is shutdown, topic: singorix/wbcs/sensor
[2026-09-29 15:06:20.146 thread:1581758 info dds_sub_serialization_listener.h:354]:DDSSubSerializationListener: embosa state is shutdown, topic: singorix/wbcs/wbc_info
[2026-09-29 15:06:20.146 thread:1581758 info dds_sub_serialization_listener.h:354]:DDSSubSerializationListener: embosa state is shutdown, topic: singorix/wbcs/error
[2026-09-29 15:06:20.155 thread:1581758 info dds_sub_serialization_listener.h:354]:DDSSubSerializationListener: embosa state is shutdown, topic: singorix/wbcs/sensor
[2026-09-29 15:06:20.155 thread:1581758 info dds_sub_serialization_listener.h:354]:DDSSubSerializationListener: embosa state is shutdown, topic: singorix/wbcs/error
[2026-09-29 15:06:20.155 thread:1581758 info dds_sub_serialization_listener.h:354]:DDSSubSerializationListener: embosa state is shutdown, topic: /odom/base_link
[2026-09-29 15:06:20.163 thread:1581758 info dds_sub_serialization_listener.h:354]:DDSSubSerializationListener: embosa state is shutdown, topic: singorix/wbcs/sensor
[2026-09-29 15:06:20.163 thread:1581758 info dds_sub_serialization_listener.h:354]:DDSSubSerializationListener: embosa state is shutdown, topic: singorix/wbcs/wbc_info
[2026-09-29 15:06:20.164 thread:1581758 info dds_sub_serialization_listener.h:354]:DDSSubSerializationListener: embosa state is shutdown, topic: singorix/wbcs/error
[2026-09-29 15:06:20.164 thread:1581758 info dds_sub_serialization_listener.h:354]:DDSSubSerializationListener: embosa state is shutdown, topic: /odom/base_link
[2026-09-29 15:06:20.170 thread:1581758 info dds_sub_serialization_listener.h:354]:DDSSubSerializationListener: embosa state is shutdown, topic: singorix/wbcs/sensor
[2026-09-29 15:06:20.170 thread:1581758 info dds_sub_serialization_listener.h:354]:DDSSubSerializationListener: embosa state is shutdown, topic: singorix/wbcs/error
[2026-09-29 15:06:20.175 thread:1581758 info dds_sub_serialization_listener.h:354]:DDSSubSerializationListener: embosa state is shutdown, topic: /odom/base_link
[2026-09-29 15:06:20.183 thread:1581758 info dds_sub_serialization_listener.h:354]:DDSSubSerializationListener: embosa state is shutdown, topic: singorix/wbcs/sensor
[2026-09-29 15:06:20.184 thread:1581758 info dds_sub_serialization_listener.h:354]:DDSSubSerializationListener: embosa state is shutdown, topic: /odom/base_link
[2026-09-29 15:06:20.185 thread:1581758 info dds_sub_serialization_listener.h:354]:DDSSubSerializationListener: embosa state is shutdown, topic: singorix/wbcs/wbc_info
[2026-09-29 15:06:20.186 thread:1581758 info dds_sub_serialization_listener.h:354]:DDSSubSerializationListener: embosa state is shutdown, topic: singorix/wbcs/error
[2026-09-29 15:06:20.187 thread:1581758 info dds_sub_serialization_listener.h:354]:DDSSubSerializationListener: embosa state is shutdown, topic: singorix/wbcs/sensor
[2026-09-29 15:06:20.187 thread:1581758 info dds_sub_serialization_listener.h:354]:DDSSubSerializationListener: embosa state is shutdown, topic: singorix/wbcs/error
[2026-09-29 15:06:20.194 thread:1581758 info dds_sub_serialization_listener.h:354]:DDSSubSerializationListener: embosa state is shutdown, topic: /odom/base_link
[2026-09-29 15:06:20.195 thread:1581758 info dds_sub_serialization_listener.h:354]:DDSSubSerializationListener: embosa state is shutdown, topic: singorix/wbcs/sensor
[2026-09-29 15:06:20.196 thread:1581758 info dds_sub_serialization_listener.h:354]:DDSSubSerializationListener: embosa state is shutdown, topic: singorix/wbcs/wbc_info
[2026-09-29 15:06:20.196 thread:1581758 info dds_sub_serialization_listener.h:354]:DDSSubSerializationListener: embosa state is shutdown, topic: singorix/wbcs/error
[2026-09-29 15:06:20.201 thread:1581758 info dds_sub_serialization_listener.h:354]:DDSSubSerializationListener: embosa state is shutdown, topic: singorix/wbcs/sensor
[2026-09-29 15:06:20.201 thread:1581758 info dds_sub_serialization_listener.h:354]:DDSSubSerializationListener: embosa state is shutdown, topic: singorix/wbcs/error
[2026-09-29 15:06:20.204 thread:1581758 info dds_sub_serialization_listener.h:354]:DDSSubSerializationListener: embosa state is shutdown, topic: /odom/base_link
[2026-09-29 15:06:20.209 thread:1581758 info dds_sub_serialization_listener.h:354]:DDSSubSerializationListener: embosa state is shutdown, topic: singorix/wbcs/sensor
[2026-09-29 15:06:20.211 thread:1581758 info dds_sub_serialization_listener.h:354]:DDSSubSerializationListener: embosa state is shutdown, topic: singorix/wbcs/wbc_info
[2026-09-29 15:06:20.211 thread:1581758 info dds_sub_serialization_listener.h:354]:DDSSubSerializationListener: embosa state is shutdown, topic: singorix/wbcs/error
[2026-09-29 15:06:20.214 thread:1581758 info dds_sub_serialization_listener.h:354]:DDSSubSerializationListener: embosa state is shutdown, topic: /odom/base_link
[2026-09-29 15:06:20.218 thread:1581758 info dds_sub_listener.cc:248]:DDSSubListener: embosa state is shutdown, topic: bms
[2026-09-29 15:06:20.219 thread:1581758 info dds_sub_serialization_listener.h:354]:DDSSubSerializationListener: embosa state is shutdown, topic: singorix/wbcs/sensor
[2026-09-29 15:06:20.219 thread:1581758 info dds_sub_serialization_listener.h:354]:DDSSubSerializationListener: embosa state is shutdown, topic: singorix/wbcs/error
[2026-09-29 15:06:20.225 thread:1581758 info dds_sub_serialization_listener.h:354]:DDSSubSerializationListener: embosa state is shutdown, topic: singorix/wbcs/sensor
[2026-09-29 15:06:20.225 thread:1581758 info dds_sub_serialization_listener.h:354]:DDSSubSerializationListener: embosa state is shutdown, topic: /odom/base_link
[2026-09-29 15:06:20.229 thread:1581758 info dds_sub_serialization_listener.h:354]:DDSSubSerializationListener: embosa state is shutdown, topic: singorix/wbcs/wbc_info
[2026-09-29 15:06:20.230 thread:1581758 info dds_sub_serialization_listener.h:354]:DDSSubSerializationListener: embosa state is shutdown, topic: singorix/wbcs/error
[2026-09-29 15:06:20.234 thread:1581758 info dds_sub_serialization_listener.h:354]:DDSSubSerializationListener: embosa state is shutdown, topic: singorix/wbcs/sensor
[2026-09-29 15:06:20.235 thread:1581758 info dds_sub_serialization_listener.h:354]:DDSSubSerializationListener: embosa state is shutdown, topic: /odom/base_link
[2026-09-29 15:06:20.237 thread:1581758 info dds_sub_serialization_listener.h:354]:DDSSubSerializationListener: embosa state is shutdown, topic: singorix/wbcs/error
[2026-09-29 15:06:20.241 thread:1581758 info dds_sub_serialization_listener.h:354]:DDSSubSerializationListener: embosa state is shutdown, topic: singorix/wbcs/sensor
[2026-09-29 15:06:20.243 thread:1581758 info dds_sub_serialization_listener.h:354]:DDSSubSerializationListener: embosa state is shutdown, topic: singorix/wbcs/wbc_info
[2026-09-29 15:06:20.243 thread:1581758 info dds_sub_serialization_listener.h:354]:DDSSubSerializationListener: embosa state is shutdown, topic: singorix/wbcs/error
[2026-09-29 15:06:20.245 thread:1581758 info dds_sub_serialization_listener.h:354]:DDSSubSerializationListener: embosa state is shutdown, topic: /odom/base_link
[2026-09-29 15:06:20.249 thread:1581758 info dds_sub_serialization_listener.h:354]:DDSSubSerializationListener: embosa state is shutdown, topic: singorix/wbcs/sensor
[2026-09-29 15:06:20.250 thread:1581758 info dds_sub_serialization_listener.h:354]:DDSSubSerializationListener: embosa state is shutdown, topic: singorix/wbcs/error
[2026-09-29 15:06:20.254 thread:1581758 info dds_sub_serialization_listener.h:354]:DDSSubSerializationListener: embosa state is shutdown, topic: /odom/base_link
[2026-09-29 15:06:20.257 thread:1581758 info dds_sub_serialization_listener.h:354]:DDSSubSerializationListener: embosa state is shutdown, topic: singorix/wbcs/sensor
[2026-09-29 15:06:20.259 thread:1581758 info dds_sub_serialization_listener.h:354]:DDSSubSerializationListener: embosa state is shutdown, topic: singorix/wbcs/wbc_info
[2026-09-29 15:06:20.259 thread:1581758 info dds_sub_serialization_listener.h:354]:DDSSubSerializationListener: embosa state is shutdown, topic: singorix/wbcs/error
[2026-09-29 15:06:20.266 thread:1581758 info dds_sub_serialization_listener.h:354]:DDSSubSerializationListener: embosa state is shutdown, topic: /odom/base_link
[2026-09-29 15:06:20.267 thread:1581758 info dds_sub_serialization_listener.h:354]:DDSSubSerializationListener: embosa state is shutdown, topic: singorix/wbcs/sensor
[2026-09-29 15:06:20.267 thread:1581758 info dds_sub_serialization_listener.h:354]:DDSSubSerializationListener: embosa state is shutdown, topic: singorix/wbcs/error
[2026-09-29 15:06:20.275 thread:1581758 info dds_sub_serialization_listener.h:354]:DDSSubSerializationListener: embosa state is shutdown, topic: singorix/wbcs/sensor
[2026-09-29 15:06:20.276 thread:1581758 info dds_sub_serialization_listener.h:354]:DDSSubSerializationListener: embosa state is shutdown, topic: /odom/base_link
[2026-09-29 15:06:20.279 thread:1581758 info dds_sub_serialization_listener.h:354]:DDSSubSerializationListener: embosa state is shutdown, topic: singorix/wbcs/wbc_info
[2026-09-29 15:06:20.279 thread:1581758 info dds_sub_serialization_listener.h:354]:DDSSubSerializationListener: embosa state is shutdown, topic: singorix/wbcs/error
[2026-09-29 15:06:20.281 thread:1581758 info dds_sub_serialization_listener.h:354]:DDSSubSerializationListener: embosa state is shutdown, topic: singorix/wbcs/sensor
[2026-09-29 15:06:20.281 thread:1581758 info dds_sub_serialization_listener.h:354]:DDSSubSerializationListener: embosa state is shutdown, topic: singorix/wbcs/error
[2026-09-29 15:06:20.284 thread:1581758 info dds_sub_serialization_listener.h:354]:DDSSubSerializationListener: embosa state is shutdown, topic: /odom/base_link
[2026-09-29 15:06:20.289 thread:1581758 info dds_sub_serialization_listener.h:354]:DDSSubSerializationListener: embosa state is shutdown, topic: singorix/wbcs/sensor
[2026-09-29 15:06:20.290 thread:1581758 info dds_sub_serialization_listener.h:354]:DDSSubSerializationListener: embosa state is shutdown, topic: singorix/wbcs/wbc_info
[2026-09-29 15:06:20.290 thread:1581758 info dds_sub_serialization_listener.h:354]:DDSSubSerializationListener: embosa state is shutdown, topic: singorix/wbcs/error
[2026-09-29 15:06:20.294 thread:1581758 info dds_sub_serialization_listener.h:354]:DDSSubSerializationListener: embosa state is shutdown, topic: /odom/base_link
[2026-09-29 15:06:20.302 thread:1581758 info dds_sub_serialization_listener.h:354]:DDSSubSerializationListener: embosa state is shutdown, topic: singorix/wbcs/sensor
[2026-09-29 15:06:20.304 thread:1581758 info dds_sub_serialization_listener.h:354]:DDSSubSerializationListener: embosa state is shutdown, topic: singorix/wbcs/error
[2026-09-29 15:06:20.304 thread:1581758 info dds_sub_serialization_listener.h:354]:DDSSubSerializationListener: embosa state is shutdown, topic: /odom/base_link
[2026-09-29 15:06:20.305 thread:1581758 info dds_sub_serialization_listener.h:354]:DDSSubSerializationListener: embosa state is shutdown, topic: singorix/wbcs/sensor
[2026-09-29 15:06:20.306 thread:1581758 info dds_sub_serialization_listener.h:354]:DDSSubSerializationListener: embosa state is shutdown, topic: singorix/wbcs/wbc_info
[2026-09-29 15:06:20.306 thread:1581758 info dds_sub_serialization_listener.h:354]:DDSSubSerializationListener: embosa state is shutdown, topic: singorix/wbcs/error
[2026-09-29 15:06:20.313 thread:1581758 info dds_sub_serialization_listener.h:354]:DDSSubSerializationListener: embosa state is shutdown, topic: singorix/wbcs/sensor
[2026-09-29 15:06:20.314 thread:1581758 info dds_sub_serialization_listener.h:354]:DDSSubSerializationListener: embosa state is shutdown, topic: /odom/base_link
[2026-09-29 15:06:20.314 thread:1581758 info dds_sub_serialization_listener.h:354]:DDSSubSerializationListener: embosa state is shutdown, topic: singorix/wbcs/error
[2026-09-29 15:06:20.322 thread:1581758 info dds_sub_serialization_listener.h:354]:DDSSubSerializationListener: embosa state is shutdown, topic: singorix/wbcs/sensor
[2026-09-29 15:06:20.324 thread:1581758 info dds_sub_serialization_listener.h:354]:DDSSubSerializationListener: embosa state is shutdown, topic: singorix/wbcs/wbc_info
[2026-09-29 15:06:20.324 thread:1581758 info dds_sub_serialization_listener.h:354]:DDSSubSerializationListener: embosa state is shutdown, topic: /odom/base_link
[2026-09-29 15:06:20.325 thread:1581758 info dds_sub_serialization_listener.h:354]:DDSSubSerializationListener: embosa state is shutdown, topic: singorix/wbcs/error
[2026-09-29 15:06:20.329 thread:1581758 info dds_sub_serialization_listener.h:354]:DDSSubSerializationListener: embosa state is shutdown, topic: singorix/wbcs/sensor
[2026-09-29 15:06:20.330 thread:1581758 info dds_sub_serialization_listener.h:354]:DDSSubSerializationListener: embosa state is shutdown, topic: singorix/wbcs/error
[2026-09-29 15:06:20.334 thread:1581758 info dds_sub_serialization_listener.h:354]:DDSSubSerializationListener: embosa state is shutdown, topic: /odom/base_link
[2026-09-29 15:06:20.338 thread:1581758 info dds_sub_serialization_listener.h:354]:DDSSubSerializationListener: embosa state is shutdown, topic: singorix/wbcs/sensor
[2026-09-29 15:06:20.339 thread:1581758 info dds_sub_serialization_listener.h:354]:DDSSubSerializationListener: embosa state is shutdown, topic: singorix/wbcs/wbc_info
[2026-09-29 15:06:20.339 thread:1581758 info dds_sub_serialization_listener.h:354]:DDSSubSerializationListener: embosa state is shutdown, topic: singorix/wbcs/error
[2026-09-29 15:06:20.344 thread:1581758 info dds_sub_serialization_listener.h:354]:DDSSubSerializationListener: embosa state is shutdown, topic: /odom/base_link
[2026-09-29 15:06:20.345 thread:1581758 info dds_sub_serialization_listener.h:354]:DDSSubSerializationListener: embosa state is shutdown, topic: singorix/wbcs/sensor
[2026-09-29 15:06:20.345 thread:1581758 info dds_sub_serialization_listener.h:354]:DDSSubSerializationListener: embosa state is shutdown, topic: singorix/wbcs/error
[2026-09-29 15:06:20.354 thread:1581758 info dds_sub_serialization_listener.h:354]:DDSSubSerializationListener: embosa state is shutdown, topic: /odom/base_link
[2026-09-29 15:06:20.354 thread:1581758 info dds_sub_serialization_listener.h:354]:DDSSubSerializationListener: embosa state is shutdown, topic: singorix/wbcs/sensor
[2026-09-29 15:06:20.356 thread:1581758 info dds_sub_serialization_listener.h:354]:DDSSubSerializationListener: embosa state is shutdown, topic: singorix/wbcs/wbc_info
[2026-09-29 15:06:20.356 thread:1581758 info dds_sub_serialization_listener.h:354]:DDSSubSerializationListener: embosa state is shutdown, topic: singorix/wbcs/error
[2026-09-29 15:06:20.361 thread:1581758 info dds_sub_serialization_listener.h:354]:DDSSubSerializationListener: embosa state is shutdown, topic: singorix/wbcs/sensor
[2026-09-29 15:06:20.362 thread:1581758 info dds_sub_serialization_listener.h:354]:DDSSubSerializationListener: embosa state is shutdown, topic: singorix/wbcs/error
[2026-09-29 15:06:20.364 thread:1581758 info dds_sub_serialization_listener.h:354]:DDSSubSerializationListener: embosa state is shutdown, topic: /odom/base_link
[2026-09-29 15:06:20.369 thread:1581758 info dds_sub_serialization_listener.h:354]:DDSSubSerializationListener: embosa state is shutdown, topic: singorix/wbcs/sensor
[2026-09-29 15:06:20.370 thread:1581758 info dds_sub_serialization_listener.h:354]:DDSSubSerializationListener: embosa state is shutdown, topic: singorix/wbcs/wbc_info
[2026-09-29 15:06:20.370 thread:1581758 info dds_sub_serialization_listener.h:354]:DDSSubSerializationListener: embosa state is shutdown, topic: singorix/wbcs/error
[2026-09-29 15:06:20.374 thread:1581758 info dds_sub_serialization_listener.h:354]:DDSSubSerializationListener: embosa state is shutdown, topic: /odom/base_link
[2026-09-29 15:06:20.377 thread:1581758 info dds_sub_serialization_listener.h:354]:DDSSubSerializationListener: embosa state is shutdown, topic: singorix/wbcs/sensor
[2026-09-29 15:06:20.377 thread:1581758 info dds_sub_serialization_listener.h:354]:DDSSubSerializationListener: embosa state is shutdown, topic: singorix/wbcs/error
[2026-09-29 15:06:20.384 thread:1581758 info dds_sub_serialization_listener.h:354]:DDSSubSerializationListener: embosa state is shutdown, topic: /odom/base_link
[2026-09-29 15:06:20.386 thread:1581758 info dds_sub_serialization_listener.h:354]:DDSSubSerializationListener: embosa state is shutdown, topic: singorix/wbcs/sensor
[2026-09-29 15:06:20.387 thread:1581758 info dds_sub_serialization_listener.h:354]:DDSSubSerializationListener: embosa state is shutdown, topic: singorix/wbcs/wbc_info
[2026-09-29 15:06:20.387 thread:1581758 info dds_sub_serialization_listener.h:354]:DDSSubSerializationListener: embosa state is shutdown, topic: singorix/wbcs/error
[2026-09-29 15:06:20.394 thread:1581758 info dds_sub_serialization_listener.h:354]:DDSSubSerializationListener: embosa state is shutdown, topic: singorix/wbcs/sensor
[2026-09-29 15:06:20.394 thread:1581758 info dds_sub_serialization_listener.h:354]:DDSSubSerializationListener: embosa state is shutdown, topic: /odom/base_link
[2026-09-29 15:06:20.395 thread:1581758 info dds_sub_serialization_listener.h:354]:DDSSubSerializationListener: embosa state is shutdown, topic: singorix/wbcs/error
[2026-09-29 15:06:20.401 thread:1581758 info dds_sub_serialization_listener.h:354]:DDSSubSerializationListener: embosa state is shutdown, topic: singorix/wbcs/sensor
[2026-09-29 15:06:20.402 thread:1581758 info dds_sub_serialization_listener.h:354]:DDSSubSerializationListener: embosa state is shutdown, topic: singorix/wbcs/wbc_info
[2026-09-29 15:06:20.403 thread:1581758 info dds_sub_serialization_listener.h:354]:DDSSubSerializationListener: embosa state is shutdown, topic: singorix/wbcs/error
[2026-09-29 15:06:20.404 thread:1581758 info dds_sub_serialization_listener.h:354]:DDSSubSerializationListener: embosa state is shutdown, topic: /odom/base_link
[2026-09-29 15:06:20.409 thread:1581758 info dds_sub_serialization_listener.h:354]:DDSSubSerializationListener: embosa state is shutdown, topic: singorix/wbcs/sensor
[2026-09-29 15:06:20.409 thread:1581758 info dds_sub_serialization_listener.h:354]:DDSSubSerializationListener: embosa state is shutdown, topic: singorix/wbcs/error
[2026-09-29 15:06:20.415 thread:1581758 info dds_sub_serialization_listener.h:354]:DDSSubSerializationListener: embosa state is shutdown, topic: /odom/base_link
[2026-09-29 15:06:20.417 thread:1581758 info dds_sub_serialization_listener.h:354]:DDSSubSerializationListener: embosa state is shutdown, topic: singorix/wbcs/sensor
[2026-09-29 15:06:20.418 thread:1581758 info dds_sub_serialization_listener.h:354]:DDSSubSerializationListener: embosa state is shutdown, topic: singorix/wbcs/wbc_info
[2026-09-29 15:06:20.418 thread:1581758 info dds_sub_serialization_listener.h:354]:DDSSubSerializationListener: embosa state is shutdown, topic: singorix/wbcs/error
[2026-09-29 15:06:20.423 thread:1581758 info dds_sub_serialization_listener.h:354]:DDSSubSerializationListener: embosa state is shutdown, topic: /odom/base_link
[2026-09-29 15:06:20.426 thread:1581758 info dds_sub_serialization_listener.h:354]:DDSSubSerializationListener: embosa state is shutdown, topic: singorix/wbcs/sensor
[2026-09-29 15:06:20.426 thread:1581758 info dds_sub_serialization_listener.h:354]:DDSSubSerializationListener: embosa state is shutdown, topic: singorix/wbcs/error
[2026-09-29 15:06:20.434 thread:1581758 info dds_sub_serialization_listener.h:354]:DDSSubSerializationListener: embosa state is shutdown, topic: singorix/wbcs/sensor
[2026-09-29 15:06:20.435 thread:1581758 info dds_sub_serialization_listener.h:354]:DDSSubSerializationListener: embosa state is shutdown, topic: /odom/base_link
[2026-09-29 15:06:20.435 thread:1581758 info dds_sub_serialization_listener.h:354]:DDSSubSerializationListener: embosa state is shutdown, topic: singorix/wbcs/wbc_info
[2026-09-29 15:06:20.436 thread:1581758 info dds_sub_serialization_listener.h:354]:DDSSubSerializationListener: embosa state is shutdown, topic: singorix/wbcs/error
[2026-09-29 15:06:20.441 thread:1581758 info dds_sub_serialization_listener.h:354]:DDSSubSerializationListener: embosa state is shutdown, topic: /galbot/mission_manager/onboard_config
[2026-09-29 15:06:20.444 thread:1581758 info dds_sub_serialization_listener.h:354]:DDSSubSerializationListener: embosa state is shutdown, topic: /odom/base_link
[2026-09-29 15:06:20.445 thread:1581758 info dds_sub_serialization_listener.h:354]:DDSSubSerializationListener: embosa state is shutdown, topic: singorix/wbcs/sensor
[2026-09-29 15:06:20.446 thread:1581758 info dds_sub_serialization_listener.h:354]:DDSSubSerializationListener: embosa state is shutdown, topic: singorix/wbcs/error
[2026-09-29 15:06:20.449 thread:1581758 info dds_sub_serialization_listener.h:354]:DDSSubSerializationListener: embosa state is shutdown, topic: singorix/wbcs/sensor
[2026-09-29 15:06:20.450 thread:1581758 info dds_sub_serialization_listener.h:354]:DDSSubSerializationListener: embosa state is shutdown, topic: singorix/wbcs/wbc_info
[2026-09-29 15:06:20.450 thread:1581758 info dds_sub_serialization_listener.h:354]:DDSSubSerializationListener: embosa state is shutdown, topic: singorix/wbcs/error
[2026-09-29 15:06:20.455 thread:1581758 info dds_sub_serialization_listener.h:354]:DDSSubSerializationListener: embosa state is shutdown, topic: /odom/base_link
[2026-09-29 15:06:20.457 thread:1581758 info dds_sub_serialization_listener.h:354]:DDSSubSerializationListener: embosa state is shutdown, topic: singorix/wbcs/sensor
[2026-09-29 15:06:20.457 thread:1581758 info dds_sub_serialization_listener.h:354]:DDSSubSerializationListener: embosa state is shutdown, topic: singorix/wbcs/error
[2026-09-29 15:06:20.464 thread:1581758 info dds_sub_serialization_listener.h:354]:DDSSubSerializationListener: embosa state is shutdown, topic: /odom/base_link
[2026-09-29 15:06:20.465 thread:1581758 info dds_sub_serialization_listener.h:354]:DDSSubSerializationListener: embosa state is shutdown, topic: singorix/wbcs/sensor
[2026-09-29 15:06:20.466 thread:1581758 info dds_sub_serialization_listener.h:354]:DDSSubSerializationListener: embosa state is shutdown, topic: singorix/wbcs/wbc_info
[2026-09-29 15:06:20.466 thread:1581758 info dds_sub_serialization_listener.h:354]:DDSSubSerializationListener: embosa state is shutdown, topic: singorix/wbcs/error
[2026-09-29 15:06:20.474 thread:1581758 info dds_sub_serialization_listener.h:354]:DDSSubSerializationListener: embosa state is shutdown, topic: singorix/wbcs/sensor
[2026-09-29 15:06:20.474 thread:1581758 info dds_sub_serialization_listener.h:354]:DDSSubSerializationListener: embosa state is shutdown, topic: /odom/base_link
[2026-09-29 15:06:20.474 thread:1581758 info dds_sub_serialization_listener.h:354]:DDSSubSerializationListener: embosa state is shutdown, topic: singorix/wbcs/error
[2026-09-29 15:06:20.481 thread:1581758 info dds_sub_serialization_listener.h:354]:DDSSubSerializationListener: embosa state is shutdown, topic: singorix/wbcs/sensor
[2026-09-29 15:06:20.482 thread:1581758 info dds_sub_serialization_listener.h:354]:DDSSubSerializationListener: embosa state is shutdown, topic: singorix/wbcs/wbc_info
[2026-09-29 15:06:20.483 thread:1581758 info dds_sub_serialization_listener.h:354]:DDSSubSerializationListener: embosa state is shutdown, topic: singorix/wbcs/error
[2026-09-29 15:06:20.484 thread:1581758 info dds_sub_serialization_listener.h:354]:DDSSubSerializationListener: embosa state is shutdown, topic: /odom/base_link
[2026-09-29 15:06:20.489 thread:1581758 info dds_sub_serialization_listener.h:354]:DDSSubSerializationListener: embosa state is shutdown, topic: singorix/wbcs/sensor
[2026-09-29 15:06:20.489 thread:1581758 info dds_sub_serialization_listener.h:354]:DDSSubSerializationListener: embosa state is shutdown, topic: singorix/wbcs/error
[2026-09-29 15:06:20.494 thread:1581758 info dds_sub_serialization_listener.h:354]:DDSSubSerializationListener: embosa state is shutdown, topic: /odom/base_link
[2026-09-29 15:06:20.497 thread:1581758 info dds_sub_serialization_listener.h:354]:DDSSubSerializationListener: embosa state is shutdown, topic: singorix/wbcs/sensor
[2026-09-29 15:06:20.498 thread:1581758 info dds_sub_serialization_listener.h:354]:DDSSubSerializationListener: embosa state is shutdown, topic: singorix/wbcs/wbc_info
[2026-09-29 15:06:20.498 thread:1581758 info dds_sub_serialization_listener.h:354]:DDSSubSerializationListener: embosa state is shutdown, topic: singorix/wbcs/error
[2026-09-29 15:06:20.504 thread:1581758 info dds_sub_serialization_listener.h:354]:DDSSubSerializationListener: embosa state is shutdown, topic: /odom/base_link
[2026-09-29 15:06:20.505 thread:1581758 info dds_sub_serialization_listener.h:354]:DDSSubSerializationListener: embosa state is shutdown, topic: singorix/wbcs/sensor
[2026-09-29 15:06:20.506 thread:1581758 info dds_sub_serialization_listener.h:354]:DDSSubSerializationListener: embosa state is shutdown, topic: singorix/wbcs/error
[2026-09-29 15:06:20.514 thread:1581758 info dds_sub_serialization_listener.h:354]:DDSSubSerializationListener: embosa state is shutdown, topic: singorix/wbcs/sensor
[2026-09-29 15:06:20.514 thread:1581758 info dds_sub_serialization_listener.h:354]:DDSSubSerializationListener: embosa state is shutdown, topic: /odom/base_link
[2026-09-29 15:06:20.515 thread:1581758 info dds_sub_serialization_listener.h:354]:DDSSubSerializationListener: embosa state is shutdown, topic: singorix/wbcs/wbc_info
[2026-09-29 15:06:20.516 thread:1581758 info dds_sub_serialization_listener.h:354]:DDSSubSerializationListener: embosa state is shutdown, topic: singorix/wbcs/error
[2026-09-29 15:06:20.521 thread:1581730 info init.cc:228]:Embosa exit.
[2026-09-29 15:06:20.521 thread:1581730 info dds_node_factory.cpp:49]:Clearing all writers from writer_map_
[2026-09-29 15:06:20.521 thread:1581758 info dds_sub_serialization_listener.h:354]:DDSSubSerializationListener: embosa state is shutdown, topic: singorix/wbcs/sensor
[2026-09-29 15:06:20.521 thread:1581758 info dds_sub_serialization_listener.h:354]:DDSSubSerializationListener: embosa state is shutdown, topic: singorix/wbcs/error
[2026-09-29 15:06:20.522 thread:1581730 info dds_node_factory.cpp:1179]:DeleteWriterUnlock: Writer and associated resources successfully removed
[2026-09-29 15:06:20.525 thread:1581758 info dds_sub_serialization_listener.h:354]:DDSSubSerializationListener: embosa state is shutdown, topic: /odom/base_link
[2026-09-29 15:06:20.530 thread:1581758 info dds_sub_serialization_listener.h:354]:DDSSubSerializationListener: embosa state is shutdown, topic: singorix/wbcs/sensor
[2026-09-29 15:06:20.530 thread:1581730 info dds_node_factory.cpp:1179]:DeleteWriterUnlock: Writer and associated resources successfully removed
[2026-09-29 15:06:20.530 thread:1581758 info dds_sub_serialization_listener.h:354]:DDSSubSerializationListener: embosa state is shutdown, topic: singorix/wbcs/wbc_info
[2026-09-29 15:06:20.531 thread:1581758 info dds_sub_serialization_listener.h:354]:DDSSubSerializationListener: embosa state is shutdown, topic: singorix/wbcs/error
[2026-09-29 15:06:20.531 thread:1581730 info dds_node_factory.cpp:1179]:DeleteWriterUnlock: Writer and associated resources successfully removed
[2026-09-29 15:06:20.532 thread:1581730 info dds_sub_serialization_listener.h:565]:DDSSubSerializationListener: embosa state is shutdown, topic: embosa_service_change_broadcast
[2026-09-29 15:06:20.532 thread:1581730 info dds_node_factory.cpp:1179]:DeleteWriterUnlock: Writer and associated resources successfully removed
[2026-09-29 15:06:20.533 thread:1581730 info dds_sub_serialization_listener.h:565]:DDSSubSerializationListener: embosa state is shutdown, topic: embosa_channel_change_broadcast
[2026-09-29 15:06:20.533 thread:1581730 info dds_node_factory.cpp:1179]:DeleteWriterUnlock: Writer and associated resources successfully removed
[2026-09-29 15:06:20.534 thread:1581758 info dds_sub_serialization_listener.h:354]:DDSSubSerializationListener: embosa state is shutdown, topic: /odom/base_link
[2026-09-29 15:06:20.538 thread:1581758 info dds_sub_serialization_listener.h:354]:DDSSubSerializationListener: embosa state is shutdown, topic: singorix/wbcs/sensor
[2026-09-29 15:06:20.539 thread:1581758 info dds_sub_serialization_listener.h:354]:DDSSubSerializationListener: embosa state is shutdown, topic: singorix/wbcs/error
[2026-09-29 15:06:20.541 thread:1581730 info dds_node_factory.cpp:1179]:DeleteWriterUnlock: Writer and associated resources successfully removed
[2026-09-29 15:06:20.544 thread:1581758 info dds_sub_serialization_listener.h:354]:DDSSubSerializationListener: embosa state is shutdown, topic: /odom/base_link
[2026-09-29 15:06:20.544 thread:1581730 info dds_sub_serialization_listener.h:565]:DDSSubSerializationListener: embosa state is shutdown, topic: embosa_node_change_broadcast
[2026-09-29 15:06:20.545 thread:1581730 info dds_node_factory.cpp:1179]:DeleteWriterUnlock: Writer and associated resources successfully removed
[2026-09-29 15:06:20.545 thread:1581730 info dds_node_factory.cpp:75]:All writers cleared successfully
[2026-09-29 15:06:20.545 thread:1581730 info dds_node_factory.cpp:81]:Clearing all readers from reader_map_
[2026-09-29 15:06:20.546 thread:1581730 info dds_node_factory.cpp:1322]:DeleteReaderUnlock: Reader and associated resources successfully removed
[2026-09-29 15:06:20.547 thread:1581730 info dds_node_factory.cpp:1322]:DeleteReaderUnlock: Reader and associated resources successfully removed
[2026-09-29 15:06:20.549 thread:1581730 info dds_node_factory.cpp:1322]:DeleteReaderUnlock: Reader and associated resources successfully removed
[2026-09-29 15:06:20.551 thread:1581730 info dds_node_factory.cpp:1322]:DeleteReaderUnlock: Reader and associated resources successfully removed
[2026-09-29 15:06:20.553 thread:1581730 info dds_node_factory.cpp:1322]:DeleteReaderUnlock: Reader and associated resources successfully removed
[2026-09-29 15:06:20.554 thread:1581730 info dds_node_factory.cpp:1322]:DeleteReaderUnlock: Reader and associated resources successfully removed
[2026-09-29 15:06:20.555 thread:1581758 info dds_sub_serialization_listener.h:354]:DDSSubSerializationListener: embosa state is shutdown, topic: /odom/base_link
[2026-09-29 15:06:20.555 thread:1581730 info dds_node_factory.cpp:1322]:DeleteReaderUnlock: Reader and associated resources successfully removed
[2026-09-29 15:06:20.557 thread:1581730 info dds_node_factory.cpp:1322]:DeleteReaderUnlock: Reader and associated resources successfully removed
[2026-09-29 15:06:20.559 thread:1581730 info dds_node_factory.cpp:1322]:DeleteReaderUnlock: Reader and associated resources successfully removed
[2026-09-29 15:06:20.560 thread:1581730 info dds_node_factory.cpp:1322]:DeleteReaderUnlock: Reader and associated resources successfully removed
[2026-09-29 15:06:20.562 thread:1581730 info dds_node_factory.cpp:1322]:DeleteReaderUnlock: Reader and associated resources successfully removed
[2026-09-29 15:06:20.563 thread:1581730 info dds_node_factory.cpp:1322]:DeleteReaderUnlock: Reader and associated resources successfully removed
[2026-09-29 15:06:20.564 thread:1581730 info dds_node_factory.cpp:1322]:DeleteReaderUnlock: Reader and associated resources successfully removed
[2026-09-29 15:06:20.565 thread:1581758 info dds_sub_serialization_listener.h:354]:DDSSubSerializationListener: embosa state is shutdown, topic: /odom/base_link
[2026-09-29 15:06:20.567 thread:1581730 info dds_node_factory.cpp:1322]:DeleteReaderUnlock: Reader and associated resources successfully removed
[2026-09-29 15:06:20.568 thread:1581730 info dds_node_factory.cpp:1322]:DeleteReaderUnlock: Reader and associated resources successfully removed
[2026-09-29 15:06:20.569 thread:1581730 info dds_node_factory.cpp:1322]:DeleteReaderUnlock: Reader and associated resources successfully removed
[2026-09-29 15:06:20.571 thread:1581730 info dds_node_factory.cpp:1322]:DeleteReaderUnlock: Reader and associated resources successfully removed
[2026-09-29 15:06:20.572 thread:1581730 info dds_node_factory.cpp:1322]:DeleteReaderUnlock: Reader and associated resources successfully removed
[2026-09-29 15:06:20.575 thread:1581730 info dds_node_factory.cpp:1322]:DeleteReaderUnlock: Reader and associated resources successfully removed
[2026-09-29 15:06:20.575 thread:1581758 info dds_sub_serialization_listener.h:354]:DDSSubSerializationListener: embosa state is shutdown, topic: /odom/base_link
[2026-09-29 15:06:20.577 thread:1581730 info dds_node_factory.cpp:1322]:DeleteReaderUnlock: Reader and associated resources successfully removed
[2026-09-29 15:06:20.579 thread:1581730 info dds_node_factory.cpp:1322]:DeleteReaderUnlock: Reader and associated resources successfully removed
[2026-09-29 15:06:20.580 thread:1581730 info dds_node_factory.cpp:1322]:DeleteReaderUnlock: Reader and associated resources successfully removed
[2026-09-29 15:06:20.580 thread:1581730 info dds_node_factory.cpp:107]:All readers cleared successfully
[2026-09-29 15:06:20.591 thread:1581730 info threadpool.cpp:99]:threadpool release
