[2026-09-29 16:19:53.926 thread:93428 info init.cc:218]:EmbOSA runtime version: V9.1.2
[2026-09-29 16:19:53.926 thread:93428 info init.h:15]:EmbOSA build version: V9.1.2
[2026-09-29 16:19:53.927 thread:93428 info dds_participant.cc:138]:set participant discovery callback.
[2026-09-29 16:19:53.927 thread:93428 info dds_participant.cc:163]:Local Interface IPs:
[2026-09-29 16:19:53.927 thread:93428 info dds_participant.cc:165]:192.168.100.88
[2026-09-29 16:19:53.927 thread:93428 info dds_participant.cc:168]:Peer List IPs:
[2026-09-29 16:19:53.927 thread:93428 info dds_participant.cc:170]:192.168.100.66
[2026-09-29 16:19:53.953 thread:93473 info topology_manager.cc:150]:discovery participant name:galbot-echo+90174_embosa_0
[2026-09-29 16:19:53.955 thread:93473 info topology_manager.cc:150]:discovery participant name:galbot-echo+3801_embosa_0
[2026-09-29 16:19:53.956 thread:93428 info dds_node_factory.cpp:344]:Successfully created DataWriter for topic: embosa_node_change_broadcast
[2026-09-29 16:19:53.956 thread:93428 info threadpool.cpp:20]:hardware concurrency count: 12
[2026-09-29 16:19:53.957 thread:93428 info dds_node_factory.cpp:420]:Topic already exists: embosa_node_change_broadcast
[2026-09-29 16:19:53.958 thread:93428 info dds_pub_listener.cc:19]:DDSPubListener matched. topic: embosa_node_change_broadcast, total match count: 1, current match count: 1
[2026-09-29 16:19:53.958 thread:93428 info dds_sub_serialization_listener.h:573]:DDSSubSerializationListener matched. topic: embosa_node_change_broadcast, total match count: 1, current match count: 1
[2026-09-29 16:19:53.959 thread:93428 info dds_node_factory.cpp:526]:Successfully created DataReader for topic: embosa_node_change_broadcast
[2026-09-29 16:19:53.961 thread:93473 info topology_manager.cc:150]:discovery participant name:galbot-echo+89961_embosa_0
[2026-09-29 16:19:53.962 thread:93473 info topology_manager.cc:150]:discovery participant name:galbot-echo+89901_embosa_0
[2026-09-29 16:19:53.962 thread:93428 info dds_node_factory.cpp:344]:Successfully created DataWriter for topic: embosa_channel_change_broadcast
[2026-09-29 16:19:53.963 thread:93428 info dds_node_factory.cpp:420]:Topic already exists: embosa_channel_change_broadcast
[2026-09-29 16:19:53.969 thread:93428 info dds_pub_listener.cc:19]:DDSPubListener matched. topic: embosa_channel_change_broadcast, total match count: 1, current match count: 1
[2026-09-29 16:19:53.969 thread:93428 info dds_sub_serialization_listener.h:573]:DDSSubSerializationListener matched. topic: embosa_channel_change_broadcast, total match count: 1, current match count: 1
[2026-09-29 16:19:53.969 thread:93428 info dds_node_factory.cpp:526]:Successfully created DataReader for topic: embosa_channel_change_broadcast
[2026-09-29 16:19:53.969 thread:93474 info topology_manager.cc:150]:discovery participant name:galbot-xcu+3618_embosa_0
[2026-09-29 16:19:53.971 thread:93428 info dds_node_factory.cpp:344]:Successfully created DataWriter for topic: embosa_service_change_broadcast
[2026-09-29 16:19:53.971 thread:93428 info dds_node_factory.cpp:420]:Topic already exists: embosa_service_change_broadcast
[2026-09-29 16:19:53.973 thread:93428 info dds_pub_listener.cc:19]:DDSPubListener matched. topic: embosa_service_change_broadcast, total match count: 1, current match count: 1
[2026-09-29 16:19:53.973 thread:93428 info dds_sub_serialization_listener.h:573]:DDSSubSerializationListener matched. topic: embosa_service_change_broadcast, total match count: 1, current match count: 1
[2026-09-29 16:19:53.973 thread:93474 info topology_manager.cc:150]:discovery participant name:galbot-xcu+3614_embosa_0
[2026-09-29 16:19:53.973 thread:93428 info dds_node_factory.cpp:526]:Successfully created DataReader for topic: embosa_service_change_broadcast
[2026-09-29 16:19:53.973 thread:93428 info init.h:15]:EmbOSA build version: V9.1.2
[2026-09-29 16:19:53.975 thread:93474 info topology_manager.cc:150]:discovery participant name:galbot-xcu+3924_embosa_0
[2026-09-29 16:19:53.977 thread:93428 info dds_node_factory.cpp:526]:Successfully created DataReader for topic: /embosa_tf
[2026-09-29 16:19:53.978 thread:93473 info topology_manager.cc:150]:discovery participant name:galbot-echo+90168_embosa_0
[2026-09-29 16:19:53.981 thread:93474 info topology_manager.cc:150]:discovery participant name:galbot-xcu+3616_embosa_0
[2026-09-29 16:19:53.983 thread:93474 info topology_manager.cc:150]:discovery participant name:galbot-xcu+4492_embosa_0
[2026-09-29 16:19:53.987 thread:93474 info topology_manager.cc:150]:discovery participant name:galbot-xcu+3617_embosa_0
[2026-09-29 16:19:53.989 thread:93474 info topology_manager.cc:150]:discovery participant name:galbot-xcu+3615_embosa_0
[2026-09-29 16:19:53.992 thread:93428 info dds_node_factory.cpp:526]:Successfully created DataReader for topic: /embosa_tf_static
[2026-09-29 16:19:53.993 thread:93473 info topology_manager.cc:150]:discovery participant name:galbot-echo+89964_embosa_0
[2026-09-29 16:19:53.997 thread:93474 info topology_manager.cc:150]:discovery participant name:galbot-xcu+3620_embosa_0
[2026-09-29 16:19:54.000 thread:93474 info topology_manager.cc:150]:discovery participant name:galbot-xcu+3517_embosa_0
[2026-09-29 16:19:54.002 thread:93428 info dds_node_factory.cpp:526]:Successfully created DataReader for topic: /galbot/mission_manager/onboard_config
[2026-09-29 16:19:54.002 thread:93474 info topology_manager.cc:150]:discovery participant name:galbot-xcu+3622_embosa_0
[2026-09-29 16:19:54.004 thread:93474 info topology_manager.cc:150]:discovery participant name:galbot-xcu+3619_embosa_0
[2026-09-29 16:19:54.006 thread:93428 info dds_node_factory.cpp:526]:Successfully created DataReader for topic: bms
[2026-09-29 16:19:54.006 thread:93428 info init.h:15]:EmbOSA build version: V9.1.2
[2026-09-29 16:19:54.007 thread:93474 info dds_pub_listener.cc:19]:DDSPubListener matched. topic: embosa_node_change_broadcast, total match count: 2, current match count: 2
[2026-09-29 16:19:54.007 thread:93474 info dds_pub_listener.cc:19]:DDSPubListener matched. topic: embosa_channel_change_broadcast, total match count: 2, current match count: 2
[2026-09-29 16:19:54.007 thread:93474 info dds_pub_listener.cc:19]:DDSPubListener matched. topic: embosa_service_change_broadcast, total match count: 2, current match count: 2
[2026-09-29 16:19:54.007 thread:93474 info dds_sub_serialization_listener.h:573]:DDSSubSerializationListener matched. topic: embosa_node_change_broadcast, total match count: 2, current match count: 2
[2026-09-29 16:19:54.007 thread:93474 info dds_sub_serialization_listener.h:573]:DDSSubSerializationListener matched. topic: embosa_channel_change_broadcast, total match count: 2, current match count: 2
[2026-09-29 16:19:54.007 thread:93474 info dds_sub_serialization_listener.h:573]:DDSSubSerializationListener matched. topic: embosa_service_change_broadcast, total match count: 2, current match count: 2
[2026-09-29 16:19:54.007 thread:93474 info dds_sub_listener.cc:511]:DDSSubListener matched. topic: bms, total match count: 1, current match count: 1
[2026-09-29 16:19:54.007 thread:93473 info topology_manager.cc:150]:discovery participant name:galbot-echo+89968_embosa_0
[2026-09-29 16:19:54.011 thread:93428 info dds_node_factory.cpp:344]:Successfully created DataWriter for topic: singorix/wbcs/target
[2026-09-29 16:19:54.012 thread:93473 info topology_manager.cc:150]:discovery participant name:galbot-echo+90167_embosa_0
[2026-09-29 16:19:54.015 thread:93473 info topology_manager.cc:150]:discovery participant name:galbot-echo+90184_embosa_0
[2026-09-29 16:19:54.015 thread:93428 info dds_participant.cc:99]:transport no support. Use default transport: DEFAULT_UDP_SHM_TRANSPORT.
[2026-09-29 16:19:54.033 thread:93473 info topology_manager.cc:150]:discovery participant name:galbot-echo+90169_embosa_0
[2026-09-29 16:19:54.041 thread:93473 info topology_manager.cc:150]:discovery participant name:galbot-echo+90176_embosa_0
[2026-09-29 16:19:54.044 thread:93428 info dds_node_factory.cpp:344]:Successfully created DataWriter for topic: singorix/wbcs/target_server__RPC__REQUEST
[2026-09-29 16:19:54.045 thread:93428 info dds_participant.cc:99]:transport no support. Use default transport: DEFAULT_UDP_SHM_TRANSPORT.
[2026-09-29 16:19:54.045 thread:93474 info topology_manager.cc:150]:discovery participant name:galbot-xcu+3951_embosa_0
[2026-09-29 16:19:54.062 thread:93474 info dds_sub_serialization_listener.h:573]:DDSSubSerializationListener matched. topic: embosa_node_change_broadcast, total match count: 3, current match count: 3
[2026-09-29 16:19:54.065 thread:93474 info dds_sub_serialization_listener.h:573]:DDSSubSerializationListener matched. topic: embosa_channel_change_broadcast, total match count: 3, current match count: 3
[2026-09-29 16:19:54.065 thread:93474 info dds_sub_serialization_listener.h:573]:DDSSubSerializationListener matched. topic: embosa_service_change_broadcast, total match count: 3, current match count: 3
[2026-09-29 16:19:54.067 thread:93428 info dds_node_factory.cpp:526]:Successfully created DataReader for topic: singorix/wbcs/target_server__RPC__RESPONSE
[2026-09-29 16:19:54.069 thread:93473 info topology_manager.cc:150]:discovery participant name:galbot-echo+90181_embosa_0
[2026-09-29 16:19:54.071 thread:93473 info topology_manager.cc:150]:discovery participant name:galbot-echo+90175_embosa_0
[2026-09-29 16:19:54.073 thread:93474 info dds_pub_listener.cc:19]:DDSPubListener matched. topic: embosa_node_change_broadcast, total match count: 3, current match count: 3
[2026-09-29 16:19:54.073 thread:93474 info dds_pub_listener.cc:19]:DDSPubListener matched. topic: embosa_channel_change_broadcast, total match count: 3, current match count: 3
[2026-09-29 16:19:54.073 thread:93474 info dds_pub_listener.cc:19]:DDSPubListener matched. topic: embosa_service_change_broadcast, total match count: 3, current match count: 3
[2026-09-29 16:19:54.073 thread:93474 info dds_sub_serialization_listener.h:573]:DDSSubSerializationListener matched. topic: embosa_node_change_broadcast, total match count: 4, current match count: 4
[2026-09-29 16:19:54.073 thread:93474 info dds_sub_serialization_listener.h:573]:DDSSubSerializationListener matched. topic: embosa_channel_change_broadcast, total match count: 4, current match count: 4
[2026-09-29 16:19:54.073 thread:93474 info dds_sub_serialization_listener.h:573]:DDSSubSerializationListener matched. topic: embosa_service_change_broadcast, total match count: 4, current match count: 4
[2026-09-29 16:19:54.074 thread:93428 info dds_participant.cc:99]:transport no support. Use default transport: DEFAULT_UDP_SHM_TRANSPORT.
[2026-09-29 16:19:54.084 thread:93474 info dds_pub_listener.cc:19]:DDSPubListener matched. topic: embosa_node_change_broadcast, total match count: 4, current match count: 4
[2026-09-29 16:19:54.084 thread:93474 info dds_pub_listener.cc:19]:DDSPubListener matched. topic: embosa_channel_change_broadcast, total match count: 4, current match count: 4
[2026-09-29 16:19:54.084 thread:93474 info dds_pub_listener.cc:19]:DDSPubListener matched. topic: embosa_service_change_broadcast, total match count: 4, current match count: 4
[2026-09-29 16:19:54.086 thread:93473 info topology_manager.cc:150]:discovery participant name:galbot-echo+90172_embosa_0
[2026-09-29 16:19:54.090 thread:93473 info topology_manager.cc:150]:discovery participant name:galbot-echo+90170_embosa_0
[2026-09-29 16:19:54.093 thread:93473 info topology_manager.cc:150]:discovery participant name:galbot-echo+90166_embosa_0
[2026-09-29 16:19:54.098 thread:93473 info topology_manager.cc:150]:discovery participant name:galbot-echo+90165_embosa_0
[2026-09-29 16:19:54.107 thread:93473 info topology_manager.cc:150]:discovery participant name:galbot-echo+90764_embosa_0
[2026-09-29 16:19:54.111 thread:93428 info dds_node_factory.cpp:344]:Successfully created DataWriter for topic: singorix/wbcs/controller_server__RPC__REQUEST
[2026-09-29 16:19:54.111 thread:93428 info dds_participant.cc:99]:transport no support. Use default transport: DEFAULT_UDP_SHM_TRANSPORT.
[2026-09-29 16:19:54.114 thread:93473 info topology_manager.cc:150]:discovery participant name:galbot-echo+90171_embosa_0
[2026-09-29 16:19:54.127 thread:93473 info dds_sub_serialization_listener.h:573]:DDSSubSerializationListener matched. topic: embosa_node_change_broadcast, total match count: 5, current match count: 5
[2026-09-29 16:19:54.127 thread:93473 info dds_sub_serialization_listener.h:573]:DDSSubSerializationListener matched. topic: embosa_channel_change_broadcast, total match count: 5, current match count: 5
[2026-09-29 16:19:54.128 thread:93473 info dds_sub_serialization_listener.h:573]:DDSSubSerializationListener matched. topic: embosa_service_change_broadcast, total match count: 5, current match count: 5
[2026-09-29 16:19:54.128 thread:93469 warning RTPS_READER:237]:DDS Reader 01.0f.5c.69.f4.6c.96.ab.00.00.00.00|0.0.8.4 was configured to have a large history (5000 max samples), but the history size used with writer 01.0f.5c.69.37.60.c7.6e.00.00.00.00|0.0.7.3 will be 5 max samples.
[2026-09-29 16:19:54.128 thread:93473 info dds_sub_serialization_listener.h:573]:DDSSubSerializationListener matched. topic: /embosa_tf_static, total match count: 1, current match count: 1
[2026-09-29 16:19:54.128 thread:93493 warning dds_sub_serialization_listener.h:520]:DDSSubSerializationListener: data used time 920 ms, over sub threshold 50 ms, topic: /embosa_tf_static, index: 33
[2026-09-29 16:19:54.130 thread:93473 info dds_sub_serialization_listener.h:573]:DDSSubSerializationListener matched. topic: embosa_node_change_broadcast, total match count: 6, current match count: 6
[2026-09-29 16:19:54.134 thread:93469 warning RTPS_TRANSPORT_SHM:117]:DDS Buffer is being invalidated, segment_size may be insufficient
[2026-09-29 16:19:54.135 thread:93473 info dds_pub_listener.cc:19]:DDSPubListener matched. topic: embosa_node_change_broadcast, total match count: 5, current match count: 5
[2026-09-29 16:19:54.136 thread:93473 info dds_sub_serialization_listener.h:573]:DDSSubSerializationListener matched. topic: embosa_channel_change_broadcast, total match count: 6, current match count: 6
[2026-09-29 16:19:54.136 thread:93473 info dds_pub_listener.cc:19]:DDSPubListener matched. topic: embosa_channel_change_broadcast, total match count: 5, current match count: 5
[2026-09-29 16:19:54.137 thread:93473 info dds_pub_listener.cc:19]:DDSPubListener matched. topic: embosa_service_change_broadcast, total match count: 5, current match count: 5
[2026-09-29 16:19:54.137 thread:93474 info dds_pub_listener.cc:19]:DDSPubListener matched. topic: embosa_node_change_broadcast, total match count: 6, current match count: 6
[2026-09-29 16:19:54.137 thread:93474 info dds_pub_listener.cc:19]:DDSPubListener matched. topic: embosa_channel_change_broadcast, total match count: 6, current match count: 6
[2026-09-29 16:19:54.137 thread:93474 info dds_pub_listener.cc:19]:DDSPubListener matched. topic: embosa_service_change_broadcast, total match count: 6, current match count: 6
[2026-09-29 16:19:54.138 thread:93473 info dds_sub_serialization_listener.h:573]:DDSSubSerializationListener matched. topic: embosa_service_change_broadcast, total match count: 6, current match count: 6
[2026-09-29 16:19:54.138 thread:93473 info dds_sub_serialization_listener.h:573]:DDSSubSerializationListener matched. topic: embosa_node_change_broadcast, total match count: 7, current match count: 7
[2026-09-29 16:19:54.138 thread:93473 info dds_sub_serialization_listener.h:573]:DDSSubSerializationListener matched. topic: embosa_channel_change_broadcast, total match count: 7, current match count: 7
[2026-09-29 16:19:54.138 thread:93473 info dds_sub_serialization_listener.h:573]:DDSSubSerializationListener matched. topic: embosa_service_change_broadcast, total match count: 7, current match count: 7
[2026-09-29 16:19:54.139 thread:93473 info dds_pub_listener.cc:19]:DDSPubListener matched. topic: embosa_node_change_broadcast, total match count: 7, current match count: 7
[2026-09-29 16:19:54.139 thread:93473 info dds_pub_listener.cc:19]:DDSPubListener matched. topic: embosa_channel_change_broadcast, total match count: 7, current match count: 7
[2026-09-29 16:19:54.139 thread:93473 info dds_pub_listener.cc:19]:DDSPubListener matched. topic: embosa_node_change_broadcast, total match count: 8, current match count: 8
[2026-09-29 16:19:54.146 thread:93473 info dds_pub_listener.cc:19]:DDSPubListener matched. topic: embosa_service_change_broadcast, total match count: 7, current match count: 7
[2026-09-29 16:19:54.147 thread:93473 info dds_pub_listener.cc:19]:DDSPubListener matched. topic: embosa_channel_change_broadcast, total match count: 8, current match count: 8
[2026-09-29 16:19:54.147 thread:93473 info dds_pub_listener.cc:19]:DDSPubListener matched. topic: embosa_service_change_broadcast, total match count: 8, current match count: 8
[2026-09-29 16:19:54.159 thread:93473 info dds_pub_listener.cc:19]:DDSPubListener matched. topic: embosa_node_change_broadcast, total match count: 9, current match count: 9
[2026-09-29 16:19:54.162 thread:93473 info dds_pub_listener.cc:19]:DDSPubListener matched. topic: embosa_channel_change_broadcast, total match count: 9, current match count: 9
[2026-09-29 16:19:54.164 thread:93473 info dds_sub_serialization_listener.h:573]:DDSSubSerializationListener matched. topic: embosa_node_change_broadcast, total match count: 8, current match count: 8
[2026-09-29 16:19:54.165 thread:93473 info dds_pub_listener.cc:19]:DDSPubListener matched. topic: embosa_service_change_broadcast, total match count: 9, current match count: 9
[2026-09-29 16:19:54.166 thread:93473 info dds_sub_serialization_listener.h:573]:DDSSubSerializationListener matched. topic: embosa_node_change_broadcast, total match count: 9, current match count: 9
[2026-09-29 16:19:54.169 thread:93428 info dds_node_factory.cpp:526]:Successfully created DataReader for topic: singorix/wbcs/controller_server__RPC__RESPONSE
[2026-09-29 16:19:54.170 thread:93473 info dds_sub_serialization_listener.h:573]:DDSSubSerializationListener matched. topic: embosa_channel_change_broadcast, total match count: 8, current match count: 8
[2026-09-29 16:19:54.171 thread:93473 info dds_pub_listener.cc:19]:DDSPubListener matched. topic: embosa_node_change_broadcast, total match count: 10, current match count: 10
[2026-09-29 16:19:54.175 thread:93474 info dds_pub_listener.cc:19]:DDSPubListener matched. topic: embosa_node_change_broadcast, total match count: 11, current match count: 11
[2026-09-29 16:19:54.177 thread:93474 info dds_pub_listener.cc:19]:DDSPubListener matched. topic: embosa_channel_change_broadcast, total match count: 10, current match count: 10
[2026-09-29 16:19:54.177 thread:93474 info dds_pub_listener.cc:19]:DDSPubListener matched. topic: embosa_service_change_broadcast, total match count: 10, current match count: 10
[2026-09-29 16:19:54.178 thread:93474 info dds_sub_serialization_listener.h:573]:DDSSubSerializationListener matched. topic: embosa_node_change_broadcast, total match count: 10, current match count: 10
[2026-09-29 16:19:54.178 thread:93474 info dds_sub_serialization_listener.h:573]:DDSSubSerializationListener matched. topic: embosa_channel_change_broadcast, total match count: 9, current match count: 9
[2026-09-29 16:19:54.178 thread:93474 info dds_sub_serialization_listener.h:573]:DDSSubSerializationListener matched. topic: embosa_service_change_broadcast, total match count: 8, current match count: 8
[2026-09-29 16:19:54.178 thread:93474 info dds_sub_serialization_listener.h:573]:DDSSubSerializationListener matched. topic: /galbot/mission_manager/onboard_config, total match count: 1, current match count: 1
[2026-09-29 16:19:54.182 thread:93473 info dds_pub_listener.cc:19]:DDSPubListener matched. topic: embosa_channel_change_broadcast, total match count: 11, current match count: 11
[2026-09-29 16:19:54.183 thread:93473 info dds_pub_listener.cc:19]:DDSPubListener matched. topic: embosa_service_change_broadcast, total match count: 11, current match count: 11
[2026-09-29 16:19:54.185 thread:93474 info dds_pub_listener.cc:19]:DDSPubListener matched. topic: embosa_node_change_broadcast, total match count: 12, current match count: 12
[2026-09-29 16:19:54.185 thread:93474 info dds_pub_listener.cc:19]:DDSPubListener matched. topic: embosa_channel_change_broadcast, total match count: 12, current match count: 12
[2026-09-29 16:19:54.186 thread:93474 info dds_pub_listener.cc:19]:DDSPubListener matched. topic: embosa_service_change_broadcast, total match count: 12, current match count: 12
[2026-09-29 16:19:54.188 thread:93473 info dds_sub_serialization_listener.h:573]:DDSSubSerializationListener matched. topic: embosa_channel_change_broadcast, total match count: 10, current match count: 10
[2026-09-29 16:19:54.190 thread:93473 info dds_sub_serialization_listener.h:573]:DDSSubSerializationListener matched. topic: embosa_service_change_broadcast, total match count: 9, current match count: 9
[2026-09-29 16:19:54.190 thread:93474 info dds_sub_serialization_listener.h:573]:DDSSubSerializationListener matched. topic: embosa_node_change_broadcast, total match count: 11, current match count: 11
[2026-09-29 16:19:54.190 thread:93474 info dds_sub_serialization_listener.h:573]:DDSSubSerializationListener matched. topic: embosa_channel_change_broadcast, total match count: 11, current match count: 11
[2026-09-29 16:19:54.191 thread:93474 info dds_sub_serialization_listener.h:573]:DDSSubSerializationListener matched. topic: embosa_service_change_broadcast, total match count: 10, current match count: 10
[2026-09-29 16:19:54.191 thread:93473 info dds_sub_serialization_listener.h:573]:DDSSubSerializationListener matched. topic: embosa_node_change_broadcast, total match count: 12, current match count: 12
[2026-09-29 16:19:54.192 thread:93474 info dds_sub_serialization_listener.h:573]:DDSSubSerializationListener matched. topic: embosa_node_change_broadcast, total match count: 13, current match count: 13
[2026-09-29 16:19:54.192 thread:93474 info dds_sub_serialization_listener.h:573]:DDSSubSerializationListener matched. topic: embosa_channel_change_broadcast, total match count: 12, current match count: 12
[2026-09-29 16:19:54.192 thread:93474 info dds_sub_serialization_listener.h:573]:DDSSubSerializationListener matched. topic: embosa_service_change_broadcast, total match count: 11, current match count: 11
[2026-09-29 16:19:54.192 thread:93473 info dds_sub_serialization_listener.h:573]:DDSSubSerializationListener matched. topic: embosa_channel_change_broadcast, total match count: 13, current match count: 13
[2026-09-29 16:19:54.192 thread:93473 info dds_sub_serialization_listener.h:573]:DDSSubSerializationListener matched. topic: embosa_node_change_broadcast, total match count: 14, current match count: 14
[2026-09-29 16:19:54.194 thread:93428 info dds_node_factory.cpp:526]:Successfully created DataReader for topic: singorix/wbcs/error
[2026-09-29 16:19:54.196 thread:93473 info dds_pub_listener.cc:19]:DDSPubListener matched. topic: embosa_node_change_broadcast, total match count: 13, current match count: 13
[2026-09-29 16:19:54.198 thread:93473 info dds_pub_listener.cc:19]:DDSPubListener matched. topic: embosa_node_change_broadcast, total match count: 14, current match count: 14
[2026-09-29 16:19:54.201 thread:93473 info dds_pub_listener.cc:19]:DDSPubListener matched. topic: embosa_channel_change_broadcast, total match count: 13, current match count: 13
[2026-09-29 16:19:54.206 thread:93473 info dds_pub_listener.cc:19]:DDSPubListener matched. topic: embosa_service_change_broadcast, total match count: 13, current match count: 13
[2026-09-29 16:19:54.208 thread:93473 info dds_pub_listener.cc:19]:DDSPubListener matched. topic: embosa_channel_change_broadcast, total match count: 14, current match count: 14
[2026-09-29 16:19:54.208 thread:93473 info dds_sub_serialization_listener.h:573]:DDSSubSerializationListener matched. topic: embosa_service_change_broadcast, total match count: 12, current match count: 12
[2026-09-29 16:19:54.209 thread:93428 info dds_node_factory.cpp:526]:Successfully created DataReader for topic: singorix/wbcs/wbc_info
[2026-09-29 16:19:54.220 thread:93473 info dds_pub_listener.cc:19]:DDSPubListener matched. topic: embosa_service_change_broadcast, total match count: 14, current match count: 14
[2026-09-29 16:19:54.221 thread:93473 info dds_sub_serialization_listener.h:573]:DDSSubSerializationListener matched. topic: embosa_channel_change_broadcast, total match count: 14, current match count: 14
[2026-09-29 16:19:54.221 thread:93473 info dds_sub_serialization_listener.h:573]:DDSSubSerializationListener matched. topic: embosa_service_change_broadcast, total match count: 13, current match count: 13
[2026-09-29 16:19:54.225 thread:93473 info dds_pub_listener.cc:19]:DDSPubListener matched. topic: embosa_node_change_broadcast, total match count: 15, current match count: 15
[2026-09-29 16:19:54.227 thread:93473 info dds_pub_listener.cc:19]:DDSPubListener matched. topic: embosa_channel_change_broadcast, total match count: 15, current match count: 15
[2026-09-29 16:19:54.227 thread:93473 info dds_pub_listener.cc:19]:DDSPubListener matched. topic: embosa_service_change_broadcast, total match count: 15, current match count: 15
[2026-09-29 16:19:54.227 thread:93473 info dds_sub_serialization_listener.h:573]:DDSSubSerializationListener matched. topic: embosa_node_change_broadcast, total match count: 15, current match count: 15
[2026-09-29 16:19:54.228 thread:93473 info dds_sub_serialization_listener.h:573]:DDSSubSerializationListener matched. topic: embosa_channel_change_broadcast, total match count: 15, current match count: 15
[2026-09-29 16:19:54.229 thread:93473 info dds_sub_serialization_listener.h:573]:DDSSubSerializationListener matched. topic: embosa_service_change_broadcast, total match count: 14, current match count: 14
[2026-09-29 16:19:54.233 thread:93473 info dds_pub_listener.cc:19]:DDSPubListener matched. topic: embosa_node_change_broadcast, total match count: 16, current match count: 16
[2026-09-29 16:19:54.233 thread:93473 info dds_pub_listener.cc:19]:DDSPubListener matched. topic: embosa_channel_change_broadcast, total match count: 16, current match count: 16
[2026-09-29 16:19:54.234 thread:93473 info dds_pub_listener.cc:19]:DDSPubListener matched. topic: embosa_service_change_broadcast, total match count: 16, current match count: 16
[2026-09-29 16:19:54.234 thread:93473 info dds_sub_serialization_listener.h:573]:DDSSubSerializationListener matched. topic: embosa_service_change_broadcast, total match count: 15, current match count: 15
[2026-09-29 16:19:54.234 thread:93473 info dds_sub_serialization_listener.h:573]:DDSSubSerializationListener matched. topic: /embosa_tf, total match count: 1, current match count: 1
[2026-09-29 16:19:54.234 thread:93473 info dds_sub_serialization_listener.h:573]:DDSSubSerializationListener matched. topic: /embosa_tf_static, total match count: 2, current match count: 2
[2026-09-29 16:19:54.235 thread:93469 warning RTPS_READER:237]:DDS Reader 01.0f.5c.69.f4.6c.96.ab.00.00.00.00|0.0.7.4 was configured to have a large history (5000 max samples), but the history size used with writer 01.0f.5c.69.38.60.cb.8e.00.00.00.00|0.0.8.3 will be 7 max samples.
[2026-09-29 16:19:54.235 thread:93469 warning RTPS_READER:237]:DDS Reader 01.0f.5c.69.f4.6c.96.ab.00.00.00.00|0.0.8.4 was configured to have a large history (5000 max samples), but the history size used with writer 01.0f.5c.69.38.60.cb.8e.00.00.00.00|0.0.9.3 will be 5 max samples.
[2026-09-29 16:19:54.236 thread:93474 info dds_sub_serialization_listener.h:573]:DDSSubSerializationListener matched. topic: embosa_node_change_broadcast, total match count: 16, current match count: 16
[2026-09-29 16:19:54.236 thread:93474 info dds_sub_serialization_listener.h:573]:DDSSubSerializationListener matched. topic: embosa_channel_change_broadcast, total match count: 16, current match count: 16
[2026-09-29 16:19:54.236 thread:93474 info dds_sub_serialization_listener.h:573]:DDSSubSerializationListener matched. topic: embosa_service_change_broadcast, total match count: 16, current match count: 16
[2026-09-29 16:19:54.236 thread:93474 info dds_sub_serialization_listener.h:573]:DDSSubSerializationListener matched. topic: singorix/wbcs/sensor, total match count: 1, current match count: 1
[2026-09-29 16:19:54.236 thread:93474 info dds_sub_serialization_listener.h:573]:DDSSubSerializationListener matched. topic: singorix/wbcs/error, total match count: 1, current match count: 1
[2026-09-29 16:19:54.236 thread:93474 info dds_sub_serialization_listener.h:573]:DDSSubSerializationListener matched. topic: singorix/wbcs/wbc_info, total match count: 1, current match count: 1
[2026-09-29 16:19:54.237 thread:93493 warning dds_sub_serialization_listener.h:520]:DDSSubSerializationListener: data used time 908 ms, over sub threshold 50 ms, topic: /embosa_tf_static, index: 33
[2026-09-29 16:19:54.237 thread:93428 info dds_node_factory.cpp:526]:Successfully created DataReader for topic: singorix/wbcs/sensor
[2026-09-29 16:19:54.238 thread:93469 warning RTPS_TRANSPORT_SHM:1182]:DDS (ID:281473030780752) Existing Port 23911 (c4a395d374cb9173) NOT Healthy.
[2026-09-29 16:19:54.238 thread:93469 warning RTPS_TRANSPORT_SHM:1187]:DDS (ID:281473030780752) Port 23911 (c4a395d374cb9173) Removed.
[2026-09-29 16:19:54.241 thread:93428 info dds_sub_serialization_listener.h:573]:DDSSubSerializationListener matched. topic: /odom/base_link, total match count: 1, current match count: 1
[2026-09-29 16:19:54.242 thread:93428 info dds_node_factory.cpp:526]:Successfully created DataReader for topic: /odom/base_link
[2026-09-29 16:19:54.248 thread:93474 info dds_client_sub_serialization_listener.h:383]:DDSClientSubSerializationListener matched. topic: singorix/wbcs/controller_server__RPC__RESPONSE, total match count: 1, current match count: 1
[2026-09-29 16:19:54.248 thread:93474 info dds_client_sub_serialization_listener.h:383]:DDSClientSubSerializationListener matched. topic: singorix/wbcs/target_server__RPC__RESPONSE, total match count: 1, current match count: 1
[2026-09-29 16:19:54.249 thread:93474 info dds_pub_listener.cc:19]:DDSPubListener matched. topic: embosa_node_change_broadcast, total match count: 17, current match count: 17
[2026-09-29 16:19:54.249 thread:93474 info dds_pub_listener.cc:19]:DDSPubListener matched. topic: embosa_channel_change_broadcast, total match count: 17, current match count: 17
[2026-09-29 16:19:54.249 thread:93474 info dds_pub_listener.cc:19]:DDSPubListener matched. topic: embosa_service_change_broadcast, total match count: 17, current match count: 17
[2026-09-29 16:19:54.272 thread:93474 info dds_client_pub_listener.cc:20]:DDSClientPubListener matched. topic: singorix/wbcs/controller_server__RPC__REQUEST, total match count: 1, current match count: 1
[2026-09-29 16:19:54.272 thread:93474 info dds_client_pub_listener.cc:20]:DDSClientPubListener matched. topic: singorix/wbcs/target_server__RPC__REQUEST, total match count: 1, current match count: 1
[2026-09-29 16:19:54.272 thread:93474 info dds_pub_listener.cc:19]:DDSPubListener matched. topic: singorix/wbcs/target, total match count: 1, current match count: 1
[2026-09-29 16:19:54.281 thread:93473 info dds_pub_listener.cc:19]:DDSPubListener matched. topic: embosa_node_change_broadcast, total match count: 18, current match count: 18
[2026-09-29 16:19:54.284 thread:93474 info dds_sub_serialization_listener.h:573]:DDSSubSerializationListener matched. topic: embosa_node_change_broadcast, total match count: 17, current match count: 17
[2026-09-29 16:19:54.284 thread:93474 info dds_sub_serialization_listener.h:573]:DDSSubSerializationListener matched. topic: embosa_channel_change_broadcast, total match count: 17, current match count: 17
[2026-09-29 16:19:54.284 thread:93474 info dds_sub_serialization_listener.h:573]:DDSSubSerializationListener matched. topic: embosa_service_change_broadcast, total match count: 17, current match count: 17
[2026-09-29 16:19:54.286 thread:93473 info dds_sub_serialization_listener.h:573]:DDSSubSerializationListener matched. topic: embosa_node_change_broadcast, total match count: 18, current match count: 18
[2026-09-29 16:19:54.288 thread:93469 warning RTPS_TRANSPORT_SHM:911]:DDS SHM Port 23911 failure: the port is marked as not ok!
[2026-09-29 16:19:54.288 thread:93469 warning RTPS_MSG_OUT:553]:DDS Port 23911 inconsistent. Port dropped
[2026-09-29 16:19:54.314 thread:93473 info dds_pub_listener.cc:19]:DDSPubListener matched. topic: embosa_channel_change_broadcast, total match count: 18, current match count: 18
[2026-09-29 16:19:54.315 thread:93473 info dds_pub_listener.cc:19]:DDSPubListener matched. topic: embosa_service_change_broadcast, total match count: 18, current match count: 18
[2026-09-29 16:19:54.327 thread:93473 info dds_sub_serialization_listener.h:573]:DDSSubSerializationListener matched. topic: embosa_channel_change_broadcast, total match count: 18, current match count: 18
[2026-09-29 16:19:54.332 thread:93473 info dds_sub_serialization_listener.h:573]:DDSSubSerializationListener matched. topic: embosa_service_change_broadcast, total match count: 18, current match count: 18
[2026-09-29 16:19:54.333 thread:93473 info dds_sub_serialization_listener.h:573]:DDSSubSerializationListener matched. topic: /embosa_tf, total match count: 2, current match count: 2
[2026-09-29 16:19:54.333 thread:93469 warning RTPS_READER:237]:DDS Reader 01.0f.5c.69.f4.6c.96.ab.00.00.00.00|0.0.7.4 was configured to have a large history (5000 max samples), but the history size used with writer 01.0f.5c.69.48.60.54.b8.00.00.00.00|0.0.a.3 will be 7 max samples.
[2026-09-29 16:19:54.344 thread:93428 info dds_serialization_dataclient.hpp:409]:Matched server, count: 1, topic: singorix/wbcs/target_server
[2026-09-29 16:19:54.346 thread:93474 info dds_sub_serialization_listener.h:573]:DDSSubSerializationListener matched. topic: embosa_node_change_broadcast, total match count: 19, current match count: 19
[2026-09-29 16:19:54.346 thread:93474 info dds_sub_serialization_listener.h:573]:DDSSubSerializationListener matched. topic: embosa_channel_change_broadcast, total match count: 19, current match count: 19
[2026-09-29 16:19:54.346 thread:93474 info dds_sub_serialization_listener.h:573]:DDSSubSerializationListener matched. topic: embosa_service_change_broadcast, total match count: 19, current match count: 19
[2026-09-29 16:19:54.346 thread:93474 info dds_pub_listener.cc:19]:DDSPubListener matched. topic: embosa_node_change_broadcast, total match count: 19, current match count: 19
[2026-09-29 16:19:54.346 thread:93474 info dds_pub_listener.cc:19]:DDSPubListener matched. topic: embosa_channel_change_broadcast, total match count: 19, current match count: 19
[2026-09-29 16:19:54.346 thread:93474 info dds_pub_listener.cc:19]:DDSPubListener matched. topic: embosa_service_change_broadcast, total match count: 19, current match count: 19
[2026-09-29 16:19:54.351 thread:93473 info dds_sub_serialization_listener.h:573]:DDSSubSerializationListener matched. topic: embosa_node_change_broadcast, total match count: 20, current match count: 20
[2026-09-29 16:19:54.354 thread:93473 info dds_sub_serialization_listener.h:573]:DDSSubSerializationListener matched. topic: embosa_channel_change_broadcast, total match count: 20, current match count: 20
[2026-09-29 16:19:54.356 thread:93473 info dds_sub_serialization_listener.h:573]:DDSSubSerializationListener matched. topic: embosa_service_change_broadcast, total match count: 20, current match count: 20
[2026-09-29 16:19:54.367 thread:93473 info dds_pub_listener.cc:19]:DDSPubListener matched. topic: embosa_node_change_broadcast, total match count: 20, current match count: 20
[2026-09-29 16:19:54.367 thread:93473 info dds_sub_serialization_listener.h:573]:DDSSubSerializationListener matched. topic: embosa_node_change_broadcast, total match count: 21, current match count: 21
[2026-09-29 16:19:54.370 thread:93473 info dds_sub_serialization_listener.h:573]:DDSSubSerializationListener matched. topic: embosa_channel_change_broadcast, total match count: 21, current match count: 21
[2026-09-29 16:19:54.371 thread:93473 info dds_sub_serialization_listener.h:573]:DDSSubSerializationListener matched. topic: embosa_service_change_broadcast, total match count: 21, current match count: 21
[2026-09-29 16:19:54.371 thread:93473 info dds_sub_serialization_listener.h:573]:DDSSubSerializationListener matched. topic: /embosa_tf, total match count: 3, current match count: 3
[2026-09-29 16:19:54.371 thread:93469 warning RTPS_READER:237]:DDS Reader 01.0f.5c.69.f4.6c.96.ab.00.00.00.00|0.0.7.4 was configured to have a large history (5000 max samples), but the history size used with writer 01.0f.5c.69.3f.60.25.50.00.00.00.00|0.0.a.3 will be 7 max samples.
[2026-09-29 16:19:54.385 thread:93473 info dds_pub_listener.cc:19]:DDSPubListener matched. topic: embosa_channel_change_broadcast, total match count: 20, current match count: 20
[2026-09-29 16:19:54.407 thread:93473 info dds_pub_listener.cc:19]:DDSPubListener matched. topic: embosa_service_change_broadcast, total match count: 20, current match count: 20
[2026-09-29 16:19:54.419 thread:93473 info dds_sub_serialization_listener.h:573]:DDSSubSerializationListener matched. topic: embosa_node_change_broadcast, total match count: 22, current match count: 22
[2026-09-29 16:19:54.424 thread:93473 info dds_sub_serialization_listener.h:573]:DDSSubSerializationListener matched. topic: embosa_channel_change_broadcast, total match count: 22, current match count: 22
[2026-09-29 16:19:54.432 thread:93474 info dds_sub_serialization_listener.h:573]:DDSSubSerializationListener matched. topic: embosa_node_change_broadcast, total match count: 23, current match count: 23
[2026-09-29 16:19:54.433 thread:93474 info dds_sub_serialization_listener.h:573]:DDSSubSerializationListener matched. topic: embosa_channel_change_broadcast, total match count: 23, current match count: 23
[2026-09-29 16:19:54.433 thread:93474 info dds_sub_serialization_listener.h:573]:DDSSubSerializationListener matched. topic: embosa_service_change_broadcast, total match count: 22, current match count: 22
[2026-09-29 16:19:54.437 thread:93473 info dds_sub_serialization_listener.h:573]:DDSSubSerializationListener matched. topic: embosa_service_change_broadcast, total match count: 23, current match count: 23
[2026-09-29 16:19:54.444 thread:93428 info dds_serialization_dataclient.hpp:409]:Matched server, count: 1, topic: singorix/wbcs/controller_server
[2026-09-29 16:19:54.455 thread:93489 error channel_manager.cc:380]:newly added reader(belongs to node[Sensor#0|swallows|90176])'s message type[N6galbot6embosa7MessageE] does not match the exsited writer(belongs to node[service_left_arm_camera_sensor_capture|left_arm_camera_capture|90184])'s message type[galbot.sensor_proto.CompressedImage].
[2026-09-29 16:19:54.460 thread:93484 error channel_manager.cc:380]:newly added reader(belongs to node[Sensor#0|swallows|90176])'s message type[N6galbot6embosa7MessageE] does not match the exsited writer(belongs to node[service_left_arm_camera_sensor_capture|left_arm_camera_capture|90184])'s message type[galbot.sensor_proto.CameraInfo].
[2026-09-29 16:19:54.466 thread:93473 info dds_sub_serialization_listener.h:573]:DDSSubSerializationListener matched. topic: /embosa_tf, total match count: 4, current match count: 4
[2026-09-29 16:19:54.467 thread:93469 warning RTPS_READER:237]:DDS Reader 01.0f.5c.69.f4.6c.96.ab.00.00.00.00|0.0.7.4 was configured to have a large history (5000 max samples), but the history size used with writer 01.0f.5c.69.39.60.39.87.00.00.00.00|0.0.c.3 will be 7 max samples.
[2026-09-29 16:19:54.475 thread:93474 info dds_sub_serialization_listener.h:573]:DDSSubSerializationListener matched. topic: /galbot/mission_manager/onboard_config, total match count: 2, current match count: 2
[2026-09-29 16:19:54.476 thread:93483 error channel_manager.cc:394]:newly added writer(belongs to node[service_right_arm_camera_sensor_capture|right_arm_camera_capture|90175])'s message type[galbot.sensor_proto.CompressedImage] does not match the exsited reader(belongs to node[Sensor#0|swallows|90176])'s message type[N6galbot6embosa7MessageE].
[2026-09-29 16:19:54.480 thread:93479 error channel_manager.cc:394]:newly added writer(belongs to node[service_right_arm_camera_sensor_capture|right_arm_camera_capture|90175])'s message type[galbot.sensor_proto.CameraInfo] does not match the exsited reader(belongs to node[Sensor#0|swallows|90176])'s message type[N6galbot6embosa7MessageE].
[2026-09-29 16:19:54.485 thread:93485 error channel_manager.cc:394]:newly added reader(belongs to node[Sensor#0|swallows|90176])'s message type[N6galbot6embosa7MessageE] does not match the exsited reader(belongs to node[aphropm_pns|service_navigation_plan|90172])'s message type[galbot.singorix_proto.SingoriXSensor].
[2026-09-29 16:19:54.485 thread:93485 error channel_manager.cc:394]:newly added reader(belongs to node[Sensor#0|swallows|90176])'s message type[N6galbot6embosa7MessageE] does not match the exsited reader(belongs to node[robot_state_publisher|robot_state_publish|90168])'s message type[galbot.singorix_proto.SingoriXSensor].
[2026-09-29 16:19:54.485 thread:93485 error channel_manager.cc:394]:newly added reader(belongs to node[Sensor#0|swallows|90176])'s message type[N6galbot6embosa7MessageE] does not match the exsited reader(belongs to node[wbc_sdk_node|python3.11|93428])'s message type[galbot.singorix_proto.SingoriXSensor].
[2026-09-29 16:19:54.490 thread:93490 error channel_manager.cc:394]:newly added reader(belongs to node[Sensor#0|swallows|90176])'s message type[N6galbot6embosa7MessageE] does not match the exsited reader(belongs to node[aphropm_pns|service_navigation_plan|90172])'s message type[galbot.singorix_proto.WBCInfo].
[2026-09-29 16:19:54.490 thread:93490 error channel_manager.cc:394]:newly added reader(belongs to node[Sensor#0|swallows|90176])'s message type[N6galbot6embosa7MessageE] does not match the exsited reader(belongs to node[wbc_sdk_node|python3.11|93428])'s message type[galbot.singorix_proto.WBCInfo].
[2026-09-29 16:19:54.493 thread:93484 error channel_manager.cc:394]:newly added reader(belongs to node[Sensor#0|swallows|90176])'s message type[N6galbot6embosa7MessageE] does not match the exsited reader(belongs to node[aphropm_pns|service_navigation_plan|90172])'s message type[galbot.singorix_proto.SingoriXError].
[2026-09-29 16:19:54.493 thread:93484 error channel_manager.cc:394]:newly added reader(belongs to node[Sensor#0|swallows|90176])'s message type[N6galbot6embosa7MessageE] does not match the exsited reader(belongs to node[wbc_sdk_node|python3.11|93428])'s message type[galbot.singorix_proto.SingoriXError].
[2026-09-29 16:19:54.505 thread:93474 info dds_pub_listener.cc:19]:DDSPubListener matched. topic: embosa_node_change_broadcast, total match count: 21, current match count: 21
[2026-09-29 16:19:54.505 thread:93474 info dds_pub_listener.cc:19]:DDSPubListener matched. topic: embosa_channel_change_broadcast, total match count: 21, current match count: 21
[2026-09-29 16:19:54.506 thread:93474 info dds_pub_listener.cc:19]:DDSPubListener matched. topic: embosa_service_change_broadcast, total match count: 21, current match count: 21
[2026-09-29 16:19:54.507 thread:93486 error channel_manager.cc:380]:newly added reader(belongs to node[Sensor#0|swallows|90176])'s message type[N6galbot6embosa7MessageE] does not match the exsited writer(belongs to node[service_right_arm_camera_sensor_capture|right_arm_camera_capture|90175])'s message type[galbot.tf2_proto.TF2Message].
[2026-09-29 16:19:54.507 thread:93486 error channel_manager.cc:380]:newly added reader(belongs to node[Sensor#0|swallows|90176])'s message type[N6galbot6embosa7MessageE] does not match the exsited writer(belongs to node[service_left_arm_camera_sensor_capture|left_arm_camera_capture|90184])'s message type[galbot.tf2_proto.TF2Message].
[2026-09-29 16:19:54.507 thread:93486 error channel_manager.cc:380]:newly added reader(belongs to node[Sensor#0|swallows|90176])'s message type[N6galbot6embosa7MessageE] does not match the exsited writer(belongs to node[robot_state_publisher|robot_state_publish|90168])'s message type[galbot.tf2_proto.TF2Message].
[2026-09-29 16:19:54.507 thread:93486 error channel_manager.cc:394]:newly added reader(belongs to node[Sensor#0|swallows|90176])'s message type[N6galbot6embosa7MessageE] does not match the exsited reader(belongs to node[relocalization_server|relocalization_server|90764])'s message type[galbot.tf2_proto.TF2Message].
[2026-09-29 16:19:54.507 thread:93486 error channel_manager.cc:394]:newly added reader(belongs to node[Sensor#0|swallows|90176])'s message type[N6galbot6embosa7MessageE] does not match the exsited reader(belongs to node[/galbot_perception|Perception_Algorithm_Service|90170])'s message type[galbot.tf2_proto.TF2Message].
[2026-09-29 16:19:54.507 thread:93486 error channel_manager.cc:394]:newly added reader(belongs to node[Sensor#0|swallows|90176])'s message type[N6galbot6embosa7MessageE] does not match the exsited reader(belongs to node[system_sdk_node|python3.11|93428])'s message type[galbot.tf2_proto.TF2Message].
[2026-09-29 16:19:54.516 thread:93479 error channel_manager.cc:380]:newly added reader(belongs to node[Sensor#0|swallows|90176])'s message type[N6galbot6embosa7MessageE] does not match the exsited writer(belongs to node[embosa_eyehand_calib_publish|eyehand_calib_publish|90167])'s message type[galbot.tf2_proto.TF2Message].
[2026-09-29 16:19:54.516 thread:93479 error channel_manager.cc:380]:newly added reader(belongs to node[Sensor#0|swallows|90176])'s message type[N6galbot6embosa7MessageE] does not match the exsited writer(belongs to node[robot_state_publisher|robot_state_publish|90168])'s message type[galbot.tf2_proto.TF2Message].
[2026-09-29 16:19:54.516 thread:93479 error channel_manager.cc:394]:newly added reader(belongs to node[Sensor#0|swallows|90176])'s message type[N6galbot6embosa7MessageE] does not match the exsited reader(belongs to node[relocalization_server|relocalization_server|90764])'s message type[galbot.tf2_proto.TF2Message].
[2026-09-29 16:19:54.516 thread:93479 error channel_manager.cc:394]:newly added reader(belongs to node[Sensor#0|swallows|90176])'s message type[N6galbot6embosa7MessageE] does not match the exsited reader(belongs to node[/galbot_perception|Perception_Algorithm_Service|90170])'s message type[galbot.tf2_proto.TF2Message].
[2026-09-29 16:19:54.516 thread:93479 error channel_manager.cc:394]:newly added reader(belongs to node[Sensor#0|swallows|90176])'s message type[N6galbot6embosa7MessageE] does not match the exsited reader(belongs to node[system_sdk_node|python3.11|93428])'s message type[galbot.tf2_proto.TF2Message].
[2026-09-29 16:19:54.531 thread:93487 error channel_manager.cc:394]:newly added reader(belongs to node[Sensor#0|swallows|90176])'s message type[N6galbot6embosa7MessageE] does not match the exsited reader(belongs to node[relocalization_server|relocalization_server|90764])'s message type[embosa_plain_message_type].
[2026-09-29 16:19:54.531 thread:93487 error channel_manager.cc:380]:newly added reader(belongs to node[Sensor#0|swallows|90176])'s message type[N6galbot6embosa7MessageE] does not match the exsited writer(belongs to node[/galbot_perception|Perception_Algorithm_Service|90170])'s message type[galbot.perception_proto.DetectionResult].
[2026-09-29 16:19:54.534 thread:93485 error channel_manager.cc:394]:newly added reader(belongs to node[Sensor#0|swallows|90176])'s message type[N6galbot6embosa7MessageE] does not match the exsited reader(belongs to node[aphropm_pns|service_navigation_plan|90172])'s message type[galbot.spatial_proto.PoseMsg].
[2026-09-29 16:19:54.534 thread:93473 info dds_sub_serialization_listener.h:573]:DDSSubSerializationListener matched. topic: embosa_node_change_broadcast, total match count: 24, current match count: 24
[2026-09-29 16:19:54.545 thread:93428 info init.h:15]:EmbOSA build version: V9.1.2
[2026-09-29 16:19:54.546 thread:93469 warning RTPS_TRANSPORT_SHM:1182]:DDS (ID:281472241996256) Existing Port 23911 (57937e6880f21228) NOT Healthy.
[2026-09-29 16:19:54.546 thread:93469 warning RTPS_TRANSPORT_SHM:1187]:DDS (ID:281472241996256) Port 23911 (57937e6880f21228) Removed.
[2026-09-29 16:19:54.546 thread:93469 warning RTPS_TRANSPORT_SHM:508]:DDS (ID:281472241996256) fastrtps_port23911No such file or directory
[2026-09-29 16:19:54.549 thread:93469 warning RTPS_TRANSPORT_SHM:1114]:DDS (ID:281472241996256) Port 23911 Couldn't find port_node 
[2026-09-29 16:19:54.549 thread:93469 warning RTPS_TRANSPORT_SHM:1119]:DDS (ID:281472241996256) Port 23911 Removed.
[2026-09-29 16:19:54.551 thread:93473 info dds_sub_serialization_listener.h:573]:DDSSubSerializationListener matched. topic: embosa_channel_change_broadcast, total match count: 24, current match count: 24
[2026-09-29 16:19:54.552 thread:93473 info dds_sub_serialization_listener.h:573]:DDSSubSerializationListener matched. topic: embosa_service_change_broadcast, total match count: 24, current match count: 24
[2026-09-29 16:19:54.559 thread:93428 info dds_sub_serialization_listener.h:573]:DDSSubSerializationListener matched. topic: /galbot/mic, total match count: 1, current match count: 1
[2026-09-29 16:19:54.559 thread:93428 info dds_node_factory.cpp:526]:Successfully created DataReader for topic: /galbot/mic
[2026-09-29 16:19:54.560 thread:93428 error channel_manager.cc:380]:newly added reader(belongs to node[audio_transceiver_node|python3.11|93428])'s message type[galbot.sensor_proto.Audio] does not match the exsited writer(belongs to node[vtn_mic_node|galbot_vtn|89968])'s message type[galbot.Audio].
[2026-09-29 16:19:54.560 thread:93484 error channel_manager.cc:394]:newly added writer(belongs to node[service_front_head_camera_sensor_capture|front_head_camera_capture|90169])'s message type[galbot.tf2_proto.TF2Message] does not match the exsited reader(belongs to node[Sensor#0|swallows|90176])'s message type[N6galbot6embosa7MessageE].
[2026-09-29 16:19:54.561 thread:93484 error channel_manager.cc:394]:newly added writer(belongs to node[service_front_head_camera_sensor_capture|front_head_camera_capture|90169])'s message type[galbot.sensor_proto.CompressedImage] does not match the exsited reader(belongs to node[Sensor#0|swallows|90176])'s message type[N6galbot6embosa7MessageE].
[2026-09-29 16:19:54.561 thread:93484 error channel_manager.cc:394]:newly added writer(belongs to node[service_front_head_camera_sensor_capture|front_head_camera_capture|90169])'s message type[galbot.sensor_proto.CompressedImage] does not match the exsited reader(belongs to node[Sensor#0|swallows|90176])'s message type[N6galbot6embosa7MessageE].
[2026-09-29 16:19:54.561 thread:93484 error channel_manager.cc:394]:newly added writer(belongs to node[service_front_head_camera_sensor_capture|front_head_camera_capture|90169])'s message type[galbot.sensor_proto.CameraInfo] does not match the exsited reader(belongs to node[Sensor#0|swallows|90176])'s message type[N6galbot6embosa7MessageE].
[2026-09-29 16:19:54.561 thread:93484 error channel_manager.cc:380]:newly added reader(belongs to node[Sensor#0|swallows|90176])'s message type[N6galbot6embosa7MessageE] does not match the exsited writer(belongs to node[aphropm_pns|service_navigation_plan|90172])'s message type[galbot.navigation_proto.Path].
[2026-09-29 16:19:54.561 thread:93484 error channel_manager.cc:380]:newly added reader(belongs to node[Sensor#0|swallows|90176])'s message type[N6galbot6embosa7MessageE] does not match the exsited writer(belongs to node[embosa_test_rpc_client_node|galbot_chassis_service|3924])'s message type[galbot.navigation_proto.Odometry].
[2026-09-29 16:19:54.561 thread:93484 error channel_manager.cc:394]:newly added reader(belongs to node[Sensor#0|swallows|90176])'s message type[N6galbot6embosa7MessageE] does not match the exsited reader(belongs to node[wbc_sdk_node|python3.11|93428])'s message type[galbot.navigation_proto.Odometry].
[2026-09-29 16:19:54.561 thread:93484 error channel_manager.cc:394]:newly added writer(belongs to node[service_front_head_camera_sensor_capture|front_head_camera_capture|90169])'s message type[galbot.sensor_proto.CameraInfo] does not match the exsited reader(belongs to node[Sensor#0|swallows|90176])'s message type[N6galbot6embosa7MessageE].
[2026-09-29 16:19:54.561 thread:93484 error channel_manager.cc:394]:newly added reader(belongs to node[motion_planning_service_node|service_motion_plan|90181])'s message type[galbot.singorix_proto.SingoriXSensor] does not match the exsited reader(belongs to node[Sensor#0|swallows|90176])'s message type[N6galbot6embosa7MessageE].
[2026-09-29 16:19:54.561 thread:93484 error channel_manager.cc:394]:newly added reader(belongs to node[motion_planning_service_node|service_motion_plan|90181])'s message type[galbot.singorix_proto.SingoriXError] does not match the exsited reader(belongs to node[Sensor#0|swallows|90176])'s message type[N6galbot6embosa7MessageE].
[2026-09-29 16:19:54.561 thread:93484 error channel_manager.cc:394]:newly added reader(belongs to node[motion_planning_service_node|service_motion_plan|90181])'s message type[galbot.spatial_proto.PoseMsg] does not match the exsited reader(belongs to node[Sensor#0|swallows|90176])'s message type[N6galbot6embosa7MessageE].
[2026-09-29 16:19:54.561 thread:93469 warning RTPS_READER:237]:DDS Reader 01.0f.5c.69.f4.6c.96.ab.00.00.00.00|0.0.14.4 was configured to have a large history (5000 max samples), but the history size used with writer 01.0f.5c.69.70.5f.45.ee.00.00.00.00|0.0.9.3 will be 14 max samples.
[2026-09-29 16:19:54.561 thread:93428 info dds_pub_listener.cc:19]:DDSPubListener matched. topic: /galbot/spk, total match count: 1, current match count: 1
[2026-09-29 16:19:54.562 thread:93428 info dds_node_factory.cpp:344]:Successfully created DataWriter for topic: /galbot/spk
[2026-09-29 16:19:54.562 thread:93428 error channel_manager.cc:394]:newly added writer(belongs to node[audio_transceiver_node|python3.11|93428])'s message type[galbot.sensor_proto.Audio] does not match the exsited reader(belongs to node[vtn_spk_node|galbot_vtn|89968])'s message type[galbot.Audio].
[2026-09-29 16:19:54.563 thread:93428 info state.cc:29]:AsyncShutdown invoked.
[2026-09-29 16:19:54.563 thread:93428 info init.cc:228]:Embosa exit.
[2026-09-29 16:19:54.563 thread:93428 info dds_node_factory.cpp:49]:Clearing all writers from writer_map_
[2026-09-29 16:19:54.563 thread:93468 info init.cc:68]:Embosa shutdown signal received, processing shutdown.
[2026-09-29 16:19:54.563 thread:93468 info init.cc:74]:Embosa exit callback not set.
[2026-09-29 16:19:54.563 thread:93468 info init.cc:85]:Embosa exit done callback not set.
[2026-09-29 16:19:54.563 thread:93468 info init.cc:88]:Embosa enters shuttingdown state.
[2026-09-29 16:19:54.570 thread:93492 info dds_sub_serialization_listener.h:354]:DDSSubSerializationListener: embosa state is shutdown, topic: /embosa_tf
[2026-09-29 16:19:54.571 thread:93469 warning RTPS_TRANSPORT_SHM:1182]:DDS (ID:281472241996256) Existing Port 23911 (6ceab870719eb144) NOT Healthy.
[2026-09-29 16:19:54.571 thread:93469 warning RTPS_TRANSPORT_SHM:1187]:DDS (ID:281472241996256) Port 23911 (6ceab870719eb144) Removed.
[2026-09-29 16:19:54.572 thread:93469 warning RTPS_TRANSPORT_SHM:508]:DDS (ID:281472241996256) fastrtps_port23911No such file or directory
[2026-09-29 16:19:54.573 thread:93476 info dds_sub_serialization_listener.h:354]:DDSSubSerializationListener: embosa state is shutdown, topic: /odom/base_link
[2026-09-29 16:19:54.573 thread:93469 warning RTPS_TRANSPORT_SHM:1182]:DDS (ID:281472241996256) Existing Port 23911 (d0b6c2f4f5e6ea44) NOT Healthy.
[2026-09-29 16:19:54.573 thread:93469 warning RTPS_TRANSPORT_SHM:1187]:DDS (ID:281472241996256) Port 23911 (d0b6c2f4f5e6ea44) Removed.
[2026-09-29 16:19:54.577 thread:93477 info dds_sub_serialization_listener.h:354]:DDSSubSerializationListener: embosa state is shutdown, topic: embosa_service_change_broadcast
[2026-09-29 16:19:54.577 thread:93492 info dds_sub_serialization_listener.h:354]:DDSSubSerializationListener: embosa state is shutdown, topic: /embosa_tf
[2026-09-29 16:19:54.578 thread:93492 info dds_sub_serialization_listener.h:354]:DDSSubSerializationListener: embosa state is shutdown, topic: /embosa_tf
[2026-09-29 16:19:54.578 thread:93477 info dds_sub_serialization_listener.h:354]:DDSSubSerializationListener: embosa state is shutdown, topic: embosa_channel_change_broadcast
[2026-09-29 16:19:54.578 thread:93477 info dds_sub_serialization_listener.h:354]:DDSSubSerializationListener: embosa state is shutdown, topic: embosa_service_change_broadcast
[2026-09-29 16:19:54.578 thread:93477 info dds_sub_serialization_listener.h:354]:DDSSubSerializationListener: embosa state is shutdown, topic: embosa_channel_change_broadcast
[2026-09-29 16:19:54.578 thread:93477 info dds_sub_serialization_listener.h:354]:DDSSubSerializationListener: embosa state is shutdown, topic: embosa_service_change_broadcast
[2026-09-29 16:19:54.578 thread:93476 info dds_sub_serialization_listener.h:354]:DDSSubSerializationListener: embosa state is shutdown, topic: /odom/base_link
[2026-09-29 16:19:54.580 thread:93477 info dds_sub_serialization_listener.h:354]:DDSSubSerializationListener: embosa state is shutdown, topic: embosa_channel_change_broadcast
[2026-09-29 16:19:54.580 thread:93477 info dds_sub_serialization_listener.h:354]:DDSSubSerializationListener: embosa state is shutdown, topic: embosa_channel_change_broadcast
[2026-09-29 16:19:54.580 thread:93477 info dds_sub_serialization_listener.h:354]:DDSSubSerializationListener: embosa state is shutdown, topic: embosa_channel_change_broadcast
[2026-09-29 16:19:54.580 thread:93428 info dds_node_factory.cpp:1179]:DeleteWriterUnlock: Writer and associated resources successfully removed
[2026-09-29 16:19:54.586 thread:93476 info dds_sub_serialization_listener.h:354]:DDSSubSerializationListener: embosa state is shutdown, topic: /odom/base_link
[2026-09-29 16:19:54.590 thread:93428 info dds_node_factory.cpp:1179]:DeleteWriterUnlock: Writer and associated resources successfully removed
[2026-09-29 16:19:54.599 thread:93474 info dds_pub_listener.cc:14]:DDSPubListener: embosa state is shutdown, topic: embosa_node_change_broadcast
[2026-09-29 16:19:54.602 thread:93474 info dds_pub_listener.cc:14]:DDSPubListener: embosa state is shutdown, topic: embosa_channel_change_broadcast
[2026-09-29 16:19:54.602 thread:93474 info dds_pub_listener.cc:14]:DDSPubListener: embosa state is shutdown, topic: embosa_service_change_broadcast
[2026-09-29 16:19:54.603 thread:93476 info dds_sub_serialization_listener.h:354]:DDSSubSerializationListener: embosa state is shutdown, topic: /odom/base_link
[2026-09-29 16:19:54.603 thread:93428 info dds_node_factory.cpp:1179]:DeleteWriterUnlock: Writer and associated resources successfully removed
[2026-09-29 16:19:54.605 thread:93476 info dds_sub_serialization_listener.h:354]:DDSSubSerializationListener: embosa state is shutdown, topic: /odom/base_link
[2026-09-29 16:19:54.607 thread:93476 info dds_sub_serialization_listener.h:354]:DDSSubSerializationListener: embosa state is shutdown, topic: embosa_service_change_broadcast
[2026-09-29 16:19:54.607 thread:93476 info dds_sub_serialization_listener.h:354]:DDSSubSerializationListener: embosa state is shutdown, topic: embosa_service_change_broadcast
[2026-09-29 16:19:54.607 thread:93476 info dds_sub_serialization_listener.h:354]:DDSSubSerializationListener: embosa state is shutdown, topic: embosa_node_change_broadcast
[2026-09-29 16:19:54.607 thread:93476 info dds_sub_serialization_listener.h:354]:DDSSubSerializationListener: embosa state is shutdown, topic: embosa_channel_change_broadcast
[2026-09-29 16:19:54.607 thread:93476 info dds_sub_serialization_listener.h:354]:DDSSubSerializationListener: embosa state is shutdown, topic: embosa_channel_change_broadcast
[2026-09-29 16:19:54.607 thread:93476 info dds_sub_serialization_listener.h:354]:DDSSubSerializationListener: embosa state is shutdown, topic: embosa_channel_change_broadcast
[2026-09-29 16:19:54.607 thread:93476 info dds_sub_serialization_listener.h:354]:DDSSubSerializationListener: embosa state is shutdown, topic: embosa_channel_change_broadcast
[2026-09-29 16:19:54.607 thread:93476 info dds_sub_serialization_listener.h:354]:DDSSubSerializationListener: embosa state is shutdown, topic: embosa_channel_change_broadcast
[2026-09-29 16:19:54.607 thread:93476 info dds_sub_serialization_listener.h:354]:DDSSubSerializationListener: embosa state is shutdown, topic: embosa_channel_change_broadcast
[2026-09-29 16:19:54.607 thread:93476 info dds_sub_serialization_listener.h:354]:DDSSubSerializationListener: embosa state is shutdown, topic: embosa_channel_change_broadcast
[2026-09-29 16:19:54.611 thread:93548 info dds_sub_serialization_listener.h:354]:DDSSubSerializationListener: embosa state is shutdown, topic: /galbot/mic
[2026-09-29 16:19:54.615 thread:93476 info dds_sub_serialization_listener.h:354]:DDSSubSerializationListener: embosa state is shutdown, topic: /odom/base_link
[2026-09-29 16:19:54.618 thread:93477 info dds_sub_serialization_listener.h:354]:DDSSubSerializationListener: embosa state is shutdown, topic: embosa_node_change_broadcast
[2026-09-29 16:19:54.625 thread:93476 info dds_sub_serialization_listener.h:354]:DDSSubSerializationListener: embosa state is shutdown, topic: /odom/base_link
[2026-09-29 16:19:54.627 thread:93476 info dds_sub_serialization_listener.h:354]:DDSSubSerializationListener: embosa state is shutdown, topic: embosa_channel_change_broadcast
[2026-09-29 16:19:54.627 thread:93476 info dds_sub_serialization_listener.h:354]:DDSSubSerializationListener: embosa state is shutdown, topic: embosa_channel_change_broadcast
[2026-09-29 16:19:54.627 thread:93476 info dds_sub_serialization_listener.h:354]:DDSSubSerializationListener: embosa state is shutdown, topic: embosa_channel_change_broadcast
[2026-09-29 16:19:54.627 thread:93476 info dds_sub_serialization_listener.h:354]:DDSSubSerializationListener: embosa state is shutdown, topic: embosa_channel_change_broadcast
[2026-09-29 16:19:54.627 thread:93476 info dds_sub_serialization_listener.h:354]:DDSSubSerializationListener: embosa state is shutdown, topic: embosa_channel_change_broadcast
[2026-09-29 16:19:54.627 thread:93476 info dds_sub_serialization_listener.h:354]:DDSSubSerializationListener: embosa state is shutdown, topic: embosa_channel_change_broadcast
[2026-09-29 16:19:54.630 thread:93476 info dds_sub_serialization_listener.h:354]:DDSSubSerializationListener: embosa state is shutdown, topic: embosa_channel_change_broadcast
[2026-09-29 16:19:54.630 thread:93476 info dds_sub_serialization_listener.h:354]:DDSSubSerializationListener: embosa state is shutdown, topic: embosa_channel_change_broadcast
[2026-09-29 16:19:54.630 thread:93476 info dds_sub_serialization_listener.h:354]:DDSSubSerializationListener: embosa state is shutdown, topic: embosa_channel_change_broadcast
[2026-09-29 16:19:54.630 thread:93476 info dds_sub_serialization_listener.h:354]:DDSSubSerializationListener: embosa state is shutdown, topic: embosa_channel_change_broadcast
[2026-09-29 16:19:54.630 thread:93476 info dds_sub_serialization_listener.h:354]:DDSSubSerializationListener: embosa state is shutdown, topic: embosa_channel_change_broadcast
[2026-09-29 16:19:54.630 thread:93476 info dds_sub_serialization_listener.h:354]:DDSSubSerializationListener: embosa state is shutdown, topic: embosa_channel_change_broadcast
[2026-09-29 16:19:54.636 thread:93476 info dds_sub_serialization_listener.h:354]:DDSSubSerializationListener: embosa state is shutdown, topic: /odom/base_link
[2026-09-29 16:19:54.638 thread:93476 info dds_sub_serialization_listener.h:354]:DDSSubSerializationListener: embosa state is shutdown, topic: embosa_channel_change_broadcast
[2026-09-29 16:19:54.638 thread:93476 info dds_sub_serialization_listener.h:354]:DDSSubSerializationListener: embosa state is shutdown, topic: embosa_channel_change_broadcast
[2026-09-29 16:19:54.638 thread:93476 info dds_sub_serialization_listener.h:354]:DDSSubSerializationListener: embosa state is shutdown, topic: embosa_channel_change_broadcast
[2026-09-29 16:19:54.638 thread:93476 info dds_sub_serialization_listener.h:354]:DDSSubSerializationListener: embosa state is shutdown, topic: embosa_channel_change_broadcast
[2026-09-29 16:19:54.638 thread:93476 info dds_sub_serialization_listener.h:354]:DDSSubSerializationListener: embosa state is shutdown, topic: embosa_channel_change_broadcast
[2026-09-29 16:19:54.638 thread:93476 info dds_sub_serialization_listener.h:354]:DDSSubSerializationListener: embosa state is shutdown, topic: embosa_channel_change_broadcast
[2026-09-29 16:19:54.639 thread:93477 info dds_sub_serialization_listener.h:354]:DDSSubSerializationListener: embosa state is shutdown, topic: embosa_service_change_broadcast
[2026-09-29 16:19:54.640 thread:93477 info dds_sub_serialization_listener.h:354]:DDSSubSerializationListener: embosa state is shutdown, topic: embosa_service_change_broadcast
[2026-09-29 16:19:54.644 thread:93477 info dds_sub_serialization_listener.h:354]:DDSSubSerializationListener: embosa state is shutdown, topic: embosa_service_change_broadcast
[2026-09-29 16:19:54.644 thread:93477 info dds_sub_serialization_listener.h:354]:DDSSubSerializationListener: embosa state is shutdown, topic: embosa_service_change_broadcast
[2026-09-29 16:19:54.644 thread:93477 info dds_sub_serialization_listener.h:354]:DDSSubSerializationListener: embosa state is shutdown, topic: embosa_service_change_broadcast
[2026-09-29 16:19:54.644 thread:93477 info dds_sub_serialization_listener.h:354]:DDSSubSerializationListener: embosa state is shutdown, topic: embosa_service_change_broadcast
[2026-09-29 16:19:54.645 thread:93477 info dds_sub_serialization_listener.h:354]:DDSSubSerializationListener: embosa state is shutdown, topic: embosa_channel_change_broadcast
[2026-09-29 16:19:54.646 thread:93476 info dds_sub_serialization_listener.h:354]:DDSSubSerializationListener: embosa state is shutdown, topic: /odom/base_link
[2026-09-29 16:19:54.648 thread:93476 info dds_sub_serialization_listener.h:354]:DDSSubSerializationListener: embosa state is shutdown, topic: embosa_node_change_broadcast
[2026-09-29 16:19:54.649 thread:93476 info dds_sub_serialization_listener.h:354]:DDSSubSerializationListener: embosa state is shutdown, topic: embosa_channel_change_broadcast
[2026-09-29 16:19:54.653 thread:93477 info dds_sub_serialization_listener.h:354]:DDSSubSerializationListener: embosa state is shutdown, topic: embosa_channel_change_broadcast
[2026-09-29 16:19:54.654 thread:93477 info dds_sub_serialization_listener.h:354]:DDSSubSerializationListener: embosa state is shutdown, topic: embosa_channel_change_broadcast
[2026-09-29 16:19:54.658 thread:93476 info dds_sub_serialization_listener.h:354]:DDSSubSerializationListener: embosa state is shutdown, topic: /odom/base_link
[2026-09-29 16:19:54.660 thread:93477 info dds_sub_serialization_listener.h:354]:DDSSubSerializationListener: embosa state is shutdown, topic: embosa_channel_change_broadcast
[2026-09-29 16:19:54.660 thread:93477 info dds_sub_serialization_listener.h:354]:DDSSubSerializationListener: embosa state is shutdown, topic: embosa_channel_change_broadcast
[2026-09-29 16:19:54.660 thread:93477 info dds_sub_serialization_listener.h:354]:DDSSubSerializationListener: embosa state is shutdown, topic: embosa_channel_change_broadcast
[2026-09-29 16:19:54.661 thread:93476 info dds_sub_serialization_listener.h:354]:DDSSubSerializationListener: embosa state is shutdown, topic: singorix/wbcs/error
[2026-09-29 16:19:54.661 thread:93477 info dds_sub_serialization_listener.h:354]:DDSSubSerializationListener: embosa state is shutdown, topic: embosa_channel_change_broadcast
[2026-09-29 16:19:54.662 thread:93477 info dds_sub_serialization_listener.h:354]:DDSSubSerializationListener: embosa state is shutdown, topic: embosa_channel_change_broadcast
[2026-09-29 16:19:54.662 thread:93477 info dds_sub_serialization_listener.h:354]:DDSSubSerializationListener: embosa state is shutdown, topic: embosa_channel_change_broadcast
[2026-09-29 16:19:54.662 thread:93477 info dds_sub_serialization_listener.h:354]:DDSSubSerializationListener: embosa state is shutdown, topic: embosa_channel_change_broadcast
[2026-09-29 16:19:54.663 thread:93492 info dds_sub_serialization_listener.h:354]:DDSSubSerializationListener: embosa state is shutdown, topic: /embosa_tf
[2026-09-29 16:19:54.663 thread:93476 info dds_sub_serialization_listener.h:354]:DDSSubSerializationListener: embosa state is shutdown, topic: embosa_channel_change_broadcast
[2026-09-29 16:19:54.663 thread:93476 info dds_sub_serialization_listener.h:354]:DDSSubSerializationListener: embosa state is shutdown, topic: embosa_channel_change_broadcast
[2026-09-29 16:19:54.663 thread:93476 info dds_sub_serialization_listener.h:354]:DDSSubSerializationListener: embosa state is shutdown, topic: embosa_channel_change_broadcast
[2026-09-29 16:19:54.663 thread:93476 info dds_sub_serialization_listener.h:354]:DDSSubSerializationListener: embosa state is shutdown, topic: embosa_channel_change_broadcast
[2026-09-29 16:19:54.663 thread:93476 info dds_sub_serialization_listener.h:354]:DDSSubSerializationListener: embosa state is shutdown, topic: embosa_channel_change_broadcast
[2026-09-29 16:19:54.663 thread:93476 info dds_sub_serialization_listener.h:354]:DDSSubSerializationListener: embosa state is shutdown, topic: embosa_channel_change_broadcast
[2026-09-29 16:19:54.663 thread:93477 info dds_sub_serialization_listener.h:354]:DDSSubSerializationListener: embosa state is shutdown, topic: embosa_channel_change_broadcast
[2026-09-29 16:19:54.663 thread:93477 info dds_sub_serialization_listener.h:354]:DDSSubSerializationListener: embosa state is shutdown, topic: embosa_channel_change_broadcast
[2026-09-29 16:19:54.663 thread:93477 info dds_sub_serialization_listener.h:354]:DDSSubSerializationListener: embosa state is shutdown, topic: embosa_channel_change_broadcast
[2026-09-29 16:19:54.664 thread:93476 info dds_sub_serialization_listener.h:354]:DDSSubSerializationListener: embosa state is shutdown, topic: singorix/wbcs/error
[2026-09-29 16:19:54.665 thread:93477 info dds_sub_serialization_listener.h:354]:DDSSubSerializationListener: embosa state is shutdown, topic: embosa_channel_change_broadcast
[2026-09-29 16:19:54.666 thread:93476 info dds_sub_serialization_listener.h:354]:DDSSubSerializationListener: embosa state is shutdown, topic: /odom/base_link
[2026-09-29 16:19:54.669 thread:93476 info dds_sub_serialization_listener.h:354]:DDSSubSerializationListener: embosa state is shutdown, topic: singorix/wbcs/wbc_info
[2026-09-29 16:19:54.669 thread:93477 info dds_sub_serialization_listener.h:354]:DDSSubSerializationListener: embosa state is shutdown, topic: embosa_channel_change_broadcast
[2026-09-29 16:19:54.671 thread:93477 info dds_sub_serialization_listener.h:354]:DDSSubSerializationListener: embosa state is shutdown, topic: embosa_channel_change_broadcast
[2026-09-29 16:19:54.672 thread:93477 info dds_sub_serialization_listener.h:354]:DDSSubSerializationListener: embosa state is shutdown, topic: embosa_channel_change_broadcast
[2026-09-29 16:19:54.676 thread:93476 info dds_sub_serialization_listener.h:354]:DDSSubSerializationListener: embosa state is shutdown, topic: /odom/base_link
[2026-09-29 16:19:54.686 thread:93476 info dds_sub_serialization_listener.h:354]:DDSSubSerializationListener: embosa state is shutdown, topic: /odom/base_link
[2026-09-29 16:19:54.688 thread:93476 info dds_sub_serialization_listener.h:354]:DDSSubSerializationListener: embosa state is shutdown, topic: singorix/wbcs/error
[2026-09-29 16:19:54.693 thread:93476 info dds_sub_serialization_listener.h:354]:DDSSubSerializationListener: embosa state is shutdown, topic: singorix/wbcs/sensor
[2026-09-29 16:19:54.693 thread:93476 info dds_sub_serialization_listener.h:354]:DDSSubSerializationListener: embosa state is shutdown, topic: singorix/wbcs/error
[2026-09-29 16:19:54.695 thread:93476 info dds_sub_serialization_listener.h:354]:DDSSubSerializationListener: embosa state is shutdown, topic: /odom/base_link
[2026-09-29 16:19:54.696 thread:93476 info dds_sub_serialization_listener.h:354]:DDSSubSerializationListener: embosa state is shutdown, topic: singorix/wbcs/sensor
[2026-09-29 16:19:54.697 thread:93476 info dds_sub_serialization_listener.h:354]:DDSSubSerializationListener: embosa state is shutdown, topic: singorix/wbcs/wbc_info
[2026-09-29 16:19:54.697 thread:93476 info dds_sub_serialization_listener.h:354]:DDSSubSerializationListener: embosa state is shutdown, topic: singorix/wbcs/error
[2026-09-29 16:19:54.698 thread:93492 info dds_sub_serialization_listener.h:354]:DDSSubSerializationListener: embosa state is shutdown, topic: /embosa_tf
[2026-09-29 16:19:54.699 thread:93476 info dds_sub_serialization_listener.h:354]:DDSSubSerializationListener: embosa state is shutdown, topic: singorix/wbcs/sensor
[2026-09-29 16:19:54.699 thread:93476 info dds_sub_serialization_listener.h:354]:DDSSubSerializationListener: embosa state is shutdown, topic: embosa_channel_change_broadcast
[2026-09-29 16:19:54.699 thread:93476 info dds_sub_serialization_listener.h:354]:DDSSubSerializationListener: embosa state is shutdown, topic: embosa_channel_change_broadcast
[2026-09-29 16:19:54.699 thread:93476 info dds_sub_serialization_listener.h:354]:DDSSubSerializationListener: embosa state is shutdown, topic: embosa_channel_change_broadcast
[2026-09-29 16:19:54.699 thread:93476 info dds_sub_serialization_listener.h:354]:DDSSubSerializationListener: embosa state is shutdown, topic: embosa_channel_change_broadcast
[2026-09-29 16:19:54.699 thread:93476 info dds_sub_serialization_listener.h:354]:DDSSubSerializationListener: embosa state is shutdown, topic: embosa_channel_change_broadcast
[2026-09-29 16:19:54.699 thread:93476 info dds_sub_serialization_listener.h:354]:DDSSubSerializationListener: embosa state is shutdown, topic: embosa_channel_change_broadcast
[2026-09-29 16:19:54.705 thread:93476 info dds_sub_serialization_listener.h:354]:DDSSubSerializationListener: embosa state is shutdown, topic: /odom/base_link
[2026-09-29 16:19:54.706 thread:93548 info dds_sub_serialization_listener.h:354]:DDSSubSerializationListener: embosa state is shutdown, topic: /galbot/mic
[2026-09-29 16:19:54.708 thread:93476 info dds_sub_serialization_listener.h:354]:DDSSubSerializationListener: embosa state is shutdown, topic: embosa_channel_change_broadcast
[2026-09-29 16:19:54.708 thread:93476 info dds_sub_serialization_listener.h:354]:DDSSubSerializationListener: embosa state is shutdown, topic: embosa_channel_change_broadcast
[2026-09-29 16:19:54.708 thread:93476 info dds_sub_serialization_listener.h:354]:DDSSubSerializationListener: embosa state is shutdown, topic: embosa_channel_change_broadcast
[2026-09-29 16:19:54.708 thread:93476 info dds_sub_serialization_listener.h:354]:DDSSubSerializationListener: embosa state is shutdown, topic: embosa_channel_change_broadcast
[2026-09-29 16:19:54.709 thread:93476 info dds_sub_serialization_listener.h:354]:DDSSubSerializationListener: embosa state is shutdown, topic: embosa_node_change_broadcast
[2026-09-29 16:19:54.709 thread:93476 info dds_sub_serialization_listener.h:354]:DDSSubSerializationListener: embosa state is shutdown, topic: embosa_node_change_broadcast
[2026-09-29 16:19:54.709 thread:93476 info dds_sub_serialization_listener.h:354]:DDSSubSerializationListener: embosa state is shutdown, topic: embosa_node_change_broadcast
[2026-09-29 16:19:54.715 thread:93476 info dds_sub_serialization_listener.h:354]:DDSSubSerializationListener: embosa state is shutdown, topic: /odom/base_link
[2026-09-29 16:19:54.719 thread:93476 info dds_sub_serialization_listener.h:354]:DDSSubSerializationListener: embosa state is shutdown, topic: singorix/wbcs/error
[2026-09-29 16:19:54.726 thread:93476 info dds_sub_serialization_listener.h:354]:DDSSubSerializationListener: embosa state is shutdown, topic: /odom/base_link
[2026-09-29 16:19:54.736 thread:93476 info dds_sub_serialization_listener.h:354]:DDSSubSerializationListener: embosa state is shutdown, topic: /odom/base_link
[2026-09-29 16:19:54.737 thread:93476 info dds_sub_serialization_listener.h:354]:DDSSubSerializationListener: embosa state is shutdown, topic: singorix/wbcs/sensor
[2026-09-29 16:19:54.738 thread:93492 info dds_sub_serialization_listener.h:354]:DDSSubSerializationListener: embosa state is shutdown, topic: /embosa_tf
[2026-09-29 16:19:54.739 thread:93476 info dds_sub_serialization_listener.h:354]:DDSSubSerializationListener: embosa state is shutdown, topic: singorix/wbcs/wbc_info
[2026-09-29 16:19:54.739 thread:93476 info dds_sub_serialization_listener.h:354]:DDSSubSerializationListener: embosa state is shutdown, topic: singorix/wbcs/error
[2026-09-29 16:19:54.740 thread:93476 info dds_sub_serialization_listener.h:354]:DDSSubSerializationListener: embosa state is shutdown, topic: singorix/wbcs/sensor
[2026-09-29 16:19:54.741 thread:93476 info dds_sub_serialization_listener.h:354]:DDSSubSerializationListener: embosa state is shutdown, topic: singorix/wbcs/error
[2026-09-29 16:19:54.745 thread:93476 info dds_sub_serialization_listener.h:354]:DDSSubSerializationListener: embosa state is shutdown, topic: /odom/base_link
[2026-09-29 16:19:54.752 thread:93476 info dds_sub_serialization_listener.h:354]:DDSSubSerializationListener: embosa state is shutdown, topic: singorix/wbcs/sensor
[2026-09-29 16:19:54.752 thread:93476 info dds_sub_serialization_listener.h:354]:DDSSubSerializationListener: embosa state is shutdown, topic: singorix/wbcs/wbc_info
[2026-09-29 16:19:54.752 thread:93476 info dds_sub_serialization_listener.h:354]:DDSSubSerializationListener: embosa state is shutdown, topic: embosa_node_change_broadcast
[2026-09-29 16:19:54.752 thread:93476 info dds_sub_serialization_listener.h:354]:DDSSubSerializationListener: embosa state is shutdown, topic: embosa_node_change_broadcast
[2026-09-29 16:19:54.752 thread:93476 info dds_sub_serialization_listener.h:354]:DDSSubSerializationListener: embosa state is shutdown, topic: embosa_node_change_broadcast
[2026-09-29 16:19:54.753 thread:93476 info dds_sub_serialization_listener.h:354]:DDSSubSerializationListener: embosa state is shutdown, topic: singorix/wbcs/error
[2026-09-29 16:19:54.754 thread:93492 info dds_sub_serialization_listener.h:354]:DDSSubSerializationListener: embosa state is shutdown, topic: /embosa_tf
[2026-09-29 16:19:54.756 thread:93476 info dds_sub_serialization_listener.h:354]:DDSSubSerializationListener: embosa state is shutdown, topic: /odom/base_link
[2026-09-29 16:19:54.760 thread:93476 info dds_sub_serialization_listener.h:354]:DDSSubSerializationListener: embosa state is shutdown, topic: singorix/wbcs/sensor
[2026-09-29 16:19:54.760 thread:93476 info dds_sub_serialization_listener.h:354]:DDSSubSerializationListener: embosa state is shutdown, topic: embosa_node_change_broadcast
[2026-09-29 16:19:54.760 thread:93476 info dds_sub_serialization_listener.h:354]:DDSSubSerializationListener: embosa state is shutdown, topic: embosa_node_change_broadcast
[2026-09-29 16:19:54.760 thread:93476 info dds_sub_serialization_listener.h:354]:DDSSubSerializationListener: embosa state is shutdown, topic: embosa_node_change_broadcast
[2026-09-29 16:19:54.761 thread:93476 info dds_sub_serialization_listener.h:354]:DDSSubSerializationListener: embosa state is shutdown, topic: singorix/wbcs/error
[2026-09-29 16:19:54.762 thread:93476 info dds_sub_serialization_listener.h:354]:DDSSubSerializationListener: embosa state is shutdown, topic: embosa_node_change_broadcast
[2026-09-29 16:19:54.762 thread:93476 info dds_sub_serialization_listener.h:354]:DDSSubSerializationListener: embosa state is shutdown, topic: embosa_node_change_broadcast
[2026-09-29 16:19:54.763 thread:93476 info dds_sub_serialization_listener.h:354]:DDSSubSerializationListener: embosa state is shutdown, topic: singorix/wbcs/sensor
[2026-09-29 16:19:54.763 thread:93476 info dds_sub_serialization_listener.h:354]:DDSSubSerializationListener: embosa state is shutdown, topic: embosa_channel_change_broadcast
[2026-09-29 16:19:54.763 thread:93476 info dds_sub_serialization_listener.h:354]:DDSSubSerializationListener: embosa state is shutdown, topic: embosa_channel_change_broadcast
[2026-09-29 16:19:54.763 thread:93476 info dds_sub_serialization_listener.h:354]:DDSSubSerializationListener: embosa state is shutdown, topic: embosa_channel_change_broadcast
[2026-09-29 16:19:54.764 thread:93476 info dds_sub_serialization_listener.h:354]:DDSSubSerializationListener: embosa state is shutdown, topic: singorix/wbcs/wbc_info
[2026-09-29 16:19:54.764 thread:93476 info dds_sub_serialization_listener.h:354]:DDSSubSerializationListener: embosa state is shutdown, topic: singorix/wbcs/error
[2026-09-29 16:19:54.765 thread:93476 info dds_sub_serialization_listener.h:354]:DDSSubSerializationListener: embosa state is shutdown, topic: /odom/base_link
[2026-09-29 16:19:54.767 thread:93476 info dds_sub_serialization_listener.h:354]:DDSSubSerializationListener: embosa state is shutdown, topic: embosa_channel_change_broadcast
[2026-09-29 16:19:54.767 thread:93476 info dds_sub_serialization_listener.h:354]:DDSSubSerializationListener: embosa state is shutdown, topic: embosa_channel_change_broadcast
[2026-09-29 16:19:54.767 thread:93476 info dds_sub_serialization_listener.h:354]:DDSSubSerializationListener: embosa state is shutdown, topic: embosa_channel_change_broadcast
[2026-09-29 16:19:54.768 thread:93476 info dds_sub_serialization_listener.h:354]:DDSSubSerializationListener: embosa state is shutdown, topic: singorix/wbcs/sensor
[2026-09-29 16:19:54.769 thread:93476 info dds_sub_serialization_listener.h:354]:DDSSubSerializationListener: embosa state is shutdown, topic: singorix/wbcs/error
[2026-09-29 16:19:54.770 thread:93476 info dds_sub_serialization_listener.h:354]:DDSSubSerializationListener: embosa state is shutdown, topic: embosa_channel_change_broadcast
[2026-09-29 16:19:54.770 thread:93476 info dds_sub_serialization_listener.h:354]:DDSSubSerializationListener: embosa state is shutdown, topic: embosa_channel_change_broadcast
[2026-09-29 16:19:54.770 thread:93476 info dds_sub_serialization_listener.h:354]:DDSSubSerializationListener: embosa state is shutdown, topic: embosa_channel_change_broadcast
[2026-09-29 16:19:54.770 thread:93476 info dds_sub_serialization_listener.h:354]:DDSSubSerializationListener: embosa state is shutdown, topic: singorix/wbcs/sensor
[2026-09-29 16:19:54.771 thread:93476 info dds_sub_serialization_listener.h:354]:DDSSubSerializationListener: embosa state is shutdown, topic: singorix/wbcs/wbc_info
[2026-09-29 16:19:54.771 thread:93476 info dds_sub_serialization_listener.h:354]:DDSSubSerializationListener: embosa state is shutdown, topic: singorix/wbcs/error
[2026-09-29 16:19:54.771 thread:93492 info dds_sub_serialization_listener.h:354]:DDSSubSerializationListener: embosa state is shutdown, topic: /embosa_tf
[2026-09-29 16:19:54.772 thread:93476 info dds_sub_serialization_listener.h:354]:DDSSubSerializationListener: embosa state is shutdown, topic: singorix/wbcs/sensor
[2026-09-29 16:19:54.772 thread:93476 info dds_sub_serialization_listener.h:354]:DDSSubSerializationListener: embosa state is shutdown, topic: embosa_channel_change_broadcast
[2026-09-29 16:19:54.772 thread:93476 info dds_sub_serialization_listener.h:354]:DDSSubSerializationListener: embosa state is shutdown, topic: embosa_channel_change_broadcast
[2026-09-29 16:19:54.772 thread:93476 info dds_sub_serialization_listener.h:354]:DDSSubSerializationListener: embosa state is shutdown, topic: embosa_channel_change_broadcast
[2026-09-29 16:19:54.772 thread:93476 info dds_sub_serialization_listener.h:354]:DDSSubSerializationListener: embosa state is shutdown, topic: singorix/wbcs/error
[2026-09-29 16:19:54.773 thread:93476 info dds_sub_serialization_listener.h:354]:DDSSubSerializationListener: embosa state is shutdown, topic: singorix/wbcs/sensor
[2026-09-29 16:19:54.774 thread:93476 info dds_sub_serialization_listener.h:354]:DDSSubSerializationListener: embosa state is shutdown, topic: singorix/wbcs/wbc_info
[2026-09-29 16:19:54.775 thread:93476 info dds_sub_serialization_listener.h:354]:DDSSubSerializationListener: embosa state is shutdown, topic: embosa_channel_change_broadcast
[2026-09-29 16:19:54.775 thread:93476 info dds_sub_serialization_listener.h:354]:DDSSubSerializationListener: embosa state is shutdown, topic: embosa_service_change_broadcast
[2026-09-29 16:19:54.775 thread:93476 info dds_sub_serialization_listener.h:354]:DDSSubSerializationListener: embosa state is shutdown, topic: embosa_service_change_broadcast
[2026-09-29 16:19:54.775 thread:93476 info dds_sub_serialization_listener.h:354]:DDSSubSerializationListener: embosa state is shutdown, topic: embosa_service_change_broadcast
[2026-09-29 16:19:54.776 thread:93476 info dds_sub_serialization_listener.h:354]:DDSSubSerializationListener: embosa state is shutdown, topic: /odom/base_link
[2026-09-29 16:19:54.777 thread:93476 info dds_sub_serialization_listener.h:354]:DDSSubSerializationListener: embosa state is shutdown, topic: singorix/wbcs/error
[2026-09-29 16:19:54.778 thread:93476 info dds_sub_serialization_listener.h:354]:DDSSubSerializationListener: embosa state is shutdown, topic: singorix/wbcs/sensor
[2026-09-29 16:19:54.778 thread:93476 info dds_sub_serialization_listener.h:354]:DDSSubSerializationListener: embosa state is shutdown, topic: singorix/wbcs/error
[2026-09-29 16:19:54.781 thread:93476 info dds_sub_serialization_listener.h:354]:DDSSubSerializationListener: embosa state is shutdown, topic: singorix/wbcs/sensor
[2026-09-29 16:19:54.782 thread:93476 info dds_sub_serialization_listener.h:354]:DDSSubSerializationListener: embosa state is shutdown, topic: singorix/wbcs/wbc_info
[2026-09-29 16:19:54.783 thread:93548 info dds_sub_serialization_listener.h:354]:DDSSubSerializationListener: embosa state is shutdown, topic: /galbot/mic
[2026-09-29 16:19:54.783 thread:93476 info dds_sub_serialization_listener.h:354]:DDSSubSerializationListener: embosa state is shutdown, topic: singorix/wbcs/error
[2026-09-29 16:19:54.785 thread:93474 info dds_pub_listener.cc:14]:DDSPubListener: embosa state is shutdown, topic: embosa_node_change_broadcast
[2026-09-29 16:19:54.785 thread:93474 info dds_pub_listener.cc:14]:DDSPubListener: embosa state is shutdown, topic: embosa_service_change_broadcast
[2026-09-29 16:19:54.786 thread:93476 info dds_sub_serialization_listener.h:354]:DDSSubSerializationListener: embosa state is shutdown, topic: /odom/base_link
[2026-09-29 16:19:54.786 thread:93476 info dds_sub_serialization_listener.h:354]:DDSSubSerializationListener: embosa state is shutdown, topic: singorix/wbcs/sensor
[2026-09-29 16:19:54.787 thread:93476 info dds_sub_serialization_listener.h:354]:DDSSubSerializationListener: embosa state is shutdown, topic: singorix/wbcs/error
[2026-09-29 16:19:54.788 thread:93476 info dds_sub_serialization_listener.h:354]:DDSSubSerializationListener: embosa state is shutdown, topic: singorix/wbcs/sensor
[2026-09-29 16:19:54.788 thread:93476 info dds_sub_serialization_listener.h:354]:DDSSubSerializationListener: embosa state is shutdown, topic: singorix/wbcs/wbc_info
[2026-09-29 16:19:54.788 thread:93476 info dds_sub_serialization_listener.h:354]:DDSSubSerializationListener: embosa state is shutdown, topic: singorix/wbcs/error
[2026-09-29 16:19:54.790 thread:93476 info dds_sub_serialization_listener.h:354]:DDSSubSerializationListener: embosa state is shutdown, topic: singorix/wbcs/sensor
[2026-09-29 16:19:54.790 thread:93476 info dds_sub_serialization_listener.h:354]:DDSSubSerializationListener: embosa state is shutdown, topic: singorix/wbcs/error
[2026-09-29 16:19:54.791 thread:93476 info dds_sub_serialization_listener.h:354]:DDSSubSerializationListener: embosa state is shutdown, topic: singorix/wbcs/sensor
[2026-09-29 16:19:54.792 thread:93474 info dds_sub_serialization_listener.h:565]:DDSSubSerializationListener: embosa state is shutdown, topic: embosa_node_change_broadcast
[2026-09-29 16:19:54.792 thread:93474 info dds_sub_serialization_listener.h:565]:DDSSubSerializationListener: embosa state is shutdown, topic: embosa_channel_change_broadcast
[2026-09-29 16:19:54.793 thread:93474 info dds_sub_serialization_listener.h:565]:DDSSubSerializationListener: embosa state is shutdown, topic: embosa_service_change_broadcast
[2026-09-29 16:19:54.793 thread:93476 info dds_sub_serialization_listener.h:354]:DDSSubSerializationListener: embosa state is shutdown, topic: singorix/wbcs/wbc_info
[2026-09-29 16:19:54.793 thread:93476 info dds_sub_serialization_listener.h:354]:DDSSubSerializationListener: embosa state is shutdown, topic: singorix/wbcs/error
[2026-09-29 16:19:54.793 thread:93492 info dds_sub_serialization_listener.h:354]:DDSSubSerializationListener: embosa state is shutdown, topic: /embosa_tf
[2026-09-29 16:19:54.793 thread:93476 info dds_sub_serialization_listener.h:354]:DDSSubSerializationListener: embosa state is shutdown, topic: singorix/wbcs/sensor
[2026-09-29 16:19:54.794 thread:93476 info dds_sub_serialization_listener.h:354]:DDSSubSerializationListener: embosa state is shutdown, topic: singorix/wbcs/error
[2026-09-29 16:19:54.795 thread:93476 info dds_sub_serialization_listener.h:354]:DDSSubSerializationListener: embosa state is shutdown, topic: /odom/base_link
[2026-09-29 16:19:54.797 thread:93476 info dds_sub_serialization_listener.h:354]:DDSSubSerializationListener: embosa state is shutdown, topic: singorix/wbcs/sensor
[2026-09-29 16:19:54.799 thread:93476 info dds_sub_serialization_listener.h:354]:DDSSubSerializationListener: embosa state is shutdown, topic: singorix/wbcs/wbc_info
[2026-09-29 16:19:54.799 thread:93476 info dds_sub_serialization_listener.h:354]:DDSSubSerializationListener: embosa state is shutdown, topic: singorix/wbcs/error
[2026-09-29 16:19:54.800 thread:93476 info dds_sub_serialization_listener.h:354]:DDSSubSerializationListener: embosa state is shutdown, topic: singorix/wbcs/sensor
[2026-09-29 16:19:54.801 thread:93476 info dds_sub_serialization_listener.h:354]:DDSSubSerializationListener: embosa state is shutdown, topic: singorix/wbcs/error
[2026-09-29 16:19:54.802 thread:93476 info dds_sub_serialization_listener.h:354]:DDSSubSerializationListener: embosa state is shutdown, topic: singorix/wbcs/sensor
[2026-09-29 16:19:54.805 thread:93476 info dds_sub_serialization_listener.h:354]:DDSSubSerializationListener: embosa state is shutdown, topic: /odom/base_link
[2026-09-29 16:19:54.806 thread:93476 info dds_sub_serialization_listener.h:354]:DDSSubSerializationListener: embosa state is shutdown, topic: embosa_service_change_broadcast
[2026-09-29 16:19:54.806 thread:93476 info dds_sub_serialization_listener.h:354]:DDSSubSerializationListener: embosa state is shutdown, topic: embosa_service_change_broadcast
[2026-09-29 16:19:54.806 thread:93476 info dds_sub_serialization_listener.h:354]:DDSSubSerializationListener: embosa state is shutdown, topic: embosa_service_change_broadcast
[2026-09-29 16:19:54.810 thread:93476 info dds_sub_serialization_listener.h:354]:DDSSubSerializationListener: embosa state is shutdown, topic: singorix/wbcs/wbc_info
[2026-09-29 16:19:54.810 thread:93476 info dds_sub_serialization_listener.h:354]:DDSSubSerializationListener: embosa state is shutdown, topic: singorix/wbcs/error
[2026-09-29 16:19:54.811 thread:93476 info dds_sub_serialization_listener.h:354]:DDSSubSerializationListener: embosa state is shutdown, topic: singorix/wbcs/sensor
[2026-09-29 16:19:54.812 thread:93476 info dds_sub_serialization_listener.h:354]:DDSSubSerializationListener: embosa state is shutdown, topic: singorix/wbcs/error
[2026-09-29 16:19:54.813 thread:93476 info dds_sub_serialization_listener.h:354]:DDSSubSerializationListener: embosa state is shutdown, topic: singorix/wbcs/sensor
[2026-09-29 16:19:54.814 thread:93492 info dds_sub_serialization_listener.h:354]:DDSSubSerializationListener: embosa state is shutdown, topic: /embosa_tf
[2026-09-29 16:19:54.815 thread:93476 info dds_sub_serialization_listener.h:354]:DDSSubSerializationListener: embosa state is shutdown, topic: /odom/base_link
[2026-09-29 16:19:54.815 thread:93476 info dds_sub_serialization_listener.h:354]:DDSSubSerializationListener: embosa state is shutdown, topic: embosa_service_change_broadcast
[2026-09-29 16:19:54.815 thread:93476 info dds_sub_serialization_listener.h:354]:DDSSubSerializationListener: embosa state is shutdown, topic: embosa_service_change_broadcast
[2026-09-29 16:19:54.815 thread:93476 info dds_sub_serialization_listener.h:354]:DDSSubSerializationListener: embosa state is shutdown, topic: embosa_service_change_broadcast
[2026-09-29 16:19:54.817 thread:93476 info dds_sub_serialization_listener.h:354]:DDSSubSerializationListener: embosa state is shutdown, topic: singorix/wbcs/wbc_info
[2026-09-29 16:19:54.817 thread:93476 info dds_sub_serialization_listener.h:354]:DDSSubSerializationListener: embosa state is shutdown, topic: singorix/wbcs/error
[2026-09-29 16:19:54.818 thread:93476 info dds_sub_serialization_listener.h:354]:DDSSubSerializationListener: embosa state is shutdown, topic: singorix/wbcs/sensor
[2026-09-29 16:19:54.819 thread:93476 info dds_sub_serialization_listener.h:354]:DDSSubSerializationListener: embosa state is shutdown, topic: singorix/wbcs/error
[2026-09-29 16:19:54.821 thread:93476 info dds_sub_serialization_listener.h:354]:DDSSubSerializationListener: embosa state is shutdown, topic: singorix/wbcs/sensor
[2026-09-29 16:19:54.822 thread:93476 info dds_sub_serialization_listener.h:354]:DDSSubSerializationListener: embosa state is shutdown, topic: singorix/wbcs/wbc_info
[2026-09-29 16:19:54.822 thread:93476 info dds_sub_serialization_listener.h:354]:DDSSubSerializationListener: embosa state is shutdown, topic: singorix/wbcs/error
[2026-09-29 16:19:54.822 thread:93476 info dds_sub_serialization_listener.h:354]:DDSSubSerializationListener: embosa state is shutdown, topic: embosa_service_change_broadcast
[2026-09-29 16:19:54.822 thread:93476 info dds_sub_serialization_listener.h:354]:DDSSubSerializationListener: embosa state is shutdown, topic: embosa_service_change_broadcast
[2026-09-29 16:19:54.823 thread:93476 info dds_sub_serialization_listener.h:354]:DDSSubSerializationListener: embosa state is shutdown, topic: embosa_service_change_broadcast
[2026-09-29 16:19:54.823 thread:93476 info dds_sub_serialization_listener.h:354]:DDSSubSerializationListener: embosa state is shutdown, topic: singorix/wbcs/sensor
[2026-09-29 16:19:54.823 thread:93476 info dds_sub_serialization_listener.h:354]:DDSSubSerializationListener: embosa state is shutdown, topic: singorix/wbcs/error
[2026-09-29 16:19:54.825 thread:93476 info dds_sub_serialization_listener.h:354]:DDSSubSerializationListener: embosa state is shutdown, topic: /odom/base_link
[2026-09-29 16:19:54.827 thread:93476 info dds_sub_serialization_listener.h:354]:DDSSubSerializationListener: embosa state is shutdown, topic: singorix/wbcs/sensor
[2026-09-29 16:19:54.828 thread:93476 info dds_sub_serialization_listener.h:354]:DDSSubSerializationListener: embosa state is shutdown, topic: singorix/wbcs/wbc_info
[2026-09-29 16:19:54.828 thread:93476 info dds_sub_serialization_listener.h:354]:DDSSubSerializationListener: embosa state is shutdown, topic: singorix/wbcs/error
[2026-09-29 16:19:54.830 thread:93476 info dds_sub_serialization_listener.h:354]:DDSSubSerializationListener: embosa state is shutdown, topic: singorix/wbcs/sensor
[2026-09-29 16:19:54.831 thread:93476 info dds_sub_serialization_listener.h:354]:DDSSubSerializationListener: embosa state is shutdown, topic: singorix/wbcs/error
[2026-09-29 16:19:54.832 thread:93476 info dds_sub_serialization_listener.h:354]:DDSSubSerializationListener: embosa state is shutdown, topic: singorix/wbcs/sensor
[2026-09-29 16:19:54.832 thread:93476 info dds_sub_serialization_listener.h:354]:DDSSubSerializationListener: embosa state is shutdown, topic: singorix/wbcs/wbc_info
[2026-09-29 16:19:54.833 thread:93476 info dds_sub_serialization_listener.h:354]:DDSSubSerializationListener: embosa state is shutdown, topic: singorix/wbcs/error
[2026-09-29 16:19:54.834 thread:93476 info dds_sub_serialization_listener.h:354]:DDSSubSerializationListener: embosa state is shutdown, topic: singorix/wbcs/sensor
[2026-09-29 16:19:54.835 thread:93492 info dds_sub_serialization_listener.h:354]:DDSSubSerializationListener: embosa state is shutdown, topic: /embosa_tf
[2026-09-29 16:19:54.836 thread:93476 info dds_sub_serialization_listener.h:354]:DDSSubSerializationListener: embosa state is shutdown, topic: /odom/base_link
[2026-09-29 16:19:54.837 thread:93476 info dds_sub_serialization_listener.h:354]:DDSSubSerializationListener: embosa state is shutdown, topic: singorix/wbcs/error
[2026-09-29 16:19:54.838 thread:93476 info dds_sub_serialization_listener.h:354]:DDSSubSerializationListener: embosa state is shutdown, topic: singorix/wbcs/sensor
[2026-09-29 16:19:54.839 thread:93476 info dds_sub_serialization_listener.h:354]:DDSSubSerializationListener: embosa state is shutdown, topic: singorix/wbcs/wbc_info
[2026-09-29 16:19:54.840 thread:93476 info dds_sub_serialization_listener.h:354]:DDSSubSerializationListener: embosa state is shutdown, topic: singorix/wbcs/error
[2026-09-29 16:19:54.842 thread:93476 info dds_sub_serialization_listener.h:354]:DDSSubSerializationListener: embosa state is shutdown, topic: singorix/wbcs/sensor
[2026-09-29 16:19:54.843 thread:93476 info dds_sub_serialization_listener.h:354]:DDSSubSerializationListener: embosa state is shutdown, topic: singorix/wbcs/error
[2026-09-29 16:19:54.845 thread:93476 info dds_sub_serialization_listener.h:354]:DDSSubSerializationListener: embosa state is shutdown, topic: /odom/base_link
[2026-09-29 16:19:54.846 thread:93476 info dds_sub_serialization_listener.h:354]:DDSSubSerializationListener: embosa state is shutdown, topic: singorix/wbcs/sensor
[2026-09-29 16:19:54.846 thread:93476 info dds_sub_serialization_listener.h:354]:DDSSubSerializationListener: embosa state is shutdown, topic: singorix/wbcs/wbc_info
[2026-09-29 16:19:54.847 thread:93476 info dds_sub_serialization_listener.h:354]:DDSSubSerializationListener: embosa state is shutdown, topic: singorix/wbcs/error
[2026-09-29 16:19:54.849 thread:93476 info dds_sub_serialization_listener.h:354]:DDSSubSerializationListener: embosa state is shutdown, topic: singorix/wbcs/sensor
[2026-09-29 16:19:54.850 thread:93476 info dds_sub_serialization_listener.h:354]:DDSSubSerializationListener: embosa state is shutdown, topic: singorix/wbcs/error
[2026-09-29 16:19:54.852 thread:93476 info dds_sub_serialization_listener.h:354]:DDSSubSerializationListener: embosa state is shutdown, topic: singorix/wbcs/sensor
[2026-09-29 16:19:54.853 thread:93476 info dds_sub_serialization_listener.h:354]:DDSSubSerializationListener: embosa state is shutdown, topic: singorix/wbcs/wbc_info
[2026-09-29 16:19:54.853 thread:93476 info dds_sub_serialization_listener.h:354]:DDSSubSerializationListener: embosa state is shutdown, topic: singorix/wbcs/error
[2026-09-29 16:19:54.854 thread:93476 info dds_sub_serialization_listener.h:354]:DDSSubSerializationListener: embosa state is shutdown, topic: singorix/wbcs/sensor
[2026-09-29 16:19:54.855 thread:93476 info dds_sub_serialization_listener.h:354]:DDSSubSerializationListener: embosa state is shutdown, topic: /odom/base_link
[2026-09-29 16:19:54.857 thread:93476 info dds_sub_serialization_listener.h:354]:DDSSubSerializationListener: embosa state is shutdown, topic: singorix/wbcs/error
[2026-09-29 16:19:54.858 thread:93476 info dds_sub_serialization_listener.h:354]:DDSSubSerializationListener: embosa state is shutdown, topic: singorix/wbcs/sensor
[2026-09-29 16:19:54.859 thread:93476 info dds_sub_serialization_listener.h:354]:DDSSubSerializationListener: embosa state is shutdown, topic: singorix/wbcs/wbc_info
[2026-09-29 16:19:54.859 thread:93492 info dds_sub_serialization_listener.h:354]:DDSSubSerializationListener: embosa state is shutdown, topic: /embosa_tf
[2026-09-29 16:19:54.860 thread:93476 info dds_sub_serialization_listener.h:354]:DDSSubSerializationListener: embosa state is shutdown, topic: singorix/wbcs/error
[2026-09-29 16:19:54.861 thread:93476 info dds_sub_serialization_listener.h:354]:DDSSubSerializationListener: embosa state is shutdown, topic: singorix/wbcs/sensor
[2026-09-29 16:19:54.862 thread:93476 info dds_sub_serialization_listener.h:354]:DDSSubSerializationListener: embosa state is shutdown, topic: singorix/wbcs/error
[2026-09-29 16:19:54.864 thread:93476 info dds_sub_serialization_listener.h:354]:DDSSubSerializationListener: embosa state is shutdown, topic: singorix/wbcs/sensor
[2026-09-29 16:19:54.868 thread:93476 info dds_sub_serialization_listener.h:354]:DDSSubSerializationListener: embosa state is shutdown, topic: /odom/base_link
[2026-09-29 16:19:54.868 thread:93476 info dds_sub_serialization_listener.h:354]:DDSSubSerializationListener: embosa state is shutdown, topic: singorix/wbcs/wbc_info
[2026-09-29 16:19:54.869 thread:93476 info dds_sub_serialization_listener.h:354]:DDSSubSerializationListener: embosa state is shutdown, topic: singorix/wbcs/error
[2026-09-29 16:19:54.870 thread:93476 info dds_sub_serialization_listener.h:354]:DDSSubSerializationListener: embosa state is shutdown, topic: singorix/wbcs/sensor
[2026-09-29 16:19:54.871 thread:93476 info dds_sub_serialization_listener.h:354]:DDSSubSerializationListener: embosa state is shutdown, topic: singorix/wbcs/error
[2026-09-29 16:19:54.871 thread:93476 info dds_sub_serialization_listener.h:354]:DDSSubSerializationListener: embosa state is shutdown, topic: singorix/wbcs/sensor
[2026-09-29 16:19:54.873 thread:93476 info dds_sub_serialization_listener.h:354]:DDSSubSerializationListener: embosa state is shutdown, topic: singorix/wbcs/wbc_info
[2026-09-29 16:19:54.876 thread:93476 info dds_sub_serialization_listener.h:354]:DDSSubSerializationListener: embosa state is shutdown, topic: /odom/base_link
[2026-09-29 16:19:54.878 thread:93548 info dds_sub_serialization_listener.h:354]:DDSSubSerializationListener: embosa state is shutdown, topic: /galbot/mic
[2026-09-29 16:19:54.878 thread:93476 info dds_sub_serialization_listener.h:354]:DDSSubSerializationListener: embosa state is shutdown, topic: singorix/wbcs/error
[2026-09-29 16:19:54.879 thread:93492 info dds_sub_serialization_listener.h:354]:DDSSubSerializationListener: embosa state is shutdown, topic: /embosa_tf
[2026-09-29 16:19:54.879 thread:93476 info dds_sub_serialization_listener.h:354]:DDSSubSerializationListener: embosa state is shutdown, topic: singorix/wbcs/sensor
[2026-09-29 16:19:54.880 thread:93476 info dds_sub_serialization_listener.h:354]:DDSSubSerializationListener: embosa state is shutdown, topic: singorix/wbcs/error
[2026-09-29 16:19:54.880 thread:93476 info dds_sub_serialization_listener.h:354]:DDSSubSerializationListener: embosa state is shutdown, topic: singorix/wbcs/sensor
[2026-09-29 16:19:54.881 thread:93476 info dds_sub_serialization_listener.h:354]:DDSSubSerializationListener: embosa state is shutdown, topic: singorix/wbcs/wbc_info
[2026-09-29 16:19:54.882 thread:93476 info dds_sub_serialization_listener.h:354]:DDSSubSerializationListener: embosa state is shutdown, topic: singorix/wbcs/error
[2026-09-29 16:19:54.885 thread:93476 info dds_sub_serialization_listener.h:354]:DDSSubSerializationListener: embosa state is shutdown, topic: /odom/base_link
[2026-09-29 16:19:54.887 thread:93476 info dds_sub_serialization_listener.h:354]:DDSSubSerializationListener: embosa state is shutdown, topic: singorix/wbcs/sensor
[2026-09-29 16:19:54.888 thread:93476 info dds_sub_serialization_listener.h:354]:DDSSubSerializationListener: embosa state is shutdown, topic: singorix/wbcs/error
[2026-09-29 16:19:54.893 thread:93474 info dds_sub_serialization_listener.h:565]:DDSSubSerializationListener: embosa state is shutdown, topic: embosa_node_change_broadcast
[2026-09-29 16:19:54.893 thread:93474 info dds_sub_serialization_listener.h:565]:DDSSubSerializationListener: embosa state is shutdown, topic: embosa_channel_change_broadcast
[2026-09-29 16:19:54.893 thread:93474 info dds_sub_serialization_listener.h:565]:DDSSubSerializationListener: embosa state is shutdown, topic: embosa_service_change_broadcast
[2026-09-29 16:19:54.894 thread:93476 info dds_sub_serialization_listener.h:354]:DDSSubSerializationListener: embosa state is shutdown, topic: singorix/wbcs/sensor
[2026-09-29 16:19:54.895 thread:93476 info dds_sub_serialization_listener.h:354]:DDSSubSerializationListener: embosa state is shutdown, topic: /odom/base_link
[2026-09-29 16:19:54.899 thread:93476 info dds_sub_serialization_listener.h:354]:DDSSubSerializationListener: embosa state is shutdown, topic: singorix/wbcs/wbc_info
[2026-09-29 16:19:54.900 thread:93476 info dds_sub_serialization_listener.h:354]:DDSSubSerializationListener: embosa state is shutdown, topic: singorix/wbcs/error
[2026-09-29 16:19:54.901 thread:93476 info dds_sub_serialization_listener.h:354]:DDSSubSerializationListener: embosa state is shutdown, topic: singorix/wbcs/sensor
[2026-09-29 16:19:54.901 thread:93492 info dds_sub_serialization_listener.h:354]:DDSSubSerializationListener: embosa state is shutdown, topic: /embosa_tf
[2026-09-29 16:19:54.901 thread:93476 info dds_sub_serialization_listener.h:354]:DDSSubSerializationListener: embosa state is shutdown, topic: singorix/wbcs/error
[2026-09-29 16:19:54.905 thread:93476 info dds_sub_serialization_listener.h:354]:DDSSubSerializationListener: embosa state is shutdown, topic: /odom/base_link
[2026-09-29 16:19:54.909 thread:93476 info dds_sub_serialization_listener.h:354]:DDSSubSerializationListener: embosa state is shutdown, topic: singorix/wbcs/sensor
[2026-09-29 16:19:54.910 thread:93476 info dds_sub_serialization_listener.h:354]:DDSSubSerializationListener: embosa state is shutdown, topic: singorix/wbcs/wbc_info
[2026-09-29 16:19:54.911 thread:93476 info dds_sub_serialization_listener.h:354]:DDSSubSerializationListener: embosa state is shutdown, topic: singorix/wbcs/error
[2026-09-29 16:19:54.916 thread:93476 info dds_sub_serialization_listener.h:354]:DDSSubSerializationListener: embosa state is shutdown, topic: /odom/base_link
[2026-09-29 16:19:54.917 thread:93548 info dds_sub_serialization_listener.h:354]:DDSSubSerializationListener: embosa state is shutdown, topic: /galbot/mic
[2026-09-29 16:19:54.919 thread:93476 info dds_sub_serialization_listener.h:354]:DDSSubSerializationListener: embosa state is shutdown, topic: singorix/wbcs/sensor
[2026-09-29 16:19:54.920 thread:93476 info dds_sub_serialization_listener.h:354]:DDSSubSerializationListener: embosa state is shutdown, topic: singorix/wbcs/error
[2026-09-29 16:19:54.925 thread:93476 info dds_sub_serialization_listener.h:354]:DDSSubSerializationListener: embosa state is shutdown, topic: /odom/base_link
[2026-09-29 16:19:54.925 thread:93476 info dds_sub_serialization_listener.h:354]:DDSSubSerializationListener: embosa state is shutdown, topic: singorix/wbcs/sensor
[2026-09-29 16:19:54.926 thread:93492 info dds_sub_serialization_listener.h:354]:DDSSubSerializationListener: embosa state is shutdown, topic: /embosa_tf
[2026-09-29 16:19:54.927 thread:93476 info dds_sub_serialization_listener.h:354]:DDSSubSerializationListener: embosa state is shutdown, topic: singorix/wbcs/wbc_info
[2026-09-29 16:19:54.927 thread:93476 info dds_sub_serialization_listener.h:354]:DDSSubSerializationListener: embosa state is shutdown, topic: singorix/wbcs/error
[2026-09-29 16:19:54.933 thread:93476 info dds_sub_serialization_listener.h:354]:DDSSubSerializationListener: embosa state is shutdown, topic: singorix/wbcs/sensor
[2026-09-29 16:19:54.934 thread:93476 info dds_sub_serialization_listener.h:354]:DDSSubSerializationListener: embosa state is shutdown, topic: singorix/wbcs/error
[2026-09-29 16:19:54.937 thread:93476 info dds_sub_serialization_listener.h:354]:DDSSubSerializationListener: embosa state is shutdown, topic: /odom/base_link
[2026-09-29 16:19:54.942 thread:93476 info dds_sub_serialization_listener.h:354]:DDSSubSerializationListener: embosa state is shutdown, topic: singorix/wbcs/sensor
[2026-09-29 16:19:54.942 thread:93476 info dds_sub_serialization_listener.h:354]:DDSSubSerializationListener: embosa state is shutdown, topic: singorix/wbcs/wbc_info
[2026-09-29 16:19:54.945 thread:93476 info dds_sub_serialization_listener.h:354]:DDSSubSerializationListener: embosa state is shutdown, topic: /odom/base_link
[2026-09-29 16:19:54.946 thread:93476 info dds_sub_serialization_listener.h:354]:DDSSubSerializationListener: embosa state is shutdown, topic: singorix/wbcs/error
[2026-09-29 16:19:54.949 thread:93476 info dds_sub_serialization_listener.h:354]:DDSSubSerializationListener: embosa state is shutdown, topic: singorix/wbcs/sensor
[2026-09-29 16:19:54.949 thread:93476 info dds_sub_serialization_listener.h:354]:DDSSubSerializationListener: embosa state is shutdown, topic: singorix/wbcs/error
[2026-09-29 16:19:54.951 thread:93474 info dds_pub_listener.cc:14]:DDSPubListener: embosa state is shutdown, topic: embosa_node_change_broadcast
[2026-09-29 16:19:54.953 thread:93474 info dds_pub_listener.cc:14]:DDSPubListener: embosa state is shutdown, topic: embosa_service_change_broadcast
[2026-09-29 16:19:54.954 thread:93473 info dds_sub_serialization_listener.h:565]:DDSSubSerializationListener: embosa state is shutdown, topic: embosa_node_change_broadcast
[2026-09-29 16:19:54.954 thread:93473 info dds_sub_serialization_listener.h:565]:DDSSubSerializationListener: embosa state is shutdown, topic: embosa_channel_change_broadcast
[2026-09-29 16:19:54.954 thread:93473 info dds_sub_serialization_listener.h:565]:DDSSubSerializationListener: embosa state is shutdown, topic: embosa_service_change_broadcast
[2026-09-29 16:19:54.955 thread:93492 info dds_sub_serialization_listener.h:354]:DDSSubSerializationListener: embosa state is shutdown, topic: /embosa_tf
[2026-09-29 16:19:54.956 thread:93473 info dds_pub_listener.cc:14]:DDSPubListener: embosa state is shutdown, topic: embosa_node_change_broadcast
[2026-09-29 16:19:54.956 thread:93476 info dds_sub_serialization_listener.h:354]:DDSSubSerializationListener: embosa state is shutdown, topic: /odom/base_link
[2026-09-29 16:19:54.957 thread:93473 info dds_pub_listener.cc:14]:DDSPubListener: embosa state is shutdown, topic: embosa_node_change_broadcast
[2026-09-29 16:19:54.959 thread:93473 info dds_pub_listener.cc:14]:DDSPubListener: embosa state is shutdown, topic: embosa_service_change_broadcast
[2026-09-29 16:19:54.966 thread:93476 info dds_sub_serialization_listener.h:354]:DDSSubSerializationListener: embosa state is shutdown, topic: /odom/base_link
[2026-09-29 16:19:54.969 thread:93476 info dds_sub_serialization_listener.h:354]:DDSSubSerializationListener: embosa state is shutdown, topic: embosa_service_change_broadcast
[2026-09-29 16:19:54.969 thread:93476 info dds_sub_serialization_listener.h:354]:DDSSubSerializationListener: embosa state is shutdown, topic: embosa_service_change_broadcast
[2026-09-29 16:19:54.969 thread:93476 info dds_sub_serialization_listener.h:354]:DDSSubSerializationListener: embosa state is shutdown, topic: embosa_service_change_broadcast
[2026-09-29 16:19:54.970 thread:93476 info dds_sub_serialization_listener.h:354]:DDSSubSerializationListener: embosa state is shutdown, topic: embosa_channel_change_broadcast
[2026-09-29 16:19:54.970 thread:93476 info dds_sub_serialization_listener.h:354]:DDSSubSerializationListener: embosa state is shutdown, topic: embosa_node_change_broadcast
[2026-09-29 16:19:54.976 thread:93476 info dds_sub_serialization_listener.h:354]:DDSSubSerializationListener: embosa state is shutdown, topic: /odom/base_link
[2026-09-29 16:19:54.984 thread:93473 info dds_pub_listener.cc:14]:DDSPubListener: embosa state is shutdown, topic: embosa_service_change_broadcast
[2026-09-29 16:19:54.987 thread:93473 info dds_pub_listener.cc:14]:DDSPubListener: embosa state is shutdown, topic: embosa_node_change_broadcast
[2026-09-29 16:19:54.987 thread:93473 info dds_sub_serialization_listener.h:565]:DDSSubSerializationListener: embosa state is shutdown, topic: embosa_node_change_broadcast
[2026-09-29 16:19:54.987 thread:93473 info dds_pub_listener.cc:14]:DDSPubListener: embosa state is shutdown, topic: embosa_service_change_broadcast
[2026-09-29 16:19:54.987 thread:93476 info dds_sub_serialization_listener.h:354]:DDSSubSerializationListener: embosa state is shutdown, topic: /odom/base_link
[2026-09-29 16:19:54.988 thread:93473 info dds_pub_listener.cc:14]:DDSPubListener: embosa state is shutdown, topic: embosa_node_change_broadcast
[2026-09-29 16:19:54.989 thread:93473 info dds_pub_listener.cc:14]:DDSPubListener: embosa state is shutdown, topic: embosa_service_change_broadcast
[2026-09-29 16:19:54.990 thread:93492 info dds_sub_serialization_listener.h:354]:DDSSubSerializationListener: embosa state is shutdown, topic: /embosa_tf
[2026-09-29 16:19:54.991 thread:93473 info dds_sub_serialization_listener.h:565]:DDSSubSerializationListener: embosa state is shutdown, topic: embosa_node_change_broadcast
[2026-09-29 16:19:54.992 thread:93473 info dds_sub_serialization_listener.h:565]:DDSSubSerializationListener: embosa state is shutdown, topic: embosa_channel_change_broadcast
[2026-09-29 16:19:54.992 thread:93473 info dds_sub_serialization_listener.h:565]:DDSSubSerializationListener: embosa state is shutdown, topic: embosa_service_change_broadcast
[2026-09-29 16:19:54.992 thread:93473 info dds_sub_serialization_listener.h:565]:DDSSubSerializationListener: embosa state is shutdown, topic: embosa_channel_change_broadcast
[2026-09-29 16:19:54.993 thread:93473 info dds_sub_serialization_listener.h:565]:DDSSubSerializationListener: embosa state is shutdown, topic: embosa_service_change_broadcast
[2026-09-29 16:19:54.993 thread:93473 info dds_sub_serialization_listener.h:565]:DDSSubSerializationListener: embosa state is shutdown, topic: /embosa_tf
[2026-09-29 16:19:54.993 thread:93469 warning RTPS_READER:237]:DDS Reader 01.0f.5c.69.f4.6c.96.ab.00.00.00.00|0.0.7.4 was configured to have a large history (5000 max samples), but the history size used with writer 01.0f.5c.69.3b.60.c8.8b.00.00.00.00|0.0.7.3 will be 7 max samples.
[2026-09-29 16:19:54.998 thread:93476 info dds_sub_listener.cc:248]:DDSSubListener: embosa state is shutdown, topic: bms
[2026-09-29 16:19:55.005 thread:93469 warning RTPS_TRANSPORT_SHM:508]:DDS (ID:281472241996256) fastrtps_port23911No such file or directory
[2026-09-29 16:19:55.008 thread:93473 info dds_pub_listener.cc:14]:DDSPubListener: embosa state is shutdown, topic: embosa_node_change_broadcast
[2026-09-29 16:19:55.017 thread:93492 info dds_sub_serialization_listener.h:354]:DDSSubSerializationListener: embosa state is shutdown, topic: /embosa_tf
[2026-09-29 16:19:55.025 thread:93473 info dds_pub_listener.cc:14]:DDSPubListener: embosa state is shutdown, topic: embosa_service_change_broadcast
[2026-09-29 16:19:55.025 thread:93473 info dds_sub_serialization_listener.h:565]:DDSSubSerializationListener: embosa state is shutdown, topic: embosa_node_change_broadcast
[2026-09-29 16:19:55.025 thread:93473 info dds_sub_serialization_listener.h:565]:DDSSubSerializationListener: embosa state is shutdown, topic: embosa_channel_change_broadcast
[2026-09-29 16:19:55.025 thread:93473 info dds_sub_serialization_listener.h:565]:DDSSubSerializationListener: embosa state is shutdown, topic: embosa_service_change_broadcast
[2026-09-29 16:19:55.026 thread:93473 info dds_sub_serialization_listener.h:565]:DDSSubSerializationListener: embosa state is shutdown, topic: embosa_node_change_broadcast
[2026-09-29 16:19:55.026 thread:93473 info dds_sub_serialization_listener.h:565]:DDSSubSerializationListener: embosa state is shutdown, topic: embosa_channel_change_broadcast
[2026-09-29 16:19:55.026 thread:93473 info dds_sub_serialization_listener.h:565]:DDSSubSerializationListener: embosa state is shutdown, topic: embosa_service_change_broadcast
[2026-09-29 16:19:55.026 thread:93473 info dds_sub_serialization_listener.h:565]:DDSSubSerializationListener: embosa state is shutdown, topic: embosa_node_change_broadcast
[2026-09-29 16:19:55.026 thread:93473 info dds_sub_serialization_listener.h:565]:DDSSubSerializationListener: embosa state is shutdown, topic: embosa_channel_change_broadcast
[2026-09-29 16:19:55.026 thread:93473 info dds_sub_serialization_listener.h:565]:DDSSubSerializationListener: embosa state is shutdown, topic: embosa_service_change_broadcast
[2026-09-29 16:19:55.027 thread:93473 info dds_pub_listener.cc:14]:DDSPubListener: embosa state is shutdown, topic: embosa_node_change_broadcast
[2026-09-29 16:19:55.027 thread:93476 info dds_sub_serialization_listener.h:354]:DDSSubSerializationListener: embosa state is shutdown, topic: /odom/base_link
[2026-09-29 16:19:55.027 thread:93476 info dds_sub_serialization_listener.h:354]:DDSSubSerializationListener: embosa state is shutdown, topic: embosa_node_change_broadcast
[2026-09-29 16:19:55.027 thread:93476 info dds_sub_serialization_listener.h:354]:DDSSubSerializationListener: embosa state is shutdown, topic: singorix/wbcs/sensor
[2026-09-29 16:19:55.027 thread:93476 info dds_sub_serialization_listener.h:354]:DDSSubSerializationListener: embosa state is shutdown, topic: embosa_channel_change_broadcast
[2026-09-29 16:19:55.027 thread:93476 info dds_sub_serialization_listener.h:354]:DDSSubSerializationListener: embosa state is shutdown, topic: embosa_channel_change_broadcast
[2026-09-29 16:19:55.027 thread:93476 info dds_sub_serialization_listener.h:354]:DDSSubSerializationListener: embosa state is shutdown, topic: embosa_channel_change_broadcast
[2026-09-29 16:19:55.027 thread:93476 info dds_sub_serialization_listener.h:354]:DDSSubSerializationListener: embosa state is shutdown, topic: embosa_channel_change_broadcast
[2026-09-29 16:19:55.027 thread:93476 info dds_sub_serialization_listener.h:354]:DDSSubSerializationListener: embosa state is shutdown, topic: embosa_channel_change_broadcast
[2026-09-29 16:19:55.027 thread:93476 info dds_sub_serialization_listener.h:354]:DDSSubSerializationListener: embosa state is shutdown, topic: embosa_channel_change_broadcast
[2026-09-29 16:19:55.027 thread:93476 info dds_sub_serialization_listener.h:354]:DDSSubSerializationListener: embosa state is shutdown, topic: embosa_channel_change_broadcast
[2026-09-29 16:19:55.027 thread:93476 info dds_sub_serialization_listener.h:354]:DDSSubSerializationListener: embosa state is shutdown, topic: embosa_channel_change_broadcast
[2026-09-29 16:19:55.027 thread:93476 info dds_sub_serialization_listener.h:354]:DDSSubSerializationListener: embosa state is shutdown, topic: embosa_channel_change_broadcast
[2026-09-29 16:19:55.027 thread:93476 info dds_sub_serialization_listener.h:354]:DDSSubSerializationListener: embosa state is shutdown, topic: embosa_channel_change_broadcast
[2026-09-29 16:19:55.027 thread:93476 info dds_sub_serialization_listener.h:354]:DDSSubSerializationListener: embosa state is shutdown, topic: embosa_channel_change_broadcast
[2026-09-29 16:19:55.027 thread:93476 info dds_sub_serialization_listener.h:354]:DDSSubSerializationListener: embosa state is shutdown, topic: embosa_service_change_broadcast
[2026-09-29 16:19:55.027 thread:93476 info dds_sub_serialization_listener.h:354]:DDSSubSerializationListener: embosa state is shutdown, topic: embosa_service_change_broadcast
[2026-09-29 16:19:55.027 thread:93476 info dds_sub_serialization_listener.h:354]:DDSSubSerializationListener: embosa state is shutdown, topic: embosa_service_change_broadcast
[2026-09-29 16:19:55.027 thread:93476 info dds_sub_serialization_listener.h:354]:DDSSubSerializationListener: embosa state is shutdown, topic: embosa_service_change_broadcast
[2026-09-29 16:19:55.027 thread:93476 info dds_sub_serialization_listener.h:354]:DDSSubSerializationListener: embosa state is shutdown, topic: embosa_service_change_broadcast
[2026-09-29 16:19:55.027 thread:93476 info dds_sub_serialization_listener.h:354]:DDSSubSerializationListener: embosa state is shutdown, topic: embosa_service_change_broadcast
[2026-09-29 16:19:55.027 thread:93476 info dds_sub_serialization_listener.h:354]:DDSSubSerializationListener: embosa state is shutdown, topic: embosa_service_change_broadcast
[2026-09-29 16:19:55.027 thread:93476 info dds_sub_serialization_listener.h:354]:DDSSubSerializationListener: embosa state is shutdown, topic: singorix/wbcs/wbc_info
[2026-09-29 16:19:55.027 thread:93476 info dds_sub_serialization_listener.h:354]:DDSSubSerializationListener: embosa state is shutdown, topic: /odom/base_link
[2026-09-29 16:19:55.027 thread:93476 info dds_sub_serialization_listener.h:354]:DDSSubSerializationListener: embosa state is shutdown, topic: singorix/wbcs/error
[2026-09-29 16:19:55.027 thread:93476 info dds_sub_serialization_listener.h:354]:DDSSubSerializationListener: embosa state is shutdown, topic: /odom/base_link
[2026-09-29 16:19:55.027 thread:93548 info dds_sub_serialization_listener.h:354]:DDSSubSerializationListener: embosa state is shutdown, topic: /galbot/mic
[2026-09-29 16:19:55.030 thread:93473 info dds_pub_listener.cc:14]:DDSPubListener: embosa state is shutdown, topic: embosa_service_change_broadcast
[2026-09-29 16:19:55.037 thread:93473 info dds_pub_listener.cc:14]:DDSPubListener: embosa state is shutdown, topic: embosa_node_change_broadcast
[2026-09-29 16:19:55.044 thread:93492 info dds_sub_serialization_listener.h:354]:DDSSubSerializationListener: embosa state is shutdown, topic: /embosa_tf
[2026-09-29 16:19:55.044 thread:93473 info dds_pub_listener.cc:14]:DDSPubListener: embosa state is shutdown, topic: embosa_service_change_broadcast
[2026-09-29 16:19:55.045 thread:93476 info dds_sub_serialization_listener.h:354]:DDSSubSerializationListener: embosa state is shutdown, topic: /odom/base_link
[2026-09-29 16:19:55.045 thread:93476 info dds_sub_serialization_listener.h:354]:DDSSubSerializationListener: embosa state is shutdown, topic: /odom/base_link
[2026-09-29 16:19:55.047 thread:93473 info dds_pub_listener.cc:14]:DDSPubListener: embosa state is shutdown, topic: embosa_node_change_broadcast
[2026-09-29 16:19:55.047 thread:93473 info dds_pub_listener.cc:14]:DDSPubListener: embosa state is shutdown, topic: embosa_service_change_broadcast
[2026-09-29 16:19:55.060 thread:93476 info dds_sub_serialization_listener.h:354]:DDSSubSerializationListener: embosa state is shutdown, topic: /odom/base_link
[2026-09-29 16:19:55.060 thread:93476 info dds_sub_serialization_listener.h:354]:DDSSubSerializationListener: embosa state is shutdown, topic: singorix/wbcs/sensor
[2026-09-29 16:19:55.060 thread:93492 info dds_sub_serialization_listener.h:354]:DDSSubSerializationListener: embosa state is shutdown, topic: /embosa_tf
[2026-09-29 16:19:55.061 thread:93477 info dds_sub_serialization_listener.h:354]:DDSSubSerializationListener: embosa state is shutdown, topic: embosa_node_change_broadcast
[2026-09-29 16:19:55.062 thread:93477 info dds_sub_serialization_listener.h:354]:DDSSubSerializationListener: embosa state is shutdown, topic: embosa_node_change_broadcast
[2026-09-29 16:19:55.064 thread:93477 info dds_sub_serialization_listener.h:354]:DDSSubSerializationListener: embosa state is shutdown, topic: embosa_channel_change_broadcast
[2026-09-29 16:19:55.065 thread:93477 info dds_sub_serialization_listener.h:354]:DDSSubSerializationListener: embosa state is shutdown, topic: embosa_channel_change_broadcast
[2026-09-29 16:19:55.065 thread:93476 info dds_sub_serialization_listener.h:354]:DDSSubSerializationListener: embosa state is shutdown, topic: /odom/base_link
[2026-09-29 16:19:55.066 thread:93477 info dds_sub_serialization_listener.h:354]:DDSSubSerializationListener: embosa state is shutdown, topic: embosa_channel_change_broadcast
[2026-09-29 16:19:55.066 thread:93476 info dds_sub_serialization_listener.h:354]:DDSSubSerializationListener: embosa state is shutdown, topic: singorix/wbcs/error
[2026-09-29 16:19:55.068 thread:93477 info dds_sub_serialization_listener.h:354]:DDSSubSerializationListener: embosa state is shutdown, topic: embosa_channel_change_broadcast
[2026-09-29 16:19:55.069 thread:93477 info dds_sub_serialization_listener.h:354]:DDSSubSerializationListener: embosa state is shutdown, topic: embosa_channel_change_broadcast
[2026-09-29 16:19:55.069 thread:93477 info dds_sub_serialization_listener.h:354]:DDSSubSerializationListener: embosa state is shutdown, topic: embosa_channel_change_broadcast
[2026-09-29 16:19:55.074 thread:93492 info dds_sub_serialization_listener.h:354]:DDSSubSerializationListener: embosa state is shutdown, topic: /embosa_tf
[2026-09-29 16:19:55.085 thread:93492 info dds_sub_serialization_listener.h:354]:DDSSubSerializationListener: embosa state is shutdown, topic: /embosa_tf
[2026-09-29 16:19:55.085 thread:93476 info dds_sub_serialization_listener.h:354]:DDSSubSerializationListener: embosa state is shutdown, topic: /odom/base_link
[2026-09-29 16:19:55.085 thread:93477 info dds_sub_serialization_listener.h:354]:DDSSubSerializationListener: embosa state is shutdown, topic: embosa_channel_change_broadcast
[2026-09-29 16:19:55.085 thread:93477 info dds_sub_serialization_listener.h:354]:DDSSubSerializationListener: embosa state is shutdown, topic: embosa_channel_change_broadcast
[2026-09-29 16:19:55.085 thread:93477 info dds_sub_serialization_listener.h:354]:DDSSubSerializationListener: embosa state is shutdown, topic: embosa_channel_change_broadcast
[2026-09-29 16:19:55.086 thread:93477 info dds_sub_serialization_listener.h:354]:DDSSubSerializationListener: embosa state is shutdown, topic: embosa_channel_change_broadcast
[2026-09-29 16:19:55.086 thread:93476 info dds_sub_serialization_listener.h:354]:DDSSubSerializationListener: embosa state is shutdown, topic: /odom/base_link
[2026-09-29 16:19:55.087 thread:93477 info dds_sub_serialization_listener.h:354]:DDSSubSerializationListener: embosa state is shutdown, topic: embosa_channel_change_broadcast
[2026-09-29 16:19:55.089 thread:93477 info dds_sub_serialization_listener.h:354]:DDSSubSerializationListener: embosa state is shutdown, topic: embosa_node_change_broadcast
[2026-09-29 16:19:55.090 thread:93477 info dds_sub_serialization_listener.h:354]:DDSSubSerializationListener: embosa state is shutdown, topic: embosa_channel_change_broadcast
[2026-09-29 16:19:55.091 thread:93477 info dds_sub_serialization_listener.h:354]:DDSSubSerializationListener: embosa state is shutdown, topic: embosa_channel_change_broadcast
[2026-09-29 16:19:55.092 thread:93477 info dds_sub_serialization_listener.h:354]:DDSSubSerializationListener: embosa state is shutdown, topic: embosa_channel_change_broadcast
[2026-09-29 16:19:55.104 thread:93492 info dds_sub_serialization_listener.h:354]:DDSSubSerializationListener: embosa state is shutdown, topic: /embosa_tf
[2026-09-29 16:19:55.107 thread:93477 info dds_sub_serialization_listener.h:354]:DDSSubSerializationListener: embosa state is shutdown, topic: embosa_channel_change_broadcast
[2026-09-29 16:19:55.107 thread:93477 info dds_sub_serialization_listener.h:354]:DDSSubSerializationListener: embosa state is shutdown, topic: embosa_channel_change_broadcast
[2026-09-29 16:19:55.107 thread:93477 info dds_sub_serialization_listener.h:354]:DDSSubSerializationListener: embosa state is shutdown, topic: embosa_channel_change_broadcast
[2026-09-29 16:19:55.107 thread:93477 info dds_sub_serialization_listener.h:354]:DDSSubSerializationListener: embosa state is shutdown, topic: embosa_channel_change_broadcast
[2026-09-29 16:19:55.107 thread:93477 info dds_sub_serialization_listener.h:354]:DDSSubSerializationListener: embosa state is shutdown, topic: embosa_channel_change_broadcast
[2026-09-29 16:19:55.107 thread:93477 info dds_sub_serialization_listener.h:354]:DDSSubSerializationListener: embosa state is shutdown, topic: embosa_channel_change_broadcast
[2026-09-29 16:19:55.108 thread:93476 info dds_sub_serialization_listener.h:354]:DDSSubSerializationListener: embosa state is shutdown, topic: /odom/base_link
[2026-09-29 16:19:55.108 thread:93476 info dds_sub_serialization_listener.h:354]:DDSSubSerializationListener: embosa state is shutdown, topic: /odom/base_link
[2026-09-29 16:19:55.110 thread:93477 info dds_sub_serialization_listener.h:354]:DDSSubSerializationListener: embosa state is shutdown, topic: embosa_channel_change_broadcast
[2026-09-29 16:19:55.111 thread:93477 info dds_sub_serialization_listener.h:354]:DDSSubSerializationListener: embosa state is shutdown, topic: embosa_channel_change_broadcast
[2026-09-29 16:19:55.112 thread:93477 info dds_sub_serialization_listener.h:354]:DDSSubSerializationListener: embosa state is shutdown, topic: embosa_channel_change_broadcast
[2026-09-29 16:19:55.113 thread:93477 info dds_sub_serialization_listener.h:354]:DDSSubSerializationListener: embosa state is shutdown, topic: embosa_channel_change_broadcast
[2026-09-29 16:19:55.115 thread:93476 info dds_sub_serialization_listener.h:354]:DDSSubSerializationListener: embosa state is shutdown, topic: /odom/base_link
[2026-09-29 16:19:55.115 thread:93477 info dds_sub_serialization_listener.h:354]:DDSSubSerializationListener: embosa state is shutdown, topic: embosa_channel_change_broadcast
[2026-09-29 16:19:55.117 thread:93477 info dds_sub_serialization_listener.h:354]:DDSSubSerializationListener: embosa state is shutdown, topic: embosa_channel_change_broadcast
[2026-09-29 16:19:55.118 thread:93477 info dds_sub_serialization_listener.h:354]:DDSSubSerializationListener: embosa state is shutdown, topic: embosa_service_change_broadcast
[2026-09-29 16:19:55.118 thread:93477 info dds_sub_serialization_listener.h:354]:DDSSubSerializationListener: embosa state is shutdown, topic: embosa_node_change_broadcast
[2026-09-29 16:19:55.118 thread:93477 info dds_sub_serialization_listener.h:354]:DDSSubSerializationListener: embosa state is shutdown, topic: embosa_channel_change_broadcast
[2026-09-29 16:19:55.119 thread:93548 info dds_sub_serialization_listener.h:354]:DDSSubSerializationListener: embosa state is shutdown, topic: /galbot/mic
[2026-09-29 16:19:55.119 thread:93477 info dds_sub_serialization_listener.h:354]:DDSSubSerializationListener: embosa state is shutdown, topic: embosa_node_change_broadcast
[2026-09-29 16:19:55.119 thread:93477 info dds_sub_serialization_listener.h:354]:DDSSubSerializationListener: embosa state is shutdown, topic: embosa_channel_change_broadcast
[2026-09-29 16:19:55.121 thread:93477 info dds_sub_serialization_listener.h:354]:DDSSubSerializationListener: embosa state is shutdown, topic: embosa_channel_change_broadcast
[2026-09-29 16:19:55.122 thread:93477 info dds_sub_serialization_listener.h:354]:DDSSubSerializationListener: embosa state is shutdown, topic: embosa_service_change_broadcast
[2026-09-29 16:19:55.122 thread:93477 info dds_sub_serialization_listener.h:354]:DDSSubSerializationListener: embosa state is shutdown, topic: embosa_service_change_broadcast
[2026-09-29 16:19:55.124 thread:93492 info dds_sub_serialization_listener.h:354]:DDSSubSerializationListener: embosa state is shutdown, topic: /embosa_tf
[2026-09-29 16:19:55.124 thread:93492 info dds_sub_serialization_listener.h:354]:DDSSubSerializationListener: embosa state is shutdown, topic: /embosa_tf
[2026-09-29 16:19:55.124 thread:93477 info dds_sub_serialization_listener.h:354]:DDSSubSerializationListener: embosa state is shutdown, topic: embosa_service_change_broadcast
[2026-09-29 16:19:55.126 thread:93476 info dds_sub_serialization_listener.h:354]:DDSSubSerializationListener: embosa state is shutdown, topic: /odom/base_link
[2026-09-29 16:19:55.126 thread:93477 info dds_sub_serialization_listener.h:354]:DDSSubSerializationListener: embosa state is shutdown, topic: embosa_node_change_broadcast
[2026-09-29 16:19:55.127 thread:93477 info dds_sub_serialization_listener.h:354]:DDSSubSerializationListener: embosa state is shutdown, topic: embosa_channel_change_broadcast
[2026-09-29 16:19:55.130 thread:93477 info dds_sub_serialization_listener.h:354]:DDSSubSerializationListener: embosa state is shutdown, topic: embosa_channel_change_broadcast
[2026-09-29 16:19:55.130 thread:93477 info dds_sub_serialization_listener.h:354]:DDSSubSerializationListener: embosa state is shutdown, topic: embosa_channel_change_broadcast
[2026-09-29 16:19:55.132 thread:93477 info dds_sub_serialization_listener.h:354]:DDSSubSerializationListener: embosa state is shutdown, topic: embosa_channel_change_broadcast
[2026-09-29 16:19:55.133 thread:93477 info dds_sub_serialization_listener.h:354]:DDSSubSerializationListener: embosa state is shutdown, topic: embosa_channel_change_broadcast
[2026-09-29 16:19:55.135 thread:93477 info dds_sub_serialization_listener.h:354]:DDSSubSerializationListener: embosa state is shutdown, topic: embosa_channel_change_broadcast
[2026-09-29 16:19:55.135 thread:93476 info dds_sub_serialization_listener.h:354]:DDSSubSerializationListener: embosa state is shutdown, topic: /odom/base_link
[2026-09-29 16:19:55.137 thread:93477 info dds_sub_serialization_listener.h:354]:DDSSubSerializationListener: embosa state is shutdown, topic: embosa_channel_change_broadcast
[2026-09-29 16:19:55.138 thread:93477 info dds_sub_serialization_listener.h:354]:DDSSubSerializationListener: embosa state is shutdown, topic: embosa_channel_change_broadcast
[2026-09-29 16:19:55.138 thread:93477 info dds_sub_serialization_listener.h:354]:DDSSubSerializationListener: embosa state is shutdown, topic: embosa_channel_change_broadcast
[2026-09-29 16:19:55.141 thread:93477 info dds_sub_serialization_listener.h:354]:DDSSubSerializationListener: embosa state is shutdown, topic: embosa_channel_change_broadcast
[2026-09-29 16:19:55.141 thread:93477 info dds_sub_serialization_listener.h:354]:DDSSubSerializationListener: embosa state is shutdown, topic: embosa_node_change_broadcast
[2026-09-29 16:19:55.143 thread:93477 info dds_sub_serialization_listener.h:354]:DDSSubSerializationListener: embosa state is shutdown, topic: embosa_channel_change_broadcast
[2026-09-29 16:19:55.143 thread:93477 info dds_sub_serialization_listener.h:354]:DDSSubSerializationListener: embosa state is shutdown, topic: embosa_node_change_broadcast
[2026-09-29 16:19:55.144 thread:93476 info dds_sub_serialization_listener.h:354]:DDSSubSerializationListener: embosa state is shutdown, topic: /galbot/mission_manager/onboard_config
[2026-09-29 16:19:55.144 thread:93477 info dds_sub_serialization_listener.h:354]:DDSSubSerializationListener: embosa state is shutdown, topic: embosa_channel_change_broadcast
[2026-09-29 16:19:55.144 thread:93492 info dds_sub_serialization_listener.h:354]:DDSSubSerializationListener: embosa state is shutdown, topic: /embosa_tf
[2026-09-29 16:19:55.145 thread:93477 info dds_sub_serialization_listener.h:354]:DDSSubSerializationListener: embosa state is shutdown, topic: embosa_channel_change_broadcast
[2026-09-29 16:19:55.146 thread:93476 info dds_sub_serialization_listener.h:354]:DDSSubSerializationListener: embosa state is shutdown, topic: /odom/base_link
[2026-09-29 16:19:55.146 thread:93477 info dds_sub_serialization_listener.h:354]:DDSSubSerializationListener: embosa state is shutdown, topic: embosa_channel_change_broadcast
[2026-09-29 16:19:55.147 thread:93477 info dds_sub_serialization_listener.h:354]:DDSSubSerializationListener: embosa state is shutdown, topic: embosa_channel_change_broadcast
[2026-09-29 16:19:55.148 thread:93477 info dds_sub_serialization_listener.h:354]:DDSSubSerializationListener: embosa state is shutdown, topic: embosa_channel_change_broadcast
[2026-09-29 16:19:55.149 thread:93477 info dds_sub_serialization_listener.h:354]:DDSSubSerializationListener: embosa state is shutdown, topic: embosa_channel_change_broadcast
[2026-09-29 16:19:55.151 thread:93477 info dds_sub_serialization_listener.h:354]:DDSSubSerializationListener: embosa state is shutdown, topic: embosa_service_change_broadcast
[2026-09-29 16:19:55.155 thread:93476 info dds_sub_serialization_listener.h:354]:DDSSubSerializationListener: embosa state is shutdown, topic: /odom/base_link
[2026-09-29 16:19:55.165 thread:93492 info dds_sub_serialization_listener.h:354]:DDSSubSerializationListener: embosa state is shutdown, topic: /embosa_tf
[2026-09-29 16:19:55.167 thread:93476 info dds_sub_serialization_listener.h:354]:DDSSubSerializationListener: embosa state is shutdown, topic: /odom/base_link
[2026-09-29 16:19:55.176 thread:93548 info dds_sub_serialization_listener.h:354]:DDSSubSerializationListener: embosa state is shutdown, topic: /galbot/mic
[2026-09-29 16:19:55.176 thread:93476 info dds_sub_serialization_listener.h:354]:DDSSubSerializationListener: embosa state is shutdown, topic: /odom/base_link
[2026-09-29 16:19:55.185 thread:93492 info dds_sub_serialization_listener.h:354]:DDSSubSerializationListener: embosa state is shutdown, topic: /embosa_tf
[2026-09-29 16:19:55.185 thread:93476 info dds_sub_serialization_listener.h:354]:DDSSubSerializationListener: embosa state is shutdown, topic: /odom/base_link
[2026-09-29 16:19:55.196 thread:93476 info dds_sub_serialization_listener.h:354]:DDSSubSerializationListener: embosa state is shutdown, topic: /odom/base_link
[2026-09-29 16:19:55.205 thread:93476 info dds_sub_serialization_listener.h:354]:DDSSubSerializationListener: embosa state is shutdown, topic: /odom/base_link
[2026-09-29 16:19:55.208 thread:93492 info dds_sub_serialization_listener.h:354]:DDSSubSerializationListener: embosa state is shutdown, topic: /embosa_tf
[2026-09-29 16:19:55.209 thread:93493 info dds_sub_serialization_listener.h:354]:DDSSubSerializationListener: embosa state is shutdown, topic: /embosa_tf_static
[2026-09-29 16:19:55.216 thread:93476 info dds_sub_serialization_listener.h:354]:DDSSubSerializationListener: embosa state is shutdown, topic: /odom/base_link
[2026-09-29 16:19:55.225 thread:93476 info dds_sub_serialization_listener.h:354]:DDSSubSerializationListener: embosa state is shutdown, topic: /odom/base_link
[2026-09-29 16:19:55.227 thread:93492 info dds_sub_serialization_listener.h:354]:DDSSubSerializationListener: embosa state is shutdown, topic: /embosa_tf
[2026-09-29 16:19:55.236 thread:93476 info dds_sub_serialization_listener.h:354]:DDSSubSerializationListener: embosa state is shutdown, topic: /odom/base_link
[2026-09-29 16:19:55.246 thread:93476 info dds_sub_serialization_listener.h:354]:DDSSubSerializationListener: embosa state is shutdown, topic: /odom/base_link
[2026-09-29 16:19:55.246 thread:93492 info dds_sub_serialization_listener.h:354]:DDSSubSerializationListener: embosa state is shutdown, topic: /embosa_tf
[2026-09-29 16:19:55.255 thread:93476 info dds_sub_serialization_listener.h:354]:DDSSubSerializationListener: embosa state is shutdown, topic: /odom/base_link
[2026-09-29 16:19:55.259 thread:93548 info dds_sub_serialization_listener.h:354]:DDSSubSerializationListener: embosa state is shutdown, topic: /galbot/mic
[2026-09-29 16:19:55.267 thread:93476 info dds_sub_serialization_listener.h:354]:DDSSubSerializationListener: embosa state is shutdown, topic: /odom/base_link
[2026-09-29 16:19:55.267 thread:93492 info dds_sub_serialization_listener.h:354]:DDSSubSerializationListener: embosa state is shutdown, topic: /embosa_tf
[2026-09-29 16:19:55.276 thread:93476 info dds_sub_serialization_listener.h:354]:DDSSubSerializationListener: embosa state is shutdown, topic: /odom/base_link
[2026-09-29 16:19:55.285 thread:93476 info dds_sub_serialization_listener.h:354]:DDSSubSerializationListener: embosa state is shutdown, topic: /odom/base_link
[2026-09-29 16:19:55.287 thread:93492 info dds_sub_serialization_listener.h:354]:DDSSubSerializationListener: embosa state is shutdown, topic: /embosa_tf
[2026-09-29 16:19:55.296 thread:93476 info dds_sub_serialization_listener.h:354]:DDSSubSerializationListener: embosa state is shutdown, topic: /odom/base_link
[2026-09-29 16:19:55.306 thread:93476 info dds_sub_serialization_listener.h:354]:DDSSubSerializationListener: embosa state is shutdown, topic: /odom/base_link
[2026-09-29 16:19:55.307 thread:93492 info dds_sub_serialization_listener.h:354]:DDSSubSerializationListener: embosa state is shutdown, topic: /embosa_tf
[2026-09-29 16:19:55.317 thread:93476 info dds_sub_serialization_listener.h:354]:DDSSubSerializationListener: embosa state is shutdown, topic: /odom/base_link
[2026-09-29 16:19:55.321 thread:93548 info dds_sub_serialization_listener.h:354]:DDSSubSerializationListener: embosa state is shutdown, topic: /galbot/mic
[2026-09-29 16:19:55.326 thread:93476 info dds_sub_serialization_listener.h:354]:DDSSubSerializationListener: embosa state is shutdown, topic: /odom/base_link
[2026-09-29 16:19:55.327 thread:93492 info dds_sub_serialization_listener.h:354]:DDSSubSerializationListener: embosa state is shutdown, topic: /embosa_tf
[2026-09-29 16:19:55.329 thread:93493 info dds_sub_serialization_listener.h:354]:DDSSubSerializationListener: embosa state is shutdown, topic: /embosa_tf_static
[2026-09-29 16:19:55.336 thread:93476 info dds_sub_serialization_listener.h:354]:DDSSubSerializationListener: embosa state is shutdown, topic: /odom/base_link
[2026-09-29 16:19:55.346 thread:93476 info dds_sub_serialization_listener.h:354]:DDSSubSerializationListener: embosa state is shutdown, topic: /odom/base_link
[2026-09-29 16:19:55.347 thread:93492 info dds_sub_serialization_listener.h:354]:DDSSubSerializationListener: embosa state is shutdown, topic: /embosa_tf
[2026-09-29 16:19:55.356 thread:93476 info dds_sub_serialization_listener.h:354]:DDSSubSerializationListener: embosa state is shutdown, topic: /odom/base_link
[2026-09-29 16:19:55.366 thread:93476 info dds_sub_serialization_listener.h:354]:DDSSubSerializationListener: embosa state is shutdown, topic: /odom/base_link
[2026-09-29 16:19:55.367 thread:93492 info dds_sub_serialization_listener.h:354]:DDSSubSerializationListener: embosa state is shutdown, topic: /embosa_tf
[2026-09-29 16:19:55.375 thread:93476 info dds_sub_serialization_listener.h:354]:DDSSubSerializationListener: embosa state is shutdown, topic: /odom/base_link
[2026-09-29 16:19:55.380 thread:93492 info dds_sub_serialization_listener.h:354]:DDSSubSerializationListener: embosa state is shutdown, topic: /embosa_tf
[2026-09-29 16:19:55.380 thread:93492 info dds_sub_serialization_listener.h:354]:DDSSubSerializationListener: embosa state is shutdown, topic: /embosa_tf
[2026-09-29 16:19:55.385 thread:93476 info dds_sub_serialization_listener.h:354]:DDSSubSerializationListener: embosa state is shutdown, topic: /odom/base_link
[2026-09-29 16:19:55.386 thread:93476 info dds_sub_serialization_listener.h:354]:DDSSubSerializationListener: embosa state is shutdown, topic: singorix/wbcs/sensor
[2026-09-29 16:19:55.387 thread:93492 info dds_sub_serialization_listener.h:354]:DDSSubSerializationListener: embosa state is shutdown, topic: /embosa_tf
[2026-09-29 16:19:55.387 thread:93492 info dds_sub_serialization_listener.h:354]:DDSSubSerializationListener: embosa state is shutdown, topic: /embosa_tf
[2026-09-29 16:19:55.387 thread:93476 info dds_sub_serialization_listener.h:354]:DDSSubSerializationListener: embosa state is shutdown, topic: singorix/wbcs/wbc_info
[2026-09-29 16:19:55.387 thread:93476 info dds_sub_serialization_listener.h:354]:DDSSubSerializationListener: embosa state is shutdown, topic: singorix/wbcs/error
[2026-09-29 16:19:55.388 thread:93476 info dds_sub_serialization_listener.h:354]:DDSSubSerializationListener: embosa state is shutdown, topic: singorix/wbcs/sensor
[2026-09-29 16:19:55.388 thread:93476 info dds_sub_serialization_listener.h:354]:DDSSubSerializationListener: embosa state is shutdown, topic: singorix/wbcs/error
[2026-09-29 16:19:55.389 thread:93476 info dds_sub_serialization_listener.h:354]:DDSSubSerializationListener: embosa state is shutdown, topic: singorix/wbcs/sensor
[2026-09-29 16:19:55.389 thread:93476 info dds_sub_serialization_listener.h:354]:DDSSubSerializationListener: embosa state is shutdown, topic: singorix/wbcs/wbc_info
[2026-09-29 16:19:55.389 thread:93476 info dds_sub_serialization_listener.h:354]:DDSSubSerializationListener: embosa state is shutdown, topic: singorix/wbcs/error
[2026-09-29 16:19:55.390 thread:93476 info dds_sub_serialization_listener.h:354]:DDSSubSerializationListener: embosa state is shutdown, topic: singorix/wbcs/sensor
[2026-09-29 16:19:55.390 thread:93476 info dds_sub_serialization_listener.h:354]:DDSSubSerializationListener: embosa state is shutdown, topic: singorix/wbcs/error
[2026-09-29 16:19:55.391 thread:93476 info dds_sub_serialization_listener.h:354]:DDSSubSerializationListener: embosa state is shutdown, topic: singorix/wbcs/sensor
[2026-09-29 16:19:55.391 thread:93476 info dds_sub_serialization_listener.h:354]:DDSSubSerializationListener: embosa state is shutdown, topic: singorix/wbcs/wbc_info
[2026-09-29 16:19:55.392 thread:93476 info dds_sub_serialization_listener.h:354]:DDSSubSerializationListener: embosa state is shutdown, topic: singorix/wbcs/error
[2026-09-29 16:19:55.392 thread:93476 info dds_sub_serialization_listener.h:354]:DDSSubSerializationListener: embosa state is shutdown, topic: singorix/wbcs/sensor
[2026-09-29 16:19:55.392 thread:93476 info dds_sub_serialization_listener.h:354]:DDSSubSerializationListener: embosa state is shutdown, topic: singorix/wbcs/error
[2026-09-29 16:19:55.393 thread:93476 info dds_sub_serialization_listener.h:354]:DDSSubSerializationListener: embosa state is shutdown, topic: singorix/wbcs/sensor
[2026-09-29 16:19:55.394 thread:93476 info dds_sub_serialization_listener.h:354]:DDSSubSerializationListener: embosa state is shutdown, topic: /odom/base_link
[2026-09-29 16:19:55.395 thread:93476 info dds_sub_serialization_listener.h:354]:DDSSubSerializationListener: embosa state is shutdown, topic: singorix/wbcs/wbc_info
[2026-09-29 16:19:55.396 thread:93476 info dds_sub_serialization_listener.h:354]:DDSSubSerializationListener: embosa state is shutdown, topic: singorix/wbcs/error
[2026-09-29 16:19:55.396 thread:93476 info dds_sub_serialization_listener.h:354]:DDSSubSerializationListener: embosa state is shutdown, topic: singorix/wbcs/sensor
[2026-09-29 16:19:55.397 thread:93476 info dds_sub_serialization_listener.h:354]:DDSSubSerializationListener: embosa state is shutdown, topic: singorix/wbcs/error
[2026-09-29 16:19:55.398 thread:93476 info dds_sub_serialization_listener.h:354]:DDSSubSerializationListener: embosa state is shutdown, topic: singorix/wbcs/sensor
[2026-09-29 16:19:55.399 thread:93476 info dds_sub_serialization_listener.h:354]:DDSSubSerializationListener: embosa state is shutdown, topic: singorix/wbcs/wbc_info
[2026-09-29 16:19:55.400 thread:93476 info dds_sub_serialization_listener.h:354]:DDSSubSerializationListener: embosa state is shutdown, topic: singorix/wbcs/error
[2026-09-29 16:19:55.401 thread:93476 info dds_sub_serialization_listener.h:354]:DDSSubSerializationListener: embosa state is shutdown, topic: singorix/wbcs/sensor
[2026-09-29 16:19:55.402 thread:93476 info dds_sub_serialization_listener.h:354]:DDSSubSerializationListener: embosa state is shutdown, topic: singorix/wbcs/error
[2026-09-29 16:19:55.403 thread:93476 info dds_sub_serialization_listener.h:354]:DDSSubSerializationListener: embosa state is shutdown, topic: singorix/wbcs/sensor
[2026-09-29 16:19:55.404 thread:93476 info dds_sub_serialization_listener.h:354]:DDSSubSerializationListener: embosa state is shutdown, topic: singorix/wbcs/wbc_info
[2026-09-29 16:19:55.405 thread:93476 info dds_sub_serialization_listener.h:354]:DDSSubSerializationListener: embosa state is shutdown, topic: singorix/wbcs/error
[2026-09-29 16:19:55.405 thread:93476 info dds_sub_serialization_listener.h:354]:DDSSubSerializationListener: embosa state is shutdown, topic: /odom/base_link
[2026-09-29 16:19:55.406 thread:93476 info dds_sub_serialization_listener.h:354]:DDSSubSerializationListener: embosa state is shutdown, topic: singorix/wbcs/sensor
[2026-09-29 16:19:55.407 thread:93492 info dds_sub_serialization_listener.h:354]:DDSSubSerializationListener: embosa state is shutdown, topic: /embosa_tf
[2026-09-29 16:19:55.407 thread:93476 info dds_sub_serialization_listener.h:354]:DDSSubSerializationListener: embosa state is shutdown, topic: singorix/wbcs/error
[2026-09-29 16:19:55.408 thread:93476 info dds_sub_serialization_listener.h:354]:DDSSubSerializationListener: embosa state is shutdown, topic: singorix/wbcs/sensor
[2026-09-29 16:19:55.408 thread:93492 info dds_sub_serialization_listener.h:354]:DDSSubSerializationListener: embosa state is shutdown, topic: /embosa_tf
[2026-09-29 16:19:55.408 thread:93476 info dds_sub_serialization_listener.h:354]:DDSSubSerializationListener: embosa state is shutdown, topic: singorix/wbcs/wbc_info
[2026-09-29 16:19:55.408 thread:93476 info dds_sub_serialization_listener.h:354]:DDSSubSerializationListener: embosa state is shutdown, topic: singorix/wbcs/error
[2026-09-29 16:19:55.409 thread:93476 info dds_sub_serialization_listener.h:354]:DDSSubSerializationListener: embosa state is shutdown, topic: singorix/wbcs/sensor
[2026-09-29 16:19:55.410 thread:93476 info dds_sub_serialization_listener.h:354]:DDSSubSerializationListener: embosa state is shutdown, topic: singorix/wbcs/error
[2026-09-29 16:19:55.410 thread:93476 info dds_sub_serialization_listener.h:354]:DDSSubSerializationListener: embosa state is shutdown, topic: singorix/wbcs/sensor
[2026-09-29 16:19:55.410 thread:93476 info dds_sub_serialization_listener.h:354]:DDSSubSerializationListener: embosa state is shutdown, topic: singorix/wbcs/wbc_info
[2026-09-29 16:19:55.411 thread:93476 info dds_sub_serialization_listener.h:354]:DDSSubSerializationListener: embosa state is shutdown, topic: singorix/wbcs/error
[2026-09-29 16:19:55.411 thread:93476 info dds_sub_serialization_listener.h:354]:DDSSubSerializationListener: embosa state is shutdown, topic: singorix/wbcs/sensor
[2026-09-29 16:19:55.412 thread:93476 info dds_sub_serialization_listener.h:354]:DDSSubSerializationListener: embosa state is shutdown, topic: singorix/wbcs/error
[2026-09-29 16:19:55.412 thread:93476 info dds_sub_serialization_listener.h:354]:DDSSubSerializationListener: embosa state is shutdown, topic: singorix/wbcs/sensor
[2026-09-29 16:19:55.413 thread:93476 info dds_sub_serialization_listener.h:354]:DDSSubSerializationListener: embosa state is shutdown, topic: singorix/wbcs/wbc_info
[2026-09-29 16:19:55.413 thread:93476 info dds_sub_serialization_listener.h:354]:DDSSubSerializationListener: embosa state is shutdown, topic: singorix/wbcs/error
[2026-09-29 16:19:55.414 thread:93476 info dds_sub_serialization_listener.h:354]:DDSSubSerializationListener: embosa state is shutdown, topic: singorix/wbcs/sensor
[2026-09-29 16:19:55.414 thread:93476 info dds_sub_serialization_listener.h:354]:DDSSubSerializationListener: embosa state is shutdown, topic: singorix/wbcs/error
[2026-09-29 16:19:55.414 thread:93476 info dds_sub_serialization_listener.h:354]:DDSSubSerializationListener: embosa state is shutdown, topic: singorix/wbcs/sensor
[2026-09-29 16:19:55.415 thread:93476 info dds_sub_serialization_listener.h:354]:DDSSubSerializationListener: embosa state is shutdown, topic: singorix/wbcs/wbc_info
[2026-09-29 16:19:55.415 thread:93476 info dds_sub_serialization_listener.h:354]:DDSSubSerializationListener: embosa state is shutdown, topic: /odom/base_link
[2026-09-29 16:19:55.416 thread:93476 info dds_sub_serialization_listener.h:354]:DDSSubSerializationListener: embosa state is shutdown, topic: singorix/wbcs/error
[2026-09-29 16:19:55.416 thread:93476 info dds_sub_serialization_listener.h:354]:DDSSubSerializationListener: embosa state is shutdown, topic: singorix/wbcs/sensor
[2026-09-29 16:19:55.416 thread:93476 info dds_sub_serialization_listener.h:354]:DDSSubSerializationListener: embosa state is shutdown, topic: singorix/wbcs/error
[2026-09-29 16:19:55.417 thread:93476 info dds_sub_serialization_listener.h:354]:DDSSubSerializationListener: embosa state is shutdown, topic: singorix/wbcs/sensor
[2026-09-29 16:19:55.418 thread:93476 info dds_sub_serialization_listener.h:354]:DDSSubSerializationListener: embosa state is shutdown, topic: singorix/wbcs/wbc_info
[2026-09-29 16:19:55.419 thread:93476 info dds_sub_serialization_listener.h:354]:DDSSubSerializationListener: embosa state is shutdown, topic: singorix/wbcs/error
[2026-09-29 16:19:55.419 thread:93476 info dds_sub_serialization_listener.h:354]:DDSSubSerializationListener: embosa state is shutdown, topic: singorix/wbcs/sensor
[2026-09-29 16:19:55.419 thread:93476 info dds_sub_serialization_listener.h:354]:DDSSubSerializationListener: embosa state is shutdown, topic: singorix/wbcs/error
[2026-09-29 16:19:55.420 thread:93476 info dds_sub_serialization_listener.h:354]:DDSSubSerializationListener: embosa state is shutdown, topic: singorix/wbcs/sensor
[2026-09-29 16:19:55.421 thread:93476 info dds_sub_serialization_listener.h:354]:DDSSubSerializationListener: embosa state is shutdown, topic: singorix/wbcs/wbc_info
[2026-09-29 16:19:55.421 thread:93476 info dds_sub_serialization_listener.h:354]:DDSSubSerializationListener: embosa state is shutdown, topic: singorix/wbcs/error
[2026-09-29 16:19:55.422 thread:93476 info dds_sub_serialization_listener.h:354]:DDSSubSerializationListener: embosa state is shutdown, topic: singorix/wbcs/sensor
[2026-09-29 16:19:55.424 thread:93476 info dds_sub_serialization_listener.h:354]:DDSSubSerializationListener: embosa state is shutdown, topic: singorix/wbcs/error
[2026-09-29 16:19:55.425 thread:93548 info dds_sub_serialization_listener.h:354]:DDSSubSerializationListener: embosa state is shutdown, topic: /galbot/mic
[2026-09-29 16:19:55.425 thread:93476 info dds_sub_serialization_listener.h:354]:DDSSubSerializationListener: embosa state is shutdown, topic: /odom/base_link
[2026-09-29 16:19:55.427 thread:93476 info dds_sub_serialization_listener.h:354]:DDSSubSerializationListener: embosa state is shutdown, topic: singorix/wbcs/sensor
[2026-09-29 16:19:55.427 thread:93492 info dds_sub_serialization_listener.h:354]:DDSSubSerializationListener: embosa state is shutdown, topic: /embosa_tf
[2026-09-29 16:19:55.428 thread:93476 info dds_sub_serialization_listener.h:354]:DDSSubSerializationListener: embosa state is shutdown, topic: singorix/wbcs/wbc_info
[2026-09-29 16:19:55.431 thread:93476 info dds_sub_serialization_listener.h:354]:DDSSubSerializationListener: embosa state is shutdown, topic: singorix/wbcs/error
[2026-09-29 16:19:55.433 thread:93492 info dds_sub_serialization_listener.h:354]:DDSSubSerializationListener: embosa state is shutdown, topic: /embosa_tf
[2026-09-29 16:19:55.434 thread:93476 info dds_sub_serialization_listener.h:354]:DDSSubSerializationListener: embosa state is shutdown, topic: singorix/wbcs/sensor
[2026-09-29 16:19:55.435 thread:93476 info dds_sub_serialization_listener.h:354]:DDSSubSerializationListener: embosa state is shutdown, topic: singorix/wbcs/error
[2026-09-29 16:19:55.436 thread:93476 info dds_sub_serialization_listener.h:354]:DDSSubSerializationListener: embosa state is shutdown, topic: /odom/base_link
[2026-09-29 16:19:55.436 thread:93476 info dds_sub_serialization_listener.h:354]:DDSSubSerializationListener: embosa state is shutdown, topic: singorix/wbcs/sensor
[2026-09-29 16:19:55.437 thread:93476 info dds_sub_serialization_listener.h:354]:DDSSubSerializationListener: embosa state is shutdown, topic: singorix/wbcs/wbc_info
[2026-09-29 16:19:55.438 thread:93476 info dds_sub_serialization_listener.h:354]:DDSSubSerializationListener: embosa state is shutdown, topic: singorix/wbcs/error
[2026-09-29 16:19:55.439 thread:93476 info dds_sub_serialization_listener.h:354]:DDSSubSerializationListener: embosa state is shutdown, topic: singorix/wbcs/sensor
[2026-09-29 16:19:55.440 thread:93476 info dds_sub_serialization_listener.h:354]:DDSSubSerializationListener: embosa state is shutdown, topic: singorix/wbcs/error
[2026-09-29 16:19:55.441 thread:93476 info dds_sub_serialization_listener.h:354]:DDSSubSerializationListener: embosa state is shutdown, topic: singorix/wbcs/sensor
[2026-09-29 16:19:55.442 thread:93476 info dds_sub_serialization_listener.h:354]:DDSSubSerializationListener: embosa state is shutdown, topic: singorix/wbcs/wbc_info
[2026-09-29 16:19:55.443 thread:93476 info dds_sub_serialization_listener.h:354]:DDSSubSerializationListener: embosa state is shutdown, topic: singorix/wbcs/error
[2026-09-29 16:19:55.445 thread:93476 info dds_sub_serialization_listener.h:354]:DDSSubSerializationListener: embosa state is shutdown, topic: /odom/base_link
[2026-09-29 16:19:55.447 thread:93476 info dds_sub_serialization_listener.h:354]:DDSSubSerializationListener: embosa state is shutdown, topic: singorix/wbcs/sensor
[2026-09-29 16:19:55.447 thread:93492 info dds_sub_serialization_listener.h:354]:DDSSubSerializationListener: embosa state is shutdown, topic: /embosa_tf
[2026-09-29 16:19:55.448 thread:93476 info dds_sub_serialization_listener.h:354]:DDSSubSerializationListener: embosa state is shutdown, topic: singorix/wbcs/error
[2026-09-29 16:19:55.448 thread:93476 info dds_sub_serialization_listener.h:354]:DDSSubSerializationListener: embosa state is shutdown, topic: singorix/wbcs/sensor
[2026-09-29 16:19:55.449 thread:93476 info dds_sub_serialization_listener.h:354]:DDSSubSerializationListener: embosa state is shutdown, topic: singorix/wbcs/wbc_info
[2026-09-29 16:19:55.449 thread:93476 info dds_sub_serialization_listener.h:354]:DDSSubSerializationListener: embosa state is shutdown, topic: singorix/wbcs/error
[2026-09-29 16:19:55.455 thread:93476 info dds_sub_serialization_listener.h:354]:DDSSubSerializationListener: embosa state is shutdown, topic: /odom/base_link
[2026-09-29 16:19:55.457 thread:93476 info dds_sub_serialization_listener.h:354]:DDSSubSerializationListener: embosa state is shutdown, topic: singorix/wbcs/sensor
[2026-09-29 16:19:55.457 thread:93476 info dds_sub_serialization_listener.h:354]:DDSSubSerializationListener: embosa state is shutdown, topic: singorix/wbcs/error
[2026-09-29 16:19:55.458 thread:93492 info dds_sub_serialization_listener.h:354]:DDSSubSerializationListener: embosa state is shutdown, topic: /embosa_tf
[2026-09-29 16:19:55.458 thread:93476 info dds_sub_serialization_listener.h:354]:DDSSubSerializationListener: embosa state is shutdown, topic: singorix/wbcs/sensor
[2026-09-29 16:19:55.459 thread:93476 info dds_sub_serialization_listener.h:354]:DDSSubSerializationListener: embosa state is shutdown, topic: singorix/wbcs/wbc_info
[2026-09-29 16:19:55.459 thread:93476 info dds_sub_serialization_listener.h:354]:DDSSubSerializationListener: embosa state is shutdown, topic: singorix/wbcs/error
[2026-09-29 16:19:55.460 thread:93476 info dds_sub_serialization_listener.h:354]:DDSSubSerializationListener: embosa state is shutdown, topic: singorix/wbcs/sensor
[2026-09-29 16:19:55.460 thread:93476 info dds_sub_serialization_listener.h:354]:DDSSubSerializationListener: embosa state is shutdown, topic: singorix/wbcs/error
[2026-09-29 16:19:55.461 thread:93476 info dds_sub_serialization_listener.h:354]:DDSSubSerializationListener: embosa state is shutdown, topic: singorix/wbcs/sensor
[2026-09-29 16:19:55.461 thread:93476 info dds_sub_serialization_listener.h:354]:DDSSubSerializationListener: embosa state is shutdown, topic: singorix/wbcs/wbc_info
[2026-09-29 16:19:55.462 thread:93476 info dds_sub_serialization_listener.h:354]:DDSSubSerializationListener: embosa state is shutdown, topic: singorix/wbcs/error
[2026-09-29 16:19:55.463 thread:93476 info dds_sub_serialization_listener.h:354]:DDSSubSerializationListener: embosa state is shutdown, topic: singorix/wbcs/sensor
[2026-09-29 16:19:55.464 thread:93476 info dds_sub_serialization_listener.h:354]:DDSSubSerializationListener: embosa state is shutdown, topic: singorix/wbcs/error
[2026-09-29 16:19:55.465 thread:93476 info dds_sub_serialization_listener.h:354]:DDSSubSerializationListener: embosa state is shutdown, topic: /odom/base_link
[2026-09-29 16:19:55.467 thread:93492 info dds_sub_serialization_listener.h:354]:DDSSubSerializationListener: embosa state is shutdown, topic: /embosa_tf
[2026-09-29 16:19:55.470 thread:93476 info dds_sub_serialization_listener.h:354]:DDSSubSerializationListener: embosa state is shutdown, topic: singorix/wbcs/sensor
[2026-09-29 16:19:55.471 thread:93476 info dds_sub_serialization_listener.h:354]:DDSSubSerializationListener: embosa state is shutdown, topic: singorix/wbcs/wbc_info
[2026-09-29 16:19:55.471 thread:93476 info dds_sub_serialization_listener.h:354]:DDSSubSerializationListener: embosa state is shutdown, topic: singorix/wbcs/error
[2026-09-29 16:19:55.476 thread:93548 info dds_sub_serialization_listener.h:354]:DDSSubSerializationListener: embosa state is shutdown, topic: /galbot/mic
[2026-09-29 16:19:55.476 thread:93476 info dds_sub_serialization_listener.h:354]:DDSSubSerializationListener: embosa state is shutdown, topic: /odom/base_link
[2026-09-29 16:19:55.479 thread:93476 info dds_sub_serialization_listener.h:354]:DDSSubSerializationListener: embosa state is shutdown, topic: singorix/wbcs/sensor
[2026-09-29 16:19:55.479 thread:93492 info dds_sub_serialization_listener.h:354]:DDSSubSerializationListener: embosa state is shutdown, topic: /embosa_tf
[2026-09-29 16:19:55.479 thread:93476 info dds_sub_serialization_listener.h:354]:DDSSubSerializationListener: embosa state is shutdown, topic: singorix/wbcs/error
[2026-09-29 16:19:55.485 thread:93476 info dds_sub_serialization_listener.h:354]:DDSSubSerializationListener: embosa state is shutdown, topic: /odom/base_link
[2026-09-29 16:19:55.485 thread:93476 info dds_sub_serialization_listener.h:354]:DDSSubSerializationListener: embosa state is shutdown, topic: singorix/wbcs/sensor
[2026-09-29 16:19:55.487 thread:93476 info dds_sub_serialization_listener.h:354]:DDSSubSerializationListener: embosa state is shutdown, topic: singorix/wbcs/wbc_info
[2026-09-29 16:19:55.487 thread:93476 info dds_sub_serialization_listener.h:354]:DDSSubSerializationListener: embosa state is shutdown, topic: singorix/wbcs/error
[2026-09-29 16:19:55.488 thread:93492 info dds_sub_serialization_listener.h:354]:DDSSubSerializationListener: embosa state is shutdown, topic: /embosa_tf
[2026-09-29 16:19:55.493 thread:93476 info dds_sub_serialization_listener.h:354]:DDSSubSerializationListener: embosa state is shutdown, topic: singorix/wbcs/sensor
[2026-09-29 16:19:55.495 thread:93476 info dds_sub_serialization_listener.h:354]:DDSSubSerializationListener: embosa state is shutdown, topic: /odom/base_link
[2026-09-29 16:19:55.496 thread:93476 info dds_sub_serialization_listener.h:354]:DDSSubSerializationListener: embosa state is shutdown, topic: singorix/wbcs/error
[2026-09-29 16:19:55.503 thread:93492 info dds_sub_serialization_listener.h:354]:DDSSubSerializationListener: embosa state is shutdown, topic: /embosa_tf
[2026-09-29 16:19:55.503 thread:93476 info dds_sub_serialization_listener.h:354]:DDSSubSerializationListener: embosa state is shutdown, topic: singorix/wbcs/sensor
[2026-09-29 16:19:55.504 thread:93476 info dds_sub_serialization_listener.h:354]:DDSSubSerializationListener: embosa state is shutdown, topic: singorix/wbcs/wbc_info
[2026-09-29 16:19:55.504 thread:93476 info dds_sub_serialization_listener.h:354]:DDSSubSerializationListener: embosa state is shutdown, topic: singorix/wbcs/error
[2026-09-29 16:19:55.506 thread:93476 info dds_sub_serialization_listener.h:354]:DDSSubSerializationListener: embosa state is shutdown, topic: /odom/base_link
[2026-09-29 16:19:55.507 thread:93492 info dds_sub_serialization_listener.h:354]:DDSSubSerializationListener: embosa state is shutdown, topic: /embosa_tf
[2026-09-29 16:19:55.509 thread:93476 info dds_sub_serialization_listener.h:354]:DDSSubSerializationListener: embosa state is shutdown, topic: singorix/wbcs/sensor
[2026-09-29 16:19:55.509 thread:93476 info dds_sub_serialization_listener.h:354]:DDSSubSerializationListener: embosa state is shutdown, topic: singorix/wbcs/error
[2026-09-29 16:19:55.514 thread:93476 info dds_sub_serialization_listener.h:354]:DDSSubSerializationListener: embosa state is shutdown, topic: /odom/base_link
[2026-09-29 16:19:55.518 thread:93476 info dds_sub_serialization_listener.h:354]:DDSSubSerializationListener: embosa state is shutdown, topic: singorix/wbcs/sensor
[2026-09-29 16:19:55.519 thread:93476 info dds_sub_serialization_listener.h:354]:DDSSubSerializationListener: embosa state is shutdown, topic: singorix/wbcs/wbc_info
[2026-09-29 16:19:55.520 thread:93476 info dds_sub_serialization_listener.h:354]:DDSSubSerializationListener: embosa state is shutdown, topic: singorix/wbcs/error
[2026-09-29 16:19:55.525 thread:93476 info dds_sub_serialization_listener.h:354]:DDSSubSerializationListener: embosa state is shutdown, topic: singorix/wbcs/sensor
[2026-09-29 16:19:55.526 thread:93476 info dds_sub_serialization_listener.h:354]:DDSSubSerializationListener: embosa state is shutdown, topic: /odom/base_link
[2026-09-29 16:19:55.527 thread:93476 info dds_sub_serialization_listener.h:354]:DDSSubSerializationListener: embosa state is shutdown, topic: singorix/wbcs/error
[2026-09-29 16:19:55.528 thread:93492 info dds_sub_serialization_listener.h:354]:DDSSubSerializationListener: embosa state is shutdown, topic: /embosa_tf
[2026-09-29 16:19:55.528 thread:93492 info dds_sub_serialization_listener.h:354]:DDSSubSerializationListener: embosa state is shutdown, topic: /embosa_tf
[2026-09-29 16:19:55.533 thread:93476 info dds_sub_serialization_listener.h:354]:DDSSubSerializationListener: embosa state is shutdown, topic: singorix/wbcs/sensor
[2026-09-29 16:19:55.534 thread:93476 info dds_sub_serialization_listener.h:354]:DDSSubSerializationListener: embosa state is shutdown, topic: singorix/wbcs/wbc_info
[2026-09-29 16:19:55.534 thread:93476 info dds_sub_serialization_listener.h:354]:DDSSubSerializationListener: embosa state is shutdown, topic: singorix/wbcs/error
[2026-09-29 16:19:55.536 thread:93476 info dds_sub_serialization_listener.h:354]:DDSSubSerializationListener: embosa state is shutdown, topic: /odom/base_link
[2026-09-29 16:19:55.541 thread:93476 info dds_sub_serialization_listener.h:354]:DDSSubSerializationListener: embosa state is shutdown, topic: singorix/wbcs/sensor
[2026-09-29 16:19:55.541 thread:93476 info dds_sub_serialization_listener.h:354]:DDSSubSerializationListener: embosa state is shutdown, topic: singorix/wbcs/error
[2026-09-29 16:19:55.546 thread:93476 info dds_sub_serialization_listener.h:354]:DDSSubSerializationListener: embosa state is shutdown, topic: /odom/base_link
[2026-09-29 16:19:55.548 thread:93492 info dds_sub_serialization_listener.h:354]:DDSSubSerializationListener: embosa state is shutdown, topic: /embosa_tf
[2026-09-29 16:19:55.549 thread:93476 info dds_sub_serialization_listener.h:354]:DDSSubSerializationListener: embosa state is shutdown, topic: singorix/wbcs/sensor
[2026-09-29 16:19:55.550 thread:93476 info dds_sub_serialization_listener.h:354]:DDSSubSerializationListener: embosa state is shutdown, topic: singorix/wbcs/wbc_info
[2026-09-29 16:19:55.552 thread:93492 info dds_sub_serialization_listener.h:354]:DDSSubSerializationListener: embosa state is shutdown, topic: /embosa_tf
[2026-09-29 16:19:55.553 thread:93476 info dds_sub_serialization_listener.h:354]:DDSSubSerializationListener: embosa state is shutdown, topic: singorix/wbcs/error
[2026-09-29 16:19:55.555 thread:93476 info dds_sub_serialization_listener.h:354]:DDSSubSerializationListener: embosa state is shutdown, topic: /odom/base_link
[2026-09-29 16:19:55.558 thread:93476 info dds_sub_serialization_listener.h:354]:DDSSubSerializationListener: embosa state is shutdown, topic: singorix/wbcs/sensor
[2026-09-29 16:19:55.558 thread:93476 info dds_sub_serialization_listener.h:354]:DDSSubSerializationListener: embosa state is shutdown, topic: singorix/wbcs/error
[2026-09-29 16:19:55.565 thread:93476 info dds_sub_serialization_listener.h:354]:DDSSubSerializationListener: embosa state is shutdown, topic: /odom/base_link
[2026-09-29 16:19:55.565 thread:93476 info dds_sub_serialization_listener.h:354]:DDSSubSerializationListener: embosa state is shutdown, topic: singorix/wbcs/sensor
[2026-09-29 16:19:55.566 thread:93476 info dds_sub_serialization_listener.h:354]:DDSSubSerializationListener: embosa state is shutdown, topic: singorix/wbcs/wbc_info
[2026-09-29 16:19:55.566 thread:93476 info dds_sub_serialization_listener.h:354]:DDSSubSerializationListener: embosa state is shutdown, topic: singorix/wbcs/error
[2026-09-29 16:19:55.568 thread:93492 info dds_sub_serialization_listener.h:354]:DDSSubSerializationListener: embosa state is shutdown, topic: /embosa_tf
[2026-09-29 16:19:55.569 thread:93548 info dds_sub_serialization_listener.h:354]:DDSSubSerializationListener: embosa state is shutdown, topic: /galbot/mic
[2026-09-29 16:19:55.573 thread:93476 info dds_sub_serialization_listener.h:354]:DDSSubSerializationListener: embosa state is shutdown, topic: singorix/wbcs/sensor
[2026-09-29 16:19:55.574 thread:93492 info dds_sub_serialization_listener.h:354]:DDSSubSerializationListener: embosa state is shutdown, topic: /embosa_tf
[2026-09-29 16:19:55.574 thread:93476 info dds_sub_serialization_listener.h:354]:DDSSubSerializationListener: embosa state is shutdown, topic: singorix/wbcs/error
[2026-09-29 16:19:55.575 thread:93476 info dds_sub_serialization_listener.h:354]:DDSSubSerializationListener: embosa state is shutdown, topic: /odom/base_link
[2026-09-29 16:19:55.581 thread:93492 info dds_sub_serialization_listener.h:354]:DDSSubSerializationListener: embosa state is shutdown, topic: /embosa_tf
[2026-09-29 16:19:55.581 thread:93492 info dds_sub_serialization_listener.h:354]:DDSSubSerializationListener: embosa state is shutdown, topic: /embosa_tf
[2026-09-29 16:19:55.582 thread:93476 info dds_sub_serialization_listener.h:354]:DDSSubSerializationListener: embosa state is shutdown, topic: singorix/wbcs/sensor
[2026-09-29 16:19:55.582 thread:93476 info dds_sub_serialization_listener.h:354]:DDSSubSerializationListener: embosa state is shutdown, topic: singorix/wbcs/wbc_info
[2026-09-29 16:19:55.582 thread:93476 info dds_sub_serialization_listener.h:354]:DDSSubSerializationListener: embosa state is shutdown, topic: singorix/wbcs/error
[2026-09-29 16:19:55.587 thread:93476 info dds_sub_serialization_listener.h:354]:DDSSubSerializationListener: embosa state is shutdown, topic: /odom/base_link
[2026-09-29 16:19:55.587 thread:93492 info dds_sub_serialization_listener.h:354]:DDSSubSerializationListener: embosa state is shutdown, topic: /embosa_tf
[2026-09-29 16:19:55.590 thread:93476 info dds_sub_serialization_listener.h:354]:DDSSubSerializationListener: embosa state is shutdown, topic: singorix/wbcs/sensor
[2026-09-29 16:19:55.590 thread:93476 info dds_sub_serialization_listener.h:354]:DDSSubSerializationListener: embosa state is shutdown, topic: singorix/wbcs/error
[2026-09-29 16:19:55.597 thread:93476 info dds_sub_serialization_listener.h:354]:DDSSubSerializationListener: embosa state is shutdown, topic: /odom/base_link
[2026-09-29 16:19:55.598 thread:93476 info dds_sub_serialization_listener.h:354]:DDSSubSerializationListener: embosa state is shutdown, topic: singorix/wbcs/sensor
[2026-09-29 16:19:55.598 thread:93476 info dds_sub_serialization_listener.h:354]:DDSSubSerializationListener: embosa state is shutdown, topic: singorix/wbcs/wbc_info
[2026-09-29 16:19:55.599 thread:93476 info dds_sub_serialization_listener.h:354]:DDSSubSerializationListener: embosa state is shutdown, topic: singorix/wbcs/error
[2026-09-29 16:19:55.599 thread:93492 info dds_sub_serialization_listener.h:354]:DDSSubSerializationListener: embosa state is shutdown, topic: /embosa_tf
[2026-09-29 16:19:55.604 thread:93428 info dds_sub_serialization_listener.h:565]:DDSSubSerializationListener: embosa state is shutdown, topic: embosa_channel_change_broadcast
[2026-09-29 16:19:55.604 thread:93428 info dds_node_factory.cpp:1179]:DeleteWriterUnlock: Writer and associated resources successfully removed
[2026-09-29 16:19:55.606 thread:93476 info dds_sub_serialization_listener.h:354]:DDSSubSerializationListener: embosa state is shutdown, topic: /odom/base_link
[2026-09-29 16:19:55.608 thread:93492 info dds_sub_serialization_listener.h:354]:DDSSubSerializationListener: embosa state is shutdown, topic: /embosa_tf
[2026-09-29 16:19:55.608 thread:93476 info dds_sub_serialization_listener.h:354]:DDSSubSerializationListener: embosa state is shutdown, topic: singorix/wbcs/sensor
[2026-09-29 16:19:55.608 thread:93476 info dds_sub_serialization_listener.h:354]:DDSSubSerializationListener: embosa state is shutdown, topic: singorix/wbcs/error
[2026-09-29 16:19:55.612 thread:93428 info dds_node_factory.cpp:1179]:DeleteWriterUnlock: Writer and associated resources successfully removed
[2026-09-29 16:19:55.613 thread:93476 info dds_sub_serialization_listener.h:354]:DDSSubSerializationListener: embosa state is shutdown, topic: singorix/wbcs/sensor
[2026-09-29 16:19:55.614 thread:93476 info dds_sub_serialization_listener.h:354]:DDSSubSerializationListener: embosa state is shutdown, topic: singorix/wbcs/wbc_info
[2026-09-29 16:19:55.616 thread:93476 info dds_sub_serialization_listener.h:354]:DDSSubSerializationListener: embosa state is shutdown, topic: /odom/base_link
[2026-09-29 16:19:55.617 thread:93476 info dds_sub_serialization_listener.h:354]:DDSSubSerializationListener: embosa state is shutdown, topic: singorix/wbcs/error
[2026-09-29 16:19:55.623 thread:93476 info dds_sub_serialization_listener.h:354]:DDSSubSerializationListener: embosa state is shutdown, topic: singorix/wbcs/sensor
[2026-09-29 16:19:55.623 thread:93476 info dds_sub_serialization_listener.h:354]:DDSSubSerializationListener: embosa state is shutdown, topic: singorix/wbcs/error
[2026-09-29 16:19:55.624 thread:93492 info dds_sub_serialization_listener.h:354]:DDSSubSerializationListener: embosa state is shutdown, topic: /embosa_tf
[2026-09-29 16:19:55.625 thread:93476 info dds_sub_serialization_listener.h:354]:DDSSubSerializationListener: embosa state is shutdown, topic: /odom/base_link
[2026-09-29 16:19:55.628 thread:93492 info dds_sub_serialization_listener.h:354]:DDSSubSerializationListener: embosa state is shutdown, topic: /embosa_tf
[2026-09-29 16:19:55.630 thread:93476 info dds_sub_serialization_listener.h:354]:DDSSubSerializationListener: embosa state is shutdown, topic: singorix/wbcs/sensor
[2026-09-29 16:19:55.630 thread:93476 info dds_sub_serialization_listener.h:354]:DDSSubSerializationListener: embosa state is shutdown, topic: singorix/wbcs/wbc_info
[2026-09-29 16:19:55.630 thread:93476 info dds_sub_serialization_listener.h:354]:DDSSubSerializationListener: embosa state is shutdown, topic: singorix/wbcs/error
[2026-09-29 16:19:55.636 thread:93476 info dds_sub_serialization_listener.h:354]:DDSSubSerializationListener: embosa state is shutdown, topic: /odom/base_link
[2026-09-29 16:19:55.638 thread:93476 info dds_sub_serialization_listener.h:354]:DDSSubSerializationListener: embosa state is shutdown, topic: singorix/wbcs/sensor
[2026-09-29 16:19:55.639 thread:93548 info dds_sub_serialization_listener.h:354]:DDSSubSerializationListener: embosa state is shutdown, topic: /galbot/mic
[2026-09-29 16:19:55.639 thread:93476 info dds_sub_serialization_listener.h:354]:DDSSubSerializationListener: embosa state is shutdown, topic: singorix/wbcs/error
[2026-09-29 16:19:55.645 thread:93476 info dds_sub_serialization_listener.h:354]:DDSSubSerializationListener: embosa state is shutdown, topic: singorix/wbcs/sensor
[2026-09-29 16:19:55.645 thread:93476 info dds_sub_serialization_listener.h:354]:DDSSubSerializationListener: embosa state is shutdown, topic: /odom/base_link
[2026-09-29 16:19:55.645 thread:93476 info dds_sub_serialization_listener.h:354]:DDSSubSerializationListener: embosa state is shutdown, topic: singorix/wbcs/wbc_info
[2026-09-29 16:19:55.646 thread:93492 info dds_sub_serialization_listener.h:354]:DDSSubSerializationListener: embosa state is shutdown, topic: /embosa_tf
[2026-09-29 16:19:55.646 thread:93476 info dds_sub_serialization_listener.h:354]:DDSSubSerializationListener: embosa state is shutdown, topic: singorix/wbcs/error
[2026-09-29 16:19:55.648 thread:93492 info dds_sub_serialization_listener.h:354]:DDSSubSerializationListener: embosa state is shutdown, topic: /embosa_tf
[2026-09-29 16:19:55.654 thread:93476 info dds_sub_serialization_listener.h:354]:DDSSubSerializationListener: embosa state is shutdown, topic: singorix/wbcs/sensor
[2026-09-29 16:19:55.654 thread:93476 info dds_sub_serialization_listener.h:354]:DDSSubSerializationListener: embosa state is shutdown, topic: singorix/wbcs/error
[2026-09-29 16:19:55.655 thread:93476 info dds_sub_serialization_listener.h:354]:DDSSubSerializationListener: embosa state is shutdown, topic: /odom/base_link
[2026-09-29 16:19:55.662 thread:93476 info dds_sub_serialization_listener.h:354]:DDSSubSerializationListener: embosa state is shutdown, topic: singorix/wbcs/sensor
[2026-09-29 16:19:55.666 thread:93476 info dds_sub_serialization_listener.h:354]:DDSSubSerializationListener: embosa state is shutdown, topic: /odom/base_link
[2026-09-29 16:19:55.668 thread:93492 info dds_sub_serialization_listener.h:354]:DDSSubSerializationListener: embosa state is shutdown, topic: /embosa_tf
[2026-09-29 16:19:55.670 thread:93476 info dds_sub_serialization_listener.h:354]:DDSSubSerializationListener: embosa state is shutdown, topic: singorix/wbcs/wbc_info
[2026-09-29 16:19:55.670 thread:93476 info dds_sub_serialization_listener.h:354]:DDSSubSerializationListener: embosa state is shutdown, topic: singorix/wbcs/error
[2026-09-29 16:19:55.672 thread:93476 info dds_sub_serialization_listener.h:354]:DDSSubSerializationListener: embosa state is shutdown, topic: singorix/wbcs/sensor
[2026-09-29 16:19:55.672 thread:93476 info dds_sub_serialization_listener.h:354]:DDSSubSerializationListener: embosa state is shutdown, topic: singorix/wbcs/error
[2026-09-29 16:19:55.672 thread:93492 info dds_sub_serialization_listener.h:354]:DDSSubSerializationListener: embosa state is shutdown, topic: /embosa_tf
[2026-09-29 16:19:55.675 thread:93476 info dds_sub_serialization_listener.h:354]:DDSSubSerializationListener: embosa state is shutdown, topic: /odom/base_link
[2026-09-29 16:19:55.677 thread:93476 info dds_sub_serialization_listener.h:354]:DDSSubSerializationListener: embosa state is shutdown, topic: singorix/wbcs/sensor
[2026-09-29 16:19:55.680 thread:93476 info dds_sub_serialization_listener.h:354]:DDSSubSerializationListener: embosa state is shutdown, topic: singorix/wbcs/wbc_info
[2026-09-29 16:19:55.682 thread:93476 info dds_sub_serialization_listener.h:354]:DDSSubSerializationListener: embosa state is shutdown, topic: singorix/wbcs/error
[2026-09-29 16:19:55.685 thread:93476 info dds_sub_serialization_listener.h:354]:DDSSubSerializationListener: embosa state is shutdown, topic: singorix/wbcs/sensor
[2026-09-29 16:19:55.685 thread:93476 info dds_sub_serialization_listener.h:354]:DDSSubSerializationListener: embosa state is shutdown, topic: /odom/base_link
[2026-09-29 16:19:55.686 thread:93476 info dds_sub_serialization_listener.h:354]:DDSSubSerializationListener: embosa state is shutdown, topic: singorix/wbcs/error
[2026-09-29 16:19:55.688 thread:93492 info dds_sub_serialization_listener.h:354]:DDSSubSerializationListener: embosa state is shutdown, topic: /embosa_tf
[2026-09-29 16:19:55.693 thread:93476 info dds_sub_serialization_listener.h:354]:DDSSubSerializationListener: embosa state is shutdown, topic: singorix/wbcs/sensor
[2026-09-29 16:19:55.694 thread:93492 info dds_sub_serialization_listener.h:354]:DDSSubSerializationListener: embosa state is shutdown, topic: /embosa_tf
[2026-09-29 16:19:55.694 thread:93476 info dds_sub_serialization_listener.h:354]:DDSSubSerializationListener: embosa state is shutdown, topic: singorix/wbcs/wbc_info
[2026-09-29 16:19:55.694 thread:93476 info dds_sub_serialization_listener.h:354]:DDSSubSerializationListener: embosa state is shutdown, topic: singorix/wbcs/error
[2026-09-29 16:19:55.694 thread:93476 info dds_sub_serialization_listener.h:354]:DDSSubSerializationListener: embosa state is shutdown, topic: /odom/base_link
[2026-09-29 16:19:55.702 thread:93476 info dds_sub_serialization_listener.h:354]:DDSSubSerializationListener: embosa state is shutdown, topic: singorix/wbcs/sensor
[2026-09-29 16:19:55.703 thread:93476 info dds_sub_serialization_listener.h:354]:DDSSubSerializationListener: embosa state is shutdown, topic: singorix/wbcs/error
[2026-09-29 16:19:55.706 thread:93476 info dds_sub_serialization_listener.h:354]:DDSSubSerializationListener: embosa state is shutdown, topic: /odom/base_link
[2026-09-29 16:19:55.708 thread:93492 info dds_sub_serialization_listener.h:354]:DDSSubSerializationListener: embosa state is shutdown, topic: /embosa_tf
[2026-09-29 16:19:55.710 thread:93476 info dds_sub_serialization_listener.h:354]:DDSSubSerializationListener: embosa state is shutdown, topic: singorix/wbcs/sensor
[2026-09-29 16:19:55.711 thread:93476 info dds_sub_serialization_listener.h:354]:DDSSubSerializationListener: embosa state is shutdown, topic: singorix/wbcs/wbc_info
[2026-09-29 16:19:55.711 thread:93476 info dds_sub_serialization_listener.h:354]:DDSSubSerializationListener: embosa state is shutdown, topic: singorix/wbcs/error
[2026-09-29 16:19:55.716 thread:93476 info dds_sub_serialization_listener.h:354]:DDSSubSerializationListener: embosa state is shutdown, topic: /odom/base_link
[2026-09-29 16:19:55.718 thread:93476 info dds_sub_serialization_listener.h:354]:DDSSubSerializationListener: embosa state is shutdown, topic: singorix/wbcs/sensor
[2026-09-29 16:19:55.718 thread:93476 info dds_sub_serialization_listener.h:354]:DDSSubSerializationListener: embosa state is shutdown, topic: singorix/wbcs/error
[2026-09-29 16:19:55.719 thread:93492 info dds_sub_serialization_listener.h:354]:DDSSubSerializationListener: embosa state is shutdown, topic: /embosa_tf
[2026-09-29 16:19:55.725 thread:93476 info dds_sub_serialization_listener.h:354]:DDSSubSerializationListener: embosa state is shutdown, topic: /odom/base_link
[2026-09-29 16:19:55.725 thread:93476 info dds_sub_serialization_listener.h:354]:DDSSubSerializationListener: embosa state is shutdown, topic: singorix/wbcs/sensor
[2026-09-29 16:19:55.727 thread:93476 info dds_sub_serialization_listener.h:354]:DDSSubSerializationListener: embosa state is shutdown, topic: singorix/wbcs/wbc_info
[2026-09-29 16:19:55.727 thread:93476 info dds_sub_serialization_listener.h:354]:DDSSubSerializationListener: embosa state is shutdown, topic: singorix/wbcs/error
[2026-09-29 16:19:55.728 thread:93492 info dds_sub_serialization_listener.h:354]:DDSSubSerializationListener: embosa state is shutdown, topic: /embosa_tf
[2026-09-29 16:19:55.734 thread:93476 info dds_sub_serialization_listener.h:354]:DDSSubSerializationListener: embosa state is shutdown, topic: singorix/wbcs/sensor
[2026-09-29 16:19:55.735 thread:93476 info dds_sub_serialization_listener.h:354]:DDSSubSerializationListener: embosa state is shutdown, topic: /odom/base_link
[2026-09-29 16:19:55.735 thread:93476 info dds_sub_serialization_listener.h:354]:DDSSubSerializationListener: embosa state is shutdown, topic: singorix/wbcs/error
[2026-09-29 16:19:55.739 thread:93548 info dds_sub_serialization_listener.h:354]:DDSSubSerializationListener: embosa state is shutdown, topic: /galbot/mic
[2026-09-29 16:19:55.743 thread:93476 info dds_sub_serialization_listener.h:354]:DDSSubSerializationListener: embosa state is shutdown, topic: singorix/wbcs/sensor
[2026-09-29 16:19:55.743 thread:93492 info dds_sub_serialization_listener.h:354]:DDSSubSerializationListener: embosa state is shutdown, topic: /embosa_tf
[2026-09-29 16:19:55.744 thread:93476 info dds_sub_serialization_listener.h:354]:DDSSubSerializationListener: embosa state is shutdown, topic: singorix/wbcs/wbc_info
[2026-09-29 16:19:55.744 thread:93476 info dds_sub_serialization_listener.h:354]:DDSSubSerializationListener: embosa state is shutdown, topic: /odom/base_link
[2026-09-29 16:19:55.745 thread:93476 info dds_sub_serialization_listener.h:354]:DDSSubSerializationListener: embosa state is shutdown, topic: singorix/wbcs/error
[2026-09-29 16:19:55.748 thread:93492 info dds_sub_serialization_listener.h:354]:DDSSubSerializationListener: embosa state is shutdown, topic: /embosa_tf
[2026-09-29 16:19:55.750 thread:93476 info dds_sub_serialization_listener.h:354]:DDSSubSerializationListener: embosa state is shutdown, topic: singorix/wbcs/sensor
[2026-09-29 16:19:55.751 thread:93476 info dds_sub_serialization_listener.h:354]:DDSSubSerializationListener: embosa state is shutdown, topic: singorix/wbcs/error
[2026-09-29 16:19:55.755 thread:93476 info dds_sub_serialization_listener.h:354]:DDSSubSerializationListener: embosa state is shutdown, topic: /odom/base_link
[2026-09-29 16:19:55.757 thread:93476 info dds_sub_serialization_listener.h:354]:DDSSubSerializationListener: embosa state is shutdown, topic: singorix/wbcs/sensor
[2026-09-29 16:19:55.758 thread:93476 info dds_sub_serialization_listener.h:354]:DDSSubSerializationListener: embosa state is shutdown, topic: singorix/wbcs/wbc_info
[2026-09-29 16:19:55.759 thread:93476 info dds_sub_serialization_listener.h:354]:DDSSubSerializationListener: embosa state is shutdown, topic: singorix/wbcs/error
[2026-09-29 16:19:55.765 thread:93476 info dds_sub_serialization_listener.h:354]:DDSSubSerializationListener: embosa state is shutdown, topic: singorix/wbcs/sensor
[2026-09-29 16:19:55.765 thread:93476 info dds_sub_serialization_listener.h:354]:DDSSubSerializationListener: embosa state is shutdown, topic: /odom/base_link
[2026-09-29 16:19:55.765 thread:93476 info dds_sub_serialization_listener.h:354]:DDSSubSerializationListener: embosa state is shutdown, topic: singorix/wbcs/error
[2026-09-29 16:19:55.766 thread:93492 info dds_sub_serialization_listener.h:354]:DDSSubSerializationListener: embosa state is shutdown, topic: /embosa_tf
[2026-09-29 16:19:55.773 thread:93492 info dds_sub_serialization_listener.h:354]:DDSSubSerializationListener: embosa state is shutdown, topic: /embosa_tf
[2026-09-29 16:19:55.774 thread:93476 info dds_sub_serialization_listener.h:354]:DDSSubSerializationListener: embosa state is shutdown, topic: singorix/wbcs/sensor
[2026-09-29 16:19:55.775 thread:93476 info dds_sub_serialization_listener.h:354]:DDSSubSerializationListener: embosa state is shutdown, topic: singorix/wbcs/wbc_info
[2026-09-29 16:19:55.776 thread:93476 info dds_sub_serialization_listener.h:354]:DDSSubSerializationListener: embosa state is shutdown, topic: /odom/base_link
[2026-09-29 16:19:55.776 thread:93476 info dds_sub_serialization_listener.h:354]:DDSSubSerializationListener: embosa state is shutdown, topic: singorix/wbcs/error
[2026-09-29 16:19:55.782 thread:93476 info dds_sub_serialization_listener.h:354]:DDSSubSerializationListener: embosa state is shutdown, topic: singorix/wbcs/sensor
[2026-09-29 16:19:55.783 thread:93476 info dds_sub_serialization_listener.h:354]:DDSSubSerializationListener: embosa state is shutdown, topic: singorix/wbcs/error
[2026-09-29 16:19:55.786 thread:93476 info dds_sub_serialization_listener.h:354]:DDSSubSerializationListener: embosa state is shutdown, topic: /odom/base_link
[2026-09-29 16:19:55.790 thread:93476 info dds_sub_serialization_listener.h:354]:DDSSubSerializationListener: embosa state is shutdown, topic: singorix/wbcs/sensor
[2026-09-29 16:19:55.790 thread:93476 info dds_sub_serialization_listener.h:354]:DDSSubSerializationListener: embosa state is shutdown, topic: singorix/wbcs/wbc_info
[2026-09-29 16:19:55.791 thread:93476 info dds_sub_serialization_listener.h:354]:DDSSubSerializationListener: embosa state is shutdown, topic: singorix/wbcs/error
[2026-09-29 16:19:55.791 thread:93492 info dds_sub_serialization_listener.h:354]:DDSSubSerializationListener: embosa state is shutdown, topic: /embosa_tf
[2026-09-29 16:19:55.793 thread:93492 info dds_sub_serialization_listener.h:354]:DDSSubSerializationListener: embosa state is shutdown, topic: /embosa_tf
[2026-09-29 16:19:55.795 thread:93476 info dds_sub_serialization_listener.h:354]:DDSSubSerializationListener: embosa state is shutdown, topic: /odom/base_link
[2026-09-29 16:19:55.797 thread:93476 info dds_sub_serialization_listener.h:354]:DDSSubSerializationListener: embosa state is shutdown, topic: singorix/wbcs/sensor
[2026-09-29 16:19:55.797 thread:93476 info dds_sub_serialization_listener.h:354]:DDSSubSerializationListener: embosa state is shutdown, topic: singorix/wbcs/error
[2026-09-29 16:19:55.805 thread:93476 info dds_sub_serialization_listener.h:354]:DDSSubSerializationListener: embosa state is shutdown, topic: /odom/base_link
[2026-09-29 16:19:55.805 thread:93476 info dds_sub_serialization_listener.h:354]:DDSSubSerializationListener: embosa state is shutdown, topic: singorix/wbcs/sensor
[2026-09-29 16:19:55.807 thread:93476 info dds_sub_serialization_listener.h:354]:DDSSubSerializationListener: embosa state is shutdown, topic: singorix/wbcs/wbc_info
[2026-09-29 16:19:55.807 thread:93476 info dds_sub_serialization_listener.h:354]:DDSSubSerializationListener: embosa state is shutdown, topic: singorix/wbcs/error
[2026-09-29 16:19:55.813 thread:93492 info dds_sub_serialization_listener.h:354]:DDSSubSerializationListener: embosa state is shutdown, topic: /embosa_tf
[2026-09-29 16:19:55.813 thread:93476 info dds_sub_serialization_listener.h:354]:DDSSubSerializationListener: embosa state is shutdown, topic: singorix/wbcs/sensor
[2026-09-29 16:19:55.813 thread:93476 info dds_sub_serialization_listener.h:354]:DDSSubSerializationListener: embosa state is shutdown, topic: singorix/wbcs/error
[2026-09-29 16:19:55.815 thread:93476 info dds_sub_serialization_listener.h:354]:DDSSubSerializationListener: embosa state is shutdown, topic: /odom/base_link
[2026-09-29 16:19:55.815 thread:93492 info dds_sub_serialization_listener.h:354]:DDSSubSerializationListener: embosa state is shutdown, topic: /embosa_tf
[2026-09-29 16:19:55.818 thread:93548 info dds_sub_serialization_listener.h:354]:DDSSubSerializationListener: embosa state is shutdown, topic: /galbot/mic
[2026-09-29 16:19:55.822 thread:93476 info dds_sub_serialization_listener.h:354]:DDSSubSerializationListener: embosa state is shutdown, topic: singorix/wbcs/sensor
[2026-09-29 16:19:55.822 thread:93476 info dds_sub_serialization_listener.h:354]:DDSSubSerializationListener: embosa state is shutdown, topic: singorix/wbcs/wbc_info
[2026-09-29 16:19:55.823 thread:93476 info dds_sub_serialization_listener.h:354]:DDSSubSerializationListener: embosa state is shutdown, topic: singorix/wbcs/error
[2026-09-29 16:19:55.825 thread:93476 info dds_sub_serialization_listener.h:354]:DDSSubSerializationListener: embosa state is shutdown, topic: /odom/base_link
[2026-09-29 16:19:55.829 thread:93476 info dds_sub_serialization_listener.h:354]:DDSSubSerializationListener: embosa state is shutdown, topic: singorix/wbcs/sensor
[2026-09-29 16:19:55.829 thread:93476 info dds_sub_serialization_listener.h:354]:DDSSubSerializationListener: embosa state is shutdown, topic: singorix/wbcs/error
[2026-09-29 16:19:55.833 thread:93492 info dds_sub_serialization_listener.h:354]:DDSSubSerializationListener: embosa state is shutdown, topic: /embosa_tf
[2026-09-29 16:19:55.835 thread:93476 info dds_sub_serialization_listener.h:354]:DDSSubSerializationListener: embosa state is shutdown, topic: /odom/base_link
[2026-09-29 16:19:55.838 thread:93476 info dds_sub_serialization_listener.h:354]:DDSSubSerializationListener: embosa state is shutdown, topic: singorix/wbcs/sensor
[2026-09-29 16:19:55.838 thread:93476 info dds_sub_serialization_listener.h:354]:DDSSubSerializationListener: embosa state is shutdown, topic: singorix/wbcs/wbc_info
[2026-09-29 16:19:55.839 thread:93492 info dds_sub_serialization_listener.h:354]:DDSSubSerializationListener: embosa state is shutdown, topic: /embosa_tf
[2026-09-29 16:19:55.839 thread:93476 info dds_sub_serialization_listener.h:354]:DDSSubSerializationListener: embosa state is shutdown, topic: singorix/wbcs/error
[2026-09-29 16:19:55.846 thread:93476 info dds_sub_serialization_listener.h:354]:DDSSubSerializationListener: embosa state is shutdown, topic: /odom/base_link
[2026-09-29 16:19:55.847 thread:93476 info dds_sub_serialization_listener.h:354]:DDSSubSerializationListener: embosa state is shutdown, topic: singorix/wbcs/sensor
[2026-09-29 16:19:55.847 thread:93476 info dds_sub_serialization_listener.h:354]:DDSSubSerializationListener: embosa state is shutdown, topic: singorix/wbcs/error
[2026-09-29 16:19:55.853 thread:93492 info dds_sub_serialization_listener.h:354]:DDSSubSerializationListener: embosa state is shutdown, topic: /embosa_tf
[2026-09-29 16:19:55.853 thread:93476 info dds_sub_serialization_listener.h:354]:DDSSubSerializationListener: embosa state is shutdown, topic: singorix/wbcs/sensor
[2026-09-29 16:19:55.854 thread:93476 info dds_sub_serialization_listener.h:354]:DDSSubSerializationListener: embosa state is shutdown, topic: singorix/wbcs/wbc_info
[2026-09-29 16:19:55.855 thread:93476 info dds_sub_serialization_listener.h:354]:DDSSubSerializationListener: embosa state is shutdown, topic: /odom/base_link
[2026-09-29 16:19:55.856 thread:93476 info dds_sub_serialization_listener.h:354]:DDSSubSerializationListener: embosa state is shutdown, topic: singorix/wbcs/error
[2026-09-29 16:19:55.861 thread:93476 info dds_sub_serialization_listener.h:354]:DDSSubSerializationListener: embosa state is shutdown, topic: singorix/wbcs/sensor
[2026-09-29 16:19:55.862 thread:93492 info dds_sub_serialization_listener.h:354]:DDSSubSerializationListener: embosa state is shutdown, topic: /embosa_tf
[2026-09-29 16:19:55.862 thread:93476 info dds_sub_serialization_listener.h:354]:DDSSubSerializationListener: embosa state is shutdown, topic: singorix/wbcs/error
[2026-09-29 16:19:55.865 thread:93476 info dds_sub_serialization_listener.h:354]:DDSSubSerializationListener: embosa state is shutdown, topic: /odom/base_link
[2026-09-29 16:19:55.869 thread:93476 info dds_sub_serialization_listener.h:354]:DDSSubSerializationListener: embosa state is shutdown, topic: singorix/wbcs/sensor
[2026-09-29 16:19:55.870 thread:93476 info dds_sub_serialization_listener.h:354]:DDSSubSerializationListener: embosa state is shutdown, topic: singorix/wbcs/wbc_info
[2026-09-29 16:19:55.872 thread:93476 info dds_sub_serialization_listener.h:354]:DDSSubSerializationListener: embosa state is shutdown, topic: singorix/wbcs/error
[2026-09-29 16:19:55.873 thread:93492 info dds_sub_serialization_listener.h:354]:DDSSubSerializationListener: embosa state is shutdown, topic: /embosa_tf
[2026-09-29 16:19:55.875 thread:93476 info dds_sub_serialization_listener.h:354]:DDSSubSerializationListener: embosa state is shutdown, topic: /odom/base_link
[2026-09-29 16:19:55.878 thread:93476 info dds_sub_serialization_listener.h:354]:DDSSubSerializationListener: embosa state is shutdown, topic: singorix/wbcs/sensor
[2026-09-29 16:19:55.878 thread:93476 info dds_sub_serialization_listener.h:354]:DDSSubSerializationListener: embosa state is shutdown, topic: singorix/wbcs/error
[2026-09-29 16:19:55.884 thread:93476 info dds_sub_serialization_listener.h:354]:DDSSubSerializationListener: embosa state is shutdown, topic: /odom/base_link
[2026-09-29 16:19:55.886 thread:93476 info dds_sub_serialization_listener.h:354]:DDSSubSerializationListener: embosa state is shutdown, topic: singorix/wbcs/sensor
[2026-09-29 16:19:55.887 thread:93476 info dds_sub_serialization_listener.h:354]:DDSSubSerializationListener: embosa state is shutdown, topic: singorix/wbcs/wbc_info
[2026-09-29 16:19:55.887 thread:93476 info dds_sub_serialization_listener.h:354]:DDSSubSerializationListener: embosa state is shutdown, topic: singorix/wbcs/error
[2026-09-29 16:19:55.887 thread:93492 info dds_sub_serialization_listener.h:354]:DDSSubSerializationListener: embosa state is shutdown, topic: /embosa_tf
[2026-09-29 16:19:55.887 thread:93548 info dds_sub_serialization_listener.h:354]:DDSSubSerializationListener: embosa state is shutdown, topic: /galbot/mic
[2026-09-29 16:19:55.893 thread:93492 info dds_sub_serialization_listener.h:354]:DDSSubSerializationListener: embosa state is shutdown, topic: /embosa_tf
[2026-09-29 16:19:55.895 thread:93476 info dds_sub_serialization_listener.h:354]:DDSSubSerializationListener: embosa state is shutdown, topic: singorix/wbcs/sensor
[2026-09-29 16:19:55.895 thread:93476 info dds_sub_serialization_listener.h:354]:DDSSubSerializationListener: embosa state is shutdown, topic: /odom/base_link
[2026-09-29 16:19:55.895 thread:93476 info dds_sub_serialization_listener.h:354]:DDSSubSerializationListener: embosa state is shutdown, topic: singorix/wbcs/error
[2026-09-29 16:19:55.901 thread:93476 info dds_sub_serialization_listener.h:354]:DDSSubSerializationListener: embosa state is shutdown, topic: singorix/wbcs/sensor
[2026-09-29 16:19:55.901 thread:93476 info dds_sub_serialization_listener.h:354]:DDSSubSerializationListener: embosa state is shutdown, topic: singorix/wbcs/wbc_info
[2026-09-29 16:19:55.902 thread:93476 info dds_sub_serialization_listener.h:354]:DDSSubSerializationListener: embosa state is shutdown, topic: singorix/wbcs/error
[2026-09-29 16:19:55.904 thread:93476 info dds_sub_serialization_listener.h:354]:DDSSubSerializationListener: embosa state is shutdown, topic: /odom/base_link
[2026-09-29 16:19:55.909 thread:93476 info dds_sub_serialization_listener.h:354]:DDSSubSerializationListener: embosa state is shutdown, topic: singorix/wbcs/sensor
[2026-09-29 16:19:55.909 thread:93476 info dds_sub_serialization_listener.h:354]:DDSSubSerializationListener: embosa state is shutdown, topic: singorix/wbcs/error
[2026-09-29 16:19:55.910 thread:93492 info dds_sub_serialization_listener.h:354]:DDSSubSerializationListener: embosa state is shutdown, topic: /embosa_tf
[2026-09-29 16:19:55.913 thread:93492 info dds_sub_serialization_listener.h:354]:DDSSubSerializationListener: embosa state is shutdown, topic: /embosa_tf
[2026-09-29 16:19:55.915 thread:93476 info dds_sub_serialization_listener.h:354]:DDSSubSerializationListener: embosa state is shutdown, topic: /odom/base_link
[2026-09-29 16:19:55.917 thread:93476 info dds_sub_serialization_listener.h:354]:DDSSubSerializationListener: embosa state is shutdown, topic: singorix/wbcs/sensor
[2026-09-29 16:19:55.918 thread:93476 info dds_sub_serialization_listener.h:354]:DDSSubSerializationListener: embosa state is shutdown, topic: singorix/wbcs/wbc_info
[2026-09-29 16:19:55.918 thread:93476 info dds_sub_serialization_listener.h:354]:DDSSubSerializationListener: embosa state is shutdown, topic: singorix/wbcs/error
[2026-09-29 16:19:55.925 thread:93476 info dds_sub_serialization_listener.h:354]:DDSSubSerializationListener: embosa state is shutdown, topic: singorix/wbcs/sensor
[2026-09-29 16:19:55.925 thread:93476 info dds_sub_serialization_listener.h:354]:DDSSubSerializationListener: embosa state is shutdown, topic: singorix/wbcs/error
[2026-09-29 16:19:55.925 thread:93476 info dds_sub_serialization_listener.h:354]:DDSSubSerializationListener: embosa state is shutdown, topic: /odom/base_link
[2026-09-29 16:19:55.933 thread:93476 info dds_sub_serialization_listener.h:354]:DDSSubSerializationListener: embosa state is shutdown, topic: singorix/wbcs/sensor
[2026-09-29 16:19:55.933 thread:93492 info dds_sub_serialization_listener.h:354]:DDSSubSerializationListener: embosa state is shutdown, topic: /embosa_tf
[2026-09-29 16:19:55.934 thread:93492 info dds_sub_serialization_listener.h:354]:DDSSubSerializationListener: embosa state is shutdown, topic: /embosa_tf
[2026-09-29 16:19:55.935 thread:93476 info dds_sub_serialization_listener.h:354]:DDSSubSerializationListener: embosa state is shutdown, topic: singorix/wbcs/wbc_info
[2026-09-29 16:19:55.935 thread:93476 info dds_sub_serialization_listener.h:354]:DDSSubSerializationListener: embosa state is shutdown, topic: /odom/base_link
[2026-09-29 16:19:55.936 thread:93476 info dds_sub_serialization_listener.h:354]:DDSSubSerializationListener: embosa state is shutdown, topic: singorix/wbcs/error
[2026-09-29 16:19:55.942 thread:93476 info dds_sub_serialization_listener.h:354]:DDSSubSerializationListener: embosa state is shutdown, topic: singorix/wbcs/sensor
[2026-09-29 16:19:55.942 thread:93476 info dds_sub_serialization_listener.h:354]:DDSSubSerializationListener: embosa state is shutdown, topic: singorix/wbcs/error
[2026-09-29 16:19:55.945 thread:93476 info dds_sub_serialization_listener.h:354]:DDSSubSerializationListener: embosa state is shutdown, topic: /odom/base_link
[2026-09-29 16:19:55.950 thread:93476 info dds_sub_serialization_listener.h:354]:DDSSubSerializationListener: embosa state is shutdown, topic: singorix/wbcs/sensor
[2026-09-29 16:19:55.950 thread:93476 info dds_sub_serialization_listener.h:354]:DDSSubSerializationListener: embosa state is shutdown, topic: singorix/wbcs/wbc_info
[2026-09-29 16:19:55.951 thread:93476 info dds_sub_serialization_listener.h:354]:DDSSubSerializationListener: embosa state is shutdown, topic: singorix/wbcs/error
[2026-09-29 16:19:55.954 thread:93492 info dds_sub_serialization_listener.h:354]:DDSSubSerializationListener: embosa state is shutdown, topic: /embosa_tf
[2026-09-29 16:19:55.954 thread:93476 info dds_sub_serialization_listener.h:354]:DDSSubSerializationListener: embosa state is shutdown, topic: /odom/base_link
[2026-09-29 16:19:55.958 thread:93476 info dds_sub_serialization_listener.h:354]:DDSSubSerializationListener: embosa state is shutdown, topic: singorix/wbcs/sensor
[2026-09-29 16:19:55.958 thread:93476 info dds_sub_serialization_listener.h:354]:DDSSubSerializationListener: embosa state is shutdown, topic: singorix/wbcs/error
[2026-09-29 16:19:55.958 thread:93492 info dds_sub_serialization_listener.h:354]:DDSSubSerializationListener: embosa state is shutdown, topic: /embosa_tf
[2026-09-29 16:19:55.966 thread:93476 info dds_sub_serialization_listener.h:354]:DDSSubSerializationListener: embosa state is shutdown, topic: /odom/base_link
[2026-09-29 16:19:55.966 thread:93476 info dds_sub_serialization_listener.h:354]:DDSSubSerializationListener: embosa state is shutdown, topic: singorix/wbcs/sensor
[2026-09-29 16:19:55.967 thread:93476 info dds_sub_serialization_listener.h:354]:DDSSubSerializationListener: embosa state is shutdown, topic: singorix/wbcs/wbc_info
[2026-09-29 16:19:55.967 thread:93476 info dds_sub_serialization_listener.h:354]:DDSSubSerializationListener: embosa state is shutdown, topic: singorix/wbcs/error
[2026-09-29 16:19:55.973 thread:93492 info dds_sub_serialization_listener.h:354]:DDSSubSerializationListener: embosa state is shutdown, topic: /embosa_tf
[2026-09-29 16:19:55.973 thread:93476 info dds_sub_serialization_listener.h:354]:DDSSubSerializationListener: embosa state is shutdown, topic: singorix/wbcs/sensor
[2026-09-29 16:19:55.974 thread:93476 info dds_sub_serialization_listener.h:354]:DDSSubSerializationListener: embosa state is shutdown, topic: singorix/wbcs/error
[2026-09-29 16:19:55.976 thread:93548 info dds_sub_serialization_listener.h:354]:DDSSubSerializationListener: embosa state is shutdown, topic: /galbot/mic
[2026-09-29 16:19:55.976 thread:93476 info dds_sub_serialization_listener.h:354]:DDSSubSerializationListener: embosa state is shutdown, topic: /odom/base_link
[2026-09-29 16:19:55.981 thread:93476 info dds_sub_serialization_listener.h:354]:DDSSubSerializationListener: embosa state is shutdown, topic: singorix/wbcs/sensor
[2026-09-29 16:19:55.982 thread:93492 info dds_sub_serialization_listener.h:354]:DDSSubSerializationListener: embosa state is shutdown, topic: /embosa_tf
[2026-09-29 16:19:55.982 thread:93476 info dds_sub_serialization_listener.h:354]:DDSSubSerializationListener: embosa state is shutdown, topic: singorix/wbcs/wbc_info
[2026-09-29 16:19:55.982 thread:93476 info dds_sub_serialization_listener.h:354]:DDSSubSerializationListener: embosa state is shutdown, topic: singorix/wbcs/error
[2026-09-29 16:19:55.986 thread:93476 info dds_sub_serialization_listener.h:354]:DDSSubSerializationListener: embosa state is shutdown, topic: /odom/base_link
[2026-09-29 16:19:55.989 thread:93476 info dds_sub_listener.cc:248]:DDSSubListener: embosa state is shutdown, topic: bms
[2026-09-29 16:19:55.993 thread:93492 info dds_sub_serialization_listener.h:354]:DDSSubSerializationListener: embosa state is shutdown, topic: /embosa_tf
[2026-09-29 16:19:55.996 thread:93476 info dds_sub_serialization_listener.h:354]:DDSSubSerializationListener: embosa state is shutdown, topic: /odom/base_link
[2026-09-29 16:19:56.005 thread:93476 info dds_sub_serialization_listener.h:354]:DDSSubSerializationListener: embosa state is shutdown, topic: /odom/base_link
[2026-09-29 16:19:56.008 thread:93476 info dds_sub_serialization_listener.h:354]:DDSSubSerializationListener: embosa state is shutdown, topic: singorix/wbcs/sensor
[2026-09-29 16:19:56.008 thread:93476 info dds_sub_serialization_listener.h:354]:DDSSubSerializationListener: embosa state is shutdown, topic: singorix/wbcs/error
[2026-09-29 16:19:56.008 thread:93492 info dds_sub_serialization_listener.h:354]:DDSSubSerializationListener: embosa state is shutdown, topic: /embosa_tf
[2026-09-29 16:19:56.009 thread:93476 info dds_sub_serialization_listener.h:354]:DDSSubSerializationListener: embosa state is shutdown, topic: singorix/wbcs/sensor
[2026-09-29 16:19:56.009 thread:93476 info dds_sub_serialization_listener.h:354]:DDSSubSerializationListener: embosa state is shutdown, topic: singorix/wbcs/wbc_info
[2026-09-29 16:19:56.010 thread:93476 info dds_sub_serialization_listener.h:354]:DDSSubSerializationListener: embosa state is shutdown, topic: singorix/wbcs/error
[2026-09-29 16:19:56.013 thread:93492 info dds_sub_serialization_listener.h:354]:DDSSubSerializationListener: embosa state is shutdown, topic: /embosa_tf
[2026-09-29 16:19:56.016 thread:93476 info dds_sub_serialization_listener.h:354]:DDSSubSerializationListener: embosa state is shutdown, topic: /odom/base_link
[2026-09-29 16:19:56.017 thread:93476 info dds_sub_serialization_listener.h:354]:DDSSubSerializationListener: embosa state is shutdown, topic: singorix/wbcs/sensor
[2026-09-29 16:19:56.017 thread:93476 info dds_sub_serialization_listener.h:354]:DDSSubSerializationListener: embosa state is shutdown, topic: singorix/wbcs/error
[2026-09-29 16:19:56.024 thread:93476 info dds_sub_serialization_listener.h:354]:DDSSubSerializationListener: embosa state is shutdown, topic: singorix/wbcs/sensor
[2026-09-29 16:19:56.025 thread:93476 info dds_sub_serialization_listener.h:354]:DDSSubSerializationListener: embosa state is shutdown, topic: /odom/base_link
[2026-09-29 16:19:56.025 thread:93476 info dds_sub_serialization_listener.h:354]:DDSSubSerializationListener: embosa state is shutdown, topic: singorix/wbcs/wbc_info
[2026-09-29 16:19:56.025 thread:93476 info dds_sub_serialization_listener.h:354]:DDSSubSerializationListener: embosa state is shutdown, topic: singorix/wbcs/error
[2026-09-29 16:19:56.032 thread:93476 info dds_sub_serialization_listener.h:354]:DDSSubSerializationListener: embosa state is shutdown, topic: singorix/wbcs/sensor
[2026-09-29 16:19:56.032 thread:93476 info dds_sub_serialization_listener.h:354]:DDSSubSerializationListener: embosa state is shutdown, topic: singorix/wbcs/error
[2026-09-29 16:19:56.033 thread:93492 info dds_sub_serialization_listener.h:354]:DDSSubSerializationListener: embosa state is shutdown, topic: /embosa_tf
[2026-09-29 16:19:56.033 thread:93492 info dds_sub_serialization_listener.h:354]:DDSSubSerializationListener: embosa state is shutdown, topic: /embosa_tf
[2026-09-29 16:19:56.035 thread:93476 info dds_sub_serialization_listener.h:354]:DDSSubSerializationListener: embosa state is shutdown, topic: /odom/base_link
[2026-09-29 16:19:56.041 thread:93476 info dds_sub_serialization_listener.h:354]:DDSSubSerializationListener: embosa state is shutdown, topic: singorix/wbcs/sensor
[2026-09-29 16:19:56.041 thread:93476 info dds_sub_serialization_listener.h:354]:DDSSubSerializationListener: embosa state is shutdown, topic: singorix/wbcs/wbc_info
[2026-09-29 16:19:56.041 thread:93476 info dds_sub_serialization_listener.h:354]:DDSSubSerializationListener: embosa state is shutdown, topic: singorix/wbcs/error
[2026-09-29 16:19:56.043 thread:93548 info dds_sub_serialization_listener.h:354]:DDSSubSerializationListener: embosa state is shutdown, topic: /galbot/mic
[2026-09-29 16:19:56.045 thread:93476 info dds_sub_serialization_listener.h:354]:DDSSubSerializationListener: embosa state is shutdown, topic: /odom/base_link
[2026-09-29 16:19:56.048 thread:93476 info dds_sub_serialization_listener.h:354]:DDSSubSerializationListener: embosa state is shutdown, topic: singorix/wbcs/sensor
[2026-09-29 16:19:56.048 thread:93476 info dds_sub_serialization_listener.h:354]:DDSSubSerializationListener: embosa state is shutdown, topic: singorix/wbcs/error
[2026-09-29 16:19:56.053 thread:93492 info dds_sub_serialization_listener.h:354]:DDSSubSerializationListener: embosa state is shutdown, topic: /embosa_tf
[2026-09-29 16:19:56.055 thread:93476 info dds_sub_serialization_listener.h:354]:DDSSubSerializationListener: embosa state is shutdown, topic: /odom/base_link
[2026-09-29 16:19:56.056 thread:93476 info dds_sub_serialization_listener.h:354]:DDSSubSerializationListener: embosa state is shutdown, topic: singorix/wbcs/sensor
[2026-09-29 16:19:56.057 thread:93476 info dds_sub_serialization_listener.h:354]:DDSSubSerializationListener: embosa state is shutdown, topic: singorix/wbcs/wbc_info
[2026-09-29 16:19:56.057 thread:93476 info dds_sub_serialization_listener.h:354]:DDSSubSerializationListener: embosa state is shutdown, topic: singorix/wbcs/error
[2026-09-29 16:19:56.058 thread:93492 info dds_sub_serialization_listener.h:354]:DDSSubSerializationListener: embosa state is shutdown, topic: /embosa_tf
[2026-09-29 16:19:56.065 thread:93476 info dds_sub_serialization_listener.h:354]:DDSSubSerializationListener: embosa state is shutdown, topic: singorix/wbcs/sensor
[2026-09-29 16:19:56.065 thread:93476 info dds_sub_serialization_listener.h:354]:DDSSubSerializationListener: embosa state is shutdown, topic: /odom/base_link
[2026-09-29 16:19:56.065 thread:93476 info dds_sub_serialization_listener.h:354]:DDSSubSerializationListener: embosa state is shutdown, topic: singorix/wbcs/error
[2026-09-29 16:19:56.072 thread:93476 info dds_sub_serialization_listener.h:354]:DDSSubSerializationListener: embosa state is shutdown, topic: singorix/wbcs/sensor
[2026-09-29 16:19:56.073 thread:93492 info dds_sub_serialization_listener.h:354]:DDSSubSerializationListener: embosa state is shutdown, topic: /embosa_tf
[2026-09-29 16:19:56.074 thread:93476 info dds_sub_serialization_listener.h:354]:DDSSubSerializationListener: embosa state is shutdown, topic: singorix/wbcs/wbc_info
[2026-09-29 16:19:56.074 thread:93476 info dds_sub_serialization_listener.h:354]:DDSSubSerializationListener: embosa state is shutdown, topic: singorix/wbcs/error
[2026-09-29 16:19:56.076 thread:93476 info dds_sub_serialization_listener.h:354]:DDSSubSerializationListener: embosa state is shutdown, topic: /odom/base_link
[2026-09-29 16:19:56.080 thread:93476 info dds_sub_serialization_listener.h:354]:DDSSubSerializationListener: embosa state is shutdown, topic: singorix/wbcs/sensor
[2026-09-29 16:19:56.080 thread:93476 info dds_sub_serialization_listener.h:354]:DDSSubSerializationListener: embosa state is shutdown, topic: singorix/wbcs/error
[2026-09-29 16:19:56.080 thread:93492 info dds_sub_serialization_listener.h:354]:DDSSubSerializationListener: embosa state is shutdown, topic: /embosa_tf
[2026-09-29 16:19:56.085 thread:93476 info dds_sub_serialization_listener.h:354]:DDSSubSerializationListener: embosa state is shutdown, topic: /odom/base_link
[2026-09-29 16:19:56.088 thread:93476 info dds_sub_serialization_listener.h:354]:DDSSubSerializationListener: embosa state is shutdown, topic: singorix/wbcs/sensor
[2026-09-29 16:19:56.088 thread:93476 info dds_sub_serialization_listener.h:354]:DDSSubSerializationListener: embosa state is shutdown, topic: singorix/wbcs/wbc_info
[2026-09-29 16:19:56.091 thread:93476 info dds_sub_serialization_listener.h:354]:DDSSubSerializationListener: embosa state is shutdown, topic: singorix/wbcs/error
[2026-09-29 16:19:56.094 thread:93492 info dds_sub_serialization_listener.h:354]:DDSSubSerializationListener: embosa state is shutdown, topic: /embosa_tf
[2026-09-29 16:19:56.096 thread:93476 info dds_sub_serialization_listener.h:354]:DDSSubSerializationListener: embosa state is shutdown, topic: /odom/base_link
[2026-09-29 16:19:56.096 thread:93476 info dds_sub_serialization_listener.h:354]:DDSSubSerializationListener: embosa state is shutdown, topic: singorix/wbcs/sensor
[2026-09-29 16:19:56.097 thread:93476 info dds_sub_serialization_listener.h:354]:DDSSubSerializationListener: embosa state is shutdown, topic: singorix/wbcs/error
[2026-09-29 16:19:56.104 thread:93476 info dds_sub_serialization_listener.h:354]:DDSSubSerializationListener: embosa state is shutdown, topic: singorix/wbcs/sensor
[2026-09-29 16:19:56.104 thread:93492 info dds_sub_serialization_listener.h:354]:DDSSubSerializationListener: embosa state is shutdown, topic: /embosa_tf
[2026-09-29 16:19:56.105 thread:93476 info dds_sub_serialization_listener.h:354]:DDSSubSerializationListener: embosa state is shutdown, topic: singorix/wbcs/wbc_info
[2026-09-29 16:19:56.106 thread:93476 info dds_sub_serialization_listener.h:354]:DDSSubSerializationListener: embosa state is shutdown, topic: /odom/base_link
[2026-09-29 16:19:56.107 thread:93476 info dds_sub_serialization_listener.h:354]:DDSSubSerializationListener: embosa state is shutdown, topic: singorix/wbcs/error
[2026-09-29 16:19:56.112 thread:93476 info dds_sub_serialization_listener.h:354]:DDSSubSerializationListener: embosa state is shutdown, topic: singorix/wbcs/sensor
[2026-09-29 16:19:56.112 thread:93476 info dds_sub_serialization_listener.h:354]:DDSSubSerializationListener: embosa state is shutdown, topic: singorix/wbcs/error
[2026-09-29 16:19:56.114 thread:93492 info dds_sub_serialization_listener.h:354]:DDSSubSerializationListener: embosa state is shutdown, topic: /embosa_tf
[2026-09-29 16:19:56.115 thread:93476 info dds_sub_serialization_listener.h:354]:DDSSubSerializationListener: embosa state is shutdown, topic: /odom/base_link
[2026-09-29 16:19:56.120 thread:93476 info dds_sub_serialization_listener.h:354]:DDSSubSerializationListener: embosa state is shutdown, topic: singorix/wbcs/sensor
[2026-09-29 16:19:56.121 thread:93476 info dds_sub_serialization_listener.h:354]:DDSSubSerializationListener: embosa state is shutdown, topic: singorix/wbcs/wbc_info
[2026-09-29 16:19:56.122 thread:93476 info dds_sub_serialization_listener.h:354]:DDSSubSerializationListener: embosa state is shutdown, topic: singorix/wbcs/error
[2026-09-29 16:19:56.125 thread:93476 info dds_sub_serialization_listener.h:354]:DDSSubSerializationListener: embosa state is shutdown, topic: /odom/base_link
[2026-09-29 16:19:56.125 thread:93548 info dds_sub_serialization_listener.h:354]:DDSSubSerializationListener: embosa state is shutdown, topic: /galbot/mic
[2026-09-29 16:19:56.126 thread:93492 info dds_sub_serialization_listener.h:354]:DDSSubSerializationListener: embosa state is shutdown, topic: /embosa_tf
[2026-09-29 16:19:56.128 thread:93476 info dds_sub_serialization_listener.h:354]:DDSSubSerializationListener: embosa state is shutdown, topic: singorix/wbcs/sensor
[2026-09-29 16:19:56.128 thread:93476 info dds_sub_serialization_listener.h:354]:DDSSubSerializationListener: embosa state is shutdown, topic: singorix/wbcs/error
[2026-09-29 16:19:56.130 thread:93492 info dds_sub_serialization_listener.h:354]:DDSSubSerializationListener: embosa state is shutdown, topic: /embosa_tf
[2026-09-29 16:19:56.134 thread:93492 info dds_sub_serialization_listener.h:354]:DDSSubSerializationListener: embosa state is shutdown, topic: /embosa_tf
[2026-09-29 16:19:56.136 thread:93476 info dds_sub_serialization_listener.h:354]:DDSSubSerializationListener: embosa state is shutdown, topic: /odom/base_link
[2026-09-29 16:19:56.136 thread:93476 info dds_sub_serialization_listener.h:354]:DDSSubSerializationListener: embosa state is shutdown, topic: singorix/wbcs/sensor
[2026-09-29 16:19:56.137 thread:93476 info dds_sub_serialization_listener.h:354]:DDSSubSerializationListener: embosa state is shutdown, topic: singorix/wbcs/wbc_info
[2026-09-29 16:19:56.137 thread:93476 info dds_sub_serialization_listener.h:354]:DDSSubSerializationListener: embosa state is shutdown, topic: singorix/wbcs/error
[2026-09-29 16:19:56.144 thread:93476 info dds_sub_serialization_listener.h:354]:DDSSubSerializationListener: embosa state is shutdown, topic: singorix/wbcs/sensor
[2026-09-29 16:19:56.144 thread:93476 info dds_sub_serialization_listener.h:354]:DDSSubSerializationListener: embosa state is shutdown, topic: /odom/base_link
[2026-09-29 16:19:56.145 thread:93476 info dds_sub_serialization_listener.h:354]:DDSSubSerializationListener: embosa state is shutdown, topic: singorix/wbcs/error
[2026-09-29 16:19:56.148 thread:93476 info dds_sub_serialization_listener.h:354]:DDSSubSerializationListener: embosa state is shutdown, topic: /galbot/mission_manager/onboard_config
[2026-09-29 16:19:56.153 thread:93476 info dds_sub_serialization_listener.h:354]:DDSSubSerializationListener: embosa state is shutdown, topic: singorix/wbcs/sensor
[2026-09-29 16:19:56.153 thread:93492 info dds_sub_serialization_listener.h:354]:DDSSubSerializationListener: embosa state is shutdown, topic: /embosa_tf
[2026-09-29 16:19:56.153 thread:93476 info dds_sub_serialization_listener.h:354]:DDSSubSerializationListener: embosa state is shutdown, topic: singorix/wbcs/wbc_info
[2026-09-29 16:19:56.153 thread:93476 info dds_sub_serialization_listener.h:354]:DDSSubSerializationListener: embosa state is shutdown, topic: singorix/wbcs/error
[2026-09-29 16:19:56.154 thread:93492 info dds_sub_serialization_listener.h:354]:DDSSubSerializationListener: embosa state is shutdown, topic: /embosa_tf
[2026-09-29 16:19:56.155 thread:93476 info dds_sub_serialization_listener.h:354]:DDSSubSerializationListener: embosa state is shutdown, topic: /odom/base_link
[2026-09-29 16:19:56.160 thread:93476 info dds_sub_serialization_listener.h:354]:DDSSubSerializationListener: embosa state is shutdown, topic: singorix/wbcs/sensor
[2026-09-29 16:19:56.161 thread:93476 info dds_sub_serialization_listener.h:354]:DDSSubSerializationListener: embosa state is shutdown, topic: singorix/wbcs/error
[2026-09-29 16:19:56.164 thread:93476 info dds_sub_serialization_listener.h:354]:DDSSubSerializationListener: embosa state is shutdown, topic: /odom/base_link
[2026-09-29 16:19:56.171 thread:93476 info dds_sub_serialization_listener.h:354]:DDSSubSerializationListener: embosa state is shutdown, topic: singorix/wbcs/sensor
[2026-09-29 16:19:56.172 thread:93476 info dds_sub_serialization_listener.h:354]:DDSSubSerializationListener: embosa state is shutdown, topic: singorix/wbcs/wbc_info
[2026-09-29 16:19:56.173 thread:93476 info dds_sub_serialization_listener.h:354]:DDSSubSerializationListener: embosa state is shutdown, topic: singorix/wbcs/error
[2026-09-29 16:19:56.174 thread:93492 info dds_sub_serialization_listener.h:354]:DDSSubSerializationListener: embosa state is shutdown, topic: /embosa_tf
[2026-09-29 16:19:56.176 thread:93476 info dds_sub_serialization_listener.h:354]:DDSSubSerializationListener: embosa state is shutdown, topic: /odom/base_link
[2026-09-29 16:19:56.177 thread:93476 info dds_sub_serialization_listener.h:354]:DDSSubSerializationListener: embosa state is shutdown, topic: singorix/wbcs/sensor
[2026-09-29 16:19:56.177 thread:93476 info dds_sub_serialization_listener.h:354]:DDSSubSerializationListener: embosa state is shutdown, topic: singorix/wbcs/error
[2026-09-29 16:19:56.178 thread:93492 info dds_sub_serialization_listener.h:354]:DDSSubSerializationListener: embosa state is shutdown, topic: /embosa_tf
[2026-09-29 16:19:56.185 thread:93476 info dds_sub_serialization_listener.h:354]:DDSSubSerializationListener: embosa state is shutdown, topic: /odom/base_link
[2026-09-29 16:19:56.185 thread:93476 info dds_sub_serialization_listener.h:354]:DDSSubSerializationListener: embosa state is shutdown, topic: singorix/wbcs/sensor
[2026-09-29 16:19:56.186 thread:93476 info dds_sub_serialization_listener.h:354]:DDSSubSerializationListener: embosa state is shutdown, topic: singorix/wbcs/wbc_info
[2026-09-29 16:19:56.186 thread:93476 info dds_sub_serialization_listener.h:354]:DDSSubSerializationListener: embosa state is shutdown, topic: singorix/wbcs/error
[2026-09-29 16:19:56.192 thread:93476 info dds_sub_serialization_listener.h:354]:DDSSubSerializationListener: embosa state is shutdown, topic: singorix/wbcs/sensor
[2026-09-29 16:19:56.192 thread:93476 info dds_sub_serialization_listener.h:354]:DDSSubSerializationListener: embosa state is shutdown, topic: singorix/wbcs/error
[2026-09-29 16:19:56.194 thread:93492 info dds_sub_serialization_listener.h:354]:DDSSubSerializationListener: embosa state is shutdown, topic: /embosa_tf
[2026-09-29 16:19:56.195 thread:93476 info dds_sub_serialization_listener.h:354]:DDSSubSerializationListener: embosa state is shutdown, topic: /odom/base_link
[2026-09-29 16:19:56.200 thread:93492 info dds_sub_serialization_listener.h:354]:DDSSubSerializationListener: embosa state is shutdown, topic: /embosa_tf
[2026-09-29 16:19:56.200 thread:93476 info dds_sub_serialization_listener.h:354]:DDSSubSerializationListener: embosa state is shutdown, topic: singorix/wbcs/sensor
[2026-09-29 16:19:56.201 thread:93476 info dds_sub_serialization_listener.h:354]:DDSSubSerializationListener: embosa state is shutdown, topic: singorix/wbcs/wbc_info
[2026-09-29 16:19:56.201 thread:93476 info dds_sub_serialization_listener.h:354]:DDSSubSerializationListener: embosa state is shutdown, topic: singorix/wbcs/error
[2026-09-29 16:19:56.205 thread:93476 info dds_sub_serialization_listener.h:354]:DDSSubSerializationListener: embosa state is shutdown, topic: /odom/base_link
[2026-09-29 16:19:56.208 thread:93476 info dds_sub_serialization_listener.h:354]:DDSSubSerializationListener: embosa state is shutdown, topic: singorix/wbcs/sensor
[2026-09-29 16:19:56.208 thread:93476 info dds_sub_serialization_listener.h:354]:DDSSubSerializationListener: embosa state is shutdown, topic: singorix/wbcs/error
[2026-09-29 16:19:56.209 thread:93493 info dds_sub_serialization_listener.h:354]:DDSSubSerializationListener: embosa state is shutdown, topic: /embosa_tf_static
[2026-09-29 16:19:56.214 thread:93492 info dds_sub_serialization_listener.h:354]:DDSSubSerializationListener: embosa state is shutdown, topic: /embosa_tf
[2026-09-29 16:19:56.215 thread:93476 info dds_sub_serialization_listener.h:354]:DDSSubSerializationListener: embosa state is shutdown, topic: /odom/base_link
[2026-09-29 16:19:56.217 thread:93476 info dds_sub_serialization_listener.h:354]:DDSSubSerializationListener: embosa state is shutdown, topic: singorix/wbcs/sensor
[2026-09-29 16:19:56.217 thread:93476 info dds_sub_serialization_listener.h:354]:DDSSubSerializationListener: embosa state is shutdown, topic: singorix/wbcs/wbc_info
[2026-09-29 16:19:56.217 thread:93476 info dds_sub_serialization_listener.h:354]:DDSSubSerializationListener: embosa state is shutdown, topic: singorix/wbcs/error
[2026-09-29 16:19:56.221 thread:93548 info dds_sub_serialization_listener.h:354]:DDSSubSerializationListener: embosa state is shutdown, topic: /galbot/mic
[2026-09-29 16:19:56.224 thread:93476 info dds_sub_serialization_listener.h:354]:DDSSubSerializationListener: embosa state is shutdown, topic: singorix/wbcs/sensor
[2026-09-29 16:19:56.224 thread:93476 info dds_sub_serialization_listener.h:354]:DDSSubSerializationListener: embosa state is shutdown, topic: singorix/wbcs/error
[2026-09-29 16:19:56.225 thread:93476 info dds_sub_serialization_listener.h:354]:DDSSubSerializationListener: embosa state is shutdown, topic: /odom/base_link
[2026-09-29 16:19:56.225 thread:93492 info dds_sub_serialization_listener.h:354]:DDSSubSerializationListener: embosa state is shutdown, topic: /embosa_tf
[2026-09-29 16:19:56.232 thread:93476 info dds_sub_serialization_listener.h:354]:DDSSubSerializationListener: embosa state is shutdown, topic: singorix/wbcs/sensor
[2026-09-29 16:19:56.233 thread:93476 info dds_sub_serialization_listener.h:354]:DDSSubSerializationListener: embosa state is shutdown, topic: singorix/wbcs/wbc_info
[2026-09-29 16:19:56.233 thread:93476 info dds_sub_serialization_listener.h:354]:DDSSubSerializationListener: embosa state is shutdown, topic: singorix/wbcs/error
[2026-09-29 16:19:56.234 thread:93492 info dds_sub_serialization_listener.h:354]:DDSSubSerializationListener: embosa state is shutdown, topic: /embosa_tf
[2026-09-29 16:19:56.235 thread:93476 info dds_sub_serialization_listener.h:354]:DDSSubSerializationListener: embosa state is shutdown, topic: /odom/base_link
[2026-09-29 16:19:56.240 thread:93476 info dds_sub_serialization_listener.h:354]:DDSSubSerializationListener: embosa state is shutdown, topic: singorix/wbcs/sensor
[2026-09-29 16:19:56.240 thread:93476 info dds_sub_serialization_listener.h:354]:DDSSubSerializationListener: embosa state is shutdown, topic: singorix/wbcs/error
[2026-09-29 16:19:56.244 thread:93476 info dds_sub_serialization_listener.h:354]:DDSSubSerializationListener: embosa state is shutdown, topic: /odom/base_link
[2026-09-29 16:19:56.249 thread:93476 info dds_sub_serialization_listener.h:354]:DDSSubSerializationListener: embosa state is shutdown, topic: singorix/wbcs/sensor
[2026-09-29 16:19:56.249 thread:93476 info dds_sub_serialization_listener.h:354]:DDSSubSerializationListener: embosa state is shutdown, topic: singorix/wbcs/wbc_info
[2026-09-29 16:19:56.249 thread:93476 info dds_sub_serialization_listener.h:354]:DDSSubSerializationListener: embosa state is shutdown, topic: singorix/wbcs/error
[2026-09-29 16:19:56.249 thread:93492 info dds_sub_serialization_listener.h:354]:DDSSubSerializationListener: embosa state is shutdown, topic: /embosa_tf
[2026-09-29 16:19:56.254 thread:93492 info dds_sub_serialization_listener.h:354]:DDSSubSerializationListener: embosa state is shutdown, topic: /embosa_tf
[2026-09-29 16:19:56.255 thread:93476 info dds_sub_serialization_listener.h:354]:DDSSubSerializationListener: embosa state is shutdown, topic: /odom/base_link
[2026-09-29 16:19:56.256 thread:93476 info dds_sub_serialization_listener.h:354]:DDSSubSerializationListener: embosa state is shutdown, topic: singorix/wbcs/sensor
[2026-09-29 16:19:56.256 thread:93476 info dds_sub_serialization_listener.h:354]:DDSSubSerializationListener: embosa state is shutdown, topic: singorix/wbcs/error
[2026-09-29 16:19:56.264 thread:93476 info dds_sub_serialization_listener.h:354]:DDSSubSerializationListener: embosa state is shutdown, topic: singorix/wbcs/sensor
[2026-09-29 16:19:56.264 thread:93476 info dds_sub_serialization_listener.h:354]:DDSSubSerializationListener: embosa state is shutdown, topic: singorix/wbcs/wbc_info
[2026-09-29 16:19:56.264 thread:93476 info dds_sub_serialization_listener.h:354]:DDSSubSerializationListener: embosa state is shutdown, topic: singorix/wbcs/error
[2026-09-29 16:19:56.266 thread:93476 info dds_sub_serialization_listener.h:354]:DDSSubSerializationListener: embosa state is shutdown, topic: /odom/base_link
[2026-09-29 16:19:56.272 thread:93476 info dds_sub_serialization_listener.h:354]:DDSSubSerializationListener: embosa state is shutdown, topic: singorix/wbcs/sensor
[2026-09-29 16:19:56.272 thread:93492 info dds_sub_serialization_listener.h:354]:DDSSubSerializationListener: embosa state is shutdown, topic: /embosa_tf
[2026-09-29 16:19:56.273 thread:93476 info dds_sub_serialization_listener.h:354]:DDSSubSerializationListener: embosa state is shutdown, topic: singorix/wbcs/error
[2026-09-29 16:19:56.274 thread:93492 info dds_sub_serialization_listener.h:354]:DDSSubSerializationListener: embosa state is shutdown, topic: /embosa_tf
[2026-09-29 16:19:56.275 thread:93476 info dds_sub_serialization_listener.h:354]:DDSSubSerializationListener: embosa state is shutdown, topic: /odom/base_link
[2026-09-29 16:19:56.280 thread:93476 info dds_sub_serialization_listener.h:354]:DDSSubSerializationListener: embosa state is shutdown, topic: singorix/wbcs/sensor
[2026-09-29 16:19:56.281 thread:93476 info dds_sub_serialization_listener.h:354]:DDSSubSerializationListener: embosa state is shutdown, topic: singorix/wbcs/wbc_info
[2026-09-29 16:19:56.281 thread:93476 info dds_sub_serialization_listener.h:354]:DDSSubSerializationListener: embosa state is shutdown, topic: singorix/wbcs/error
[2026-09-29 16:19:56.284 thread:93548 info dds_sub_serialization_listener.h:354]:DDSSubSerializationListener: embosa state is shutdown, topic: /galbot/mic
[2026-09-29 16:19:56.285 thread:93476 info dds_sub_serialization_listener.h:354]:DDSSubSerializationListener: embosa state is shutdown, topic: /odom/base_link
[2026-09-29 16:19:56.289 thread:93476 info dds_sub_serialization_listener.h:354]:DDSSubSerializationListener: embosa state is shutdown, topic: singorix/wbcs/sensor
[2026-09-29 16:19:56.289 thread:93476 info dds_sub_serialization_listener.h:354]:DDSSubSerializationListener: embosa state is shutdown, topic: singorix/wbcs/error
[2026-09-29 16:19:56.295 thread:93492 info dds_sub_serialization_listener.h:354]:DDSSubSerializationListener: embosa state is shutdown, topic: /embosa_tf
[2026-09-29 16:19:56.295 thread:93476 info dds_sub_serialization_listener.h:354]:DDSSubSerializationListener: embosa state is shutdown, topic: /odom/base_link
[2026-09-29 16:19:56.296 thread:93476 info dds_sub_serialization_listener.h:354]:DDSSubSerializationListener: embosa state is shutdown, topic: singorix/wbcs/sensor
[2026-09-29 16:19:56.297 thread:93492 info dds_sub_serialization_listener.h:354]:DDSSubSerializationListener: embosa state is shutdown, topic: /embosa_tf
[2026-09-29 16:19:56.297 thread:93476 info dds_sub_serialization_listener.h:354]:DDSSubSerializationListener: embosa state is shutdown, topic: singorix/wbcs/wbc_info
[2026-09-29 16:19:56.297 thread:93476 info dds_sub_serialization_listener.h:354]:DDSSubSerializationListener: embosa state is shutdown, topic: singorix/wbcs/error
[2026-09-29 16:19:56.304 thread:93476 info dds_sub_serialization_listener.h:354]:DDSSubSerializationListener: embosa state is shutdown, topic: singorix/wbcs/sensor
[2026-09-29 16:19:56.304 thread:93476 info dds_sub_serialization_listener.h:354]:DDSSubSerializationListener: embosa state is shutdown, topic: /odom/base_link
[2026-09-29 16:19:56.304 thread:93476 info dds_sub_serialization_listener.h:354]:DDSSubSerializationListener: embosa state is shutdown, topic: singorix/wbcs/error
[2026-09-29 16:19:56.313 thread:93476 info dds_sub_serialization_listener.h:354]:DDSSubSerializationListener: embosa state is shutdown, topic: singorix/wbcs/sensor
[2026-09-29 16:19:56.313 thread:93476 info dds_sub_serialization_listener.h:354]:DDSSubSerializationListener: embosa state is shutdown, topic: singorix/wbcs/wbc_info
[2026-09-29 16:19:56.313 thread:93476 info dds_sub_serialization_listener.h:354]:DDSSubSerializationListener: embosa state is shutdown, topic: singorix/wbcs/error
[2026-09-29 16:19:56.314 thread:93492 info dds_sub_serialization_listener.h:354]:DDSSubSerializationListener: embosa state is shutdown, topic: /embosa_tf
[2026-09-29 16:19:56.316 thread:93476 info dds_sub_serialization_listener.h:354]:DDSSubSerializationListener: embosa state is shutdown, topic: /odom/base_link
[2026-09-29 16:19:56.320 thread:93476 info dds_sub_serialization_listener.h:354]:DDSSubSerializationListener: embosa state is shutdown, topic: singorix/wbcs/sensor
[2026-09-29 16:19:56.320 thread:93476 info dds_sub_serialization_listener.h:354]:DDSSubSerializationListener: embosa state is shutdown, topic: singorix/wbcs/error
[2026-09-29 16:19:56.320 thread:93492 info dds_sub_serialization_listener.h:354]:DDSSubSerializationListener: embosa state is shutdown, topic: /embosa_tf
[2026-09-29 16:19:56.325 thread:93476 info dds_sub_serialization_listener.h:354]:DDSSubSerializationListener: embosa state is shutdown, topic: /odom/base_link
[2026-09-29 16:19:56.328 thread:93476 info dds_sub_serialization_listener.h:354]:DDSSubSerializationListener: embosa state is shutdown, topic: singorix/wbcs/sensor
[2026-09-29 16:19:56.328 thread:93476 info dds_sub_serialization_listener.h:354]:DDSSubSerializationListener: embosa state is shutdown, topic: singorix/wbcs/wbc_info
[2026-09-29 16:19:56.329 thread:93476 info dds_sub_serialization_listener.h:354]:DDSSubSerializationListener: embosa state is shutdown, topic: singorix/wbcs/error
[2026-09-29 16:19:56.329 thread:93493 info dds_sub_serialization_listener.h:354]:DDSSubSerializationListener: embosa state is shutdown, topic: /embosa_tf_static
[2026-09-29 16:19:56.335 thread:93492 info dds_sub_serialization_listener.h:354]:DDSSubSerializationListener: embosa state is shutdown, topic: /embosa_tf
[2026-09-29 16:19:56.335 thread:93476 info dds_sub_serialization_listener.h:354]:DDSSubSerializationListener: embosa state is shutdown, topic: /odom/base_link
[2026-09-29 16:19:56.335 thread:93476 info dds_sub_serialization_listener.h:354]:DDSSubSerializationListener: embosa state is shutdown, topic: singorix/wbcs/sensor
[2026-09-29 16:19:56.336 thread:93476 info dds_sub_serialization_listener.h:354]:DDSSubSerializationListener: embosa state is shutdown, topic: singorix/wbcs/error
[2026-09-29 16:19:56.344 thread:93476 info dds_sub_serialization_listener.h:354]:DDSSubSerializationListener: embosa state is shutdown, topic: singorix/wbcs/sensor
[2026-09-29 16:19:56.345 thread:93476 info dds_sub_serialization_listener.h:354]:DDSSubSerializationListener: embosa state is shutdown, topic: singorix/wbcs/wbc_info
[2026-09-29 16:19:56.345 thread:93476 info dds_sub_serialization_listener.h:354]:DDSSubSerializationListener: embosa state is shutdown, topic: singorix/wbcs/error
[2026-09-29 16:19:56.345 thread:93492 info dds_sub_serialization_listener.h:354]:DDSSubSerializationListener: embosa state is shutdown, topic: /embosa_tf
[2026-09-29 16:19:56.345 thread:93476 info dds_sub_serialization_listener.h:354]:DDSSubSerializationListener: embosa state is shutdown, topic: /odom/base_link
[2026-09-29 16:19:56.352 thread:93476 info dds_sub_serialization_listener.h:354]:DDSSubSerializationListener: embosa state is shutdown, topic: singorix/wbcs/sensor
[2026-09-29 16:19:56.352 thread:93476 info dds_sub_serialization_listener.h:354]:DDSSubSerializationListener: embosa state is shutdown, topic: singorix/wbcs/error
[2026-09-29 16:19:56.354 thread:93476 info dds_sub_serialization_listener.h:354]:DDSSubSerializationListener: embosa state is shutdown, topic: /odom/base_link
[2026-09-29 16:19:56.355 thread:93492 info dds_sub_serialization_listener.h:354]:DDSSubSerializationListener: embosa state is shutdown, topic: /embosa_tf
[2026-09-29 16:19:56.360 thread:93476 info dds_sub_serialization_listener.h:354]:DDSSubSerializationListener: embosa state is shutdown, topic: singorix/wbcs/sensor
[2026-09-29 16:19:56.360 thread:93476 info dds_sub_serialization_listener.h:354]:DDSSubSerializationListener: embosa state is shutdown, topic: singorix/wbcs/wbc_info
[2026-09-29 16:19:56.360 thread:93476 info dds_sub_serialization_listener.h:354]:DDSSubSerializationListener: embosa state is shutdown, topic: singorix/wbcs/error
[2026-09-29 16:19:56.365 thread:93476 info dds_sub_serialization_listener.h:354]:DDSSubSerializationListener: embosa state is shutdown, topic: /odom/base_link
[2026-09-29 16:19:56.369 thread:93476 info dds_sub_serialization_listener.h:354]:DDSSubSerializationListener: embosa state is shutdown, topic: singorix/wbcs/sensor
[2026-09-29 16:19:56.369 thread:93476 info dds_sub_serialization_listener.h:354]:DDSSubSerializationListener: embosa state is shutdown, topic: singorix/wbcs/error
[2026-09-29 16:19:56.370 thread:93492 info dds_sub_serialization_listener.h:354]:DDSSubSerializationListener: embosa state is shutdown, topic: /embosa_tf
[2026-09-29 16:19:56.375 thread:93476 info dds_sub_serialization_listener.h:354]:DDSSubSerializationListener: embosa state is shutdown, topic: /odom/base_link
[2026-09-29 16:19:56.375 thread:93492 info dds_sub_serialization_listener.h:354]:DDSSubSerializationListener: embosa state is shutdown, topic: /embosa_tf
[2026-09-29 16:19:56.376 thread:93476 info dds_sub_serialization_listener.h:354]:DDSSubSerializationListener: embosa state is shutdown, topic: singorix/wbcs/sensor
[2026-09-29 16:19:56.376 thread:93476 info dds_sub_serialization_listener.h:354]:DDSSubSerializationListener: embosa state is shutdown, topic: singorix/wbcs/wbc_info
[2026-09-29 16:19:56.377 thread:93476 info dds_sub_serialization_listener.h:354]:DDSSubSerializationListener: embosa state is shutdown, topic: singorix/wbcs/error
[2026-09-29 16:19:56.382 thread:93492 info dds_sub_serialization_listener.h:354]:DDSSubSerializationListener: embosa state is shutdown, topic: /embosa_tf
[2026-09-29 16:19:56.382 thread:93492 info dds_sub_serialization_listener.h:354]:DDSSubSerializationListener: embosa state is shutdown, topic: /embosa_tf
[2026-09-29 16:19:56.383 thread:93548 info dds_sub_serialization_listener.h:354]:DDSSubSerializationListener: embosa state is shutdown, topic: /galbot/mic
[2026-09-29 16:19:56.384 thread:93476 info dds_sub_serialization_listener.h:354]:DDSSubSerializationListener: embosa state is shutdown, topic: singorix/wbcs/sensor
[2026-09-29 16:19:56.384 thread:93476 info dds_sub_serialization_listener.h:354]:DDSSubSerializationListener: embosa state is shutdown, topic: singorix/wbcs/error
[2026-09-29 16:19:56.385 thread:93476 info dds_sub_serialization_listener.h:354]:DDSSubSerializationListener: embosa state is shutdown, topic: /odom/base_link
[2026-09-29 16:19:56.392 thread:93476 info dds_sub_serialization_listener.h:354]:DDSSubSerializationListener: embosa state is shutdown, topic: singorix/wbcs/sensor
[2026-09-29 16:19:56.393 thread:93492 info dds_sub_serialization_listener.h:354]:DDSSubSerializationListener: embosa state is shutdown, topic: /embosa_tf
[2026-09-29 16:19:56.393 thread:93476 info dds_sub_serialization_listener.h:354]:DDSSubSerializationListener: embosa state is shutdown, topic: singorix/wbcs/wbc_info
[2026-09-29 16:19:56.393 thread:93476 info dds_sub_serialization_listener.h:354]:DDSSubSerializationListener: embosa state is shutdown, topic: singorix/wbcs/error
[2026-09-29 16:19:56.394 thread:93476 info dds_sub_serialization_listener.h:354]:DDSSubSerializationListener: embosa state is shutdown, topic: /odom/base_link
[2026-09-29 16:19:56.398 thread:93492 info dds_sub_serialization_listener.h:354]:DDSSubSerializationListener: embosa state is shutdown, topic: /embosa_tf
[2026-09-29 16:19:56.400 thread:93476 info dds_sub_serialization_listener.h:354]:DDSSubSerializationListener: embosa state is shutdown, topic: singorix/wbcs/sensor
[2026-09-29 16:19:56.400 thread:93476 info dds_sub_serialization_listener.h:354]:DDSSubSerializationListener: embosa state is shutdown, topic: singorix/wbcs/error
[2026-09-29 16:19:56.405 thread:93476 info dds_sub_serialization_listener.h:354]:DDSSubSerializationListener: embosa state is shutdown, topic: /odom/base_link
[2026-09-29 16:19:56.408 thread:93476 info dds_sub_serialization_listener.h:354]:DDSSubSerializationListener: embosa state is shutdown, topic: singorix/wbcs/sensor
[2026-09-29 16:19:56.409 thread:93476 info dds_sub_serialization_listener.h:354]:DDSSubSerializationListener: embosa state is shutdown, topic: singorix/wbcs/wbc_info
[2026-09-29 16:19:56.409 thread:93476 info dds_sub_serialization_listener.h:354]:DDSSubSerializationListener: embosa state is shutdown, topic: singorix/wbcs/error
[2026-09-29 16:19:56.415 thread:93492 info dds_sub_serialization_listener.h:354]:DDSSubSerializationListener: embosa state is shutdown, topic: /embosa_tf
[2026-09-29 16:19:56.416 thread:93476 info dds_sub_serialization_listener.h:354]:DDSSubSerializationListener: embosa state is shutdown, topic: singorix/wbcs/sensor
[2026-09-29 16:19:56.416 thread:93476 info dds_sub_serialization_listener.h:354]:DDSSubSerializationListener: embosa state is shutdown, topic: /odom/base_link
[2026-09-29 16:19:56.417 thread:93492 info dds_sub_serialization_listener.h:354]:DDSSubSerializationListener: embosa state is shutdown, topic: /embosa_tf
[2026-09-29 16:19:56.417 thread:93476 info dds_sub_serialization_listener.h:354]:DDSSubSerializationListener: embosa state is shutdown, topic: singorix/wbcs/error
[2026-09-29 16:19:56.425 thread:93476 info dds_sub_serialization_listener.h:354]:DDSSubSerializationListener: embosa state is shutdown, topic: /odom/base_link
[2026-09-29 16:19:56.427 thread:93476 info dds_sub_serialization_listener.h:354]:DDSSubSerializationListener: embosa state is shutdown, topic: singorix/wbcs/sensor
[2026-09-29 16:19:56.427 thread:93476 info dds_sub_serialization_listener.h:354]:DDSSubSerializationListener: embosa state is shutdown, topic: singorix/wbcs/wbc_info
[2026-09-29 16:19:56.428 thread:93476 info dds_sub_serialization_listener.h:354]:DDSSubSerializationListener: embosa state is shutdown, topic: singorix/wbcs/error
[2026-09-29 16:19:56.433 thread:93476 info dds_sub_serialization_listener.h:354]:DDSSubSerializationListener: embosa state is shutdown, topic: singorix/wbcs/sensor
[2026-09-29 16:19:56.433 thread:93476 info dds_sub_serialization_listener.h:354]:DDSSubSerializationListener: embosa state is shutdown, topic: singorix/wbcs/error
[2026-09-29 16:19:56.435 thread:93476 info dds_sub_serialization_listener.h:354]:DDSSubSerializationListener: embosa state is shutdown, topic: /odom/base_link
[2026-09-29 16:19:56.435 thread:93492 info dds_sub_serialization_listener.h:354]:DDSSubSerializationListener: embosa state is shutdown, topic: /embosa_tf
[2026-09-29 16:19:56.440 thread:93476 info dds_sub_serialization_listener.h:354]:DDSSubSerializationListener: embosa state is shutdown, topic: singorix/wbcs/sensor
[2026-09-29 16:19:56.440 thread:93548 info dds_sub_serialization_listener.h:354]:DDSSubSerializationListener: embosa state is shutdown, topic: /galbot/mic
[2026-09-29 16:19:56.441 thread:93476 info dds_sub_serialization_listener.h:354]:DDSSubSerializationListener: embosa state is shutdown, topic: singorix/wbcs/wbc_info
[2026-09-29 16:19:56.441 thread:93476 info dds_sub_serialization_listener.h:354]:DDSSubSerializationListener: embosa state is shutdown, topic: singorix/wbcs/error
[2026-09-29 16:19:56.442 thread:93492 info dds_sub_serialization_listener.h:354]:DDSSubSerializationListener: embosa state is shutdown, topic: /embosa_tf
[2026-09-29 16:19:56.445 thread:93476 info dds_sub_serialization_listener.h:354]:DDSSubSerializationListener: embosa state is shutdown, topic: /odom/base_link
[2026-09-29 16:19:56.450 thread:93476 info dds_sub_serialization_listener.h:354]:DDSSubSerializationListener: embosa state is shutdown, topic: singorix/wbcs/sensor
[2026-09-29 16:19:56.450 thread:93476 info dds_sub_serialization_listener.h:354]:DDSSubSerializationListener: embosa state is shutdown, topic: singorix/wbcs/error
[2026-09-29 16:19:56.456 thread:93476 info dds_sub_serialization_listener.h:354]:DDSSubSerializationListener: embosa state is shutdown, topic: /odom/base_link
[2026-09-29 16:19:56.456 thread:93492 info dds_sub_serialization_listener.h:354]:DDSSubSerializationListener: embosa state is shutdown, topic: /embosa_tf
[2026-09-29 16:19:56.456 thread:93476 info dds_sub_serialization_listener.h:354]:DDSSubSerializationListener: embosa state is shutdown, topic: singorix/wbcs/sensor
[2026-09-29 16:19:56.457 thread:93476 info dds_sub_serialization_listener.h:354]:DDSSubSerializationListener: embosa state is shutdown, topic: singorix/wbcs/wbc_info
[2026-09-29 16:19:56.457 thread:93476 info dds_sub_serialization_listener.h:354]:DDSSubSerializationListener: embosa state is shutdown, topic: singorix/wbcs/error
[2026-09-29 16:19:56.464 thread:93476 info dds_sub_serialization_listener.h:354]:DDSSubSerializationListener: embosa state is shutdown, topic: /odom/base_link
[2026-09-29 16:19:56.465 thread:93476 info dds_sub_serialization_listener.h:354]:DDSSubSerializationListener: embosa state is shutdown, topic: singorix/wbcs/sensor
[2026-09-29 16:19:56.466 thread:93476 info dds_sub_serialization_listener.h:354]:DDSSubSerializationListener: embosa state is shutdown, topic: singorix/wbcs/error
[2026-09-29 16:19:56.466 thread:93492 info dds_sub_serialization_listener.h:354]:DDSSubSerializationListener: embosa state is shutdown, topic: /embosa_tf
[2026-09-29 16:19:56.472 thread:93476 info dds_sub_serialization_listener.h:354]:DDSSubSerializationListener: embosa state is shutdown, topic: singorix/wbcs/sensor
[2026-09-29 16:19:56.473 thread:93476 info dds_sub_serialization_listener.h:354]:DDSSubSerializationListener: embosa state is shutdown, topic: singorix/wbcs/wbc_info
[2026-09-29 16:19:56.474 thread:93476 info dds_sub_serialization_listener.h:354]:DDSSubSerializationListener: embosa state is shutdown, topic: singorix/wbcs/error
[2026-09-29 16:19:56.475 thread:93476 info dds_sub_serialization_listener.h:354]:DDSSubSerializationListener: embosa state is shutdown, topic: /odom/base_link
[2026-09-29 16:19:56.475 thread:93492 info dds_sub_serialization_listener.h:354]:DDSSubSerializationListener: embosa state is shutdown, topic: /embosa_tf
[2026-09-29 16:19:56.481 thread:93476 info dds_sub_serialization_listener.h:354]:DDSSubSerializationListener: embosa state is shutdown, topic: singorix/wbcs/sensor
[2026-09-29 16:19:56.481 thread:93476 info dds_sub_serialization_listener.h:354]:DDSSubSerializationListener: embosa state is shutdown, topic: singorix/wbcs/error
[2026-09-29 16:19:56.485 thread:93476 info dds_sub_serialization_listener.h:354]:DDSSubSerializationListener: embosa state is shutdown, topic: /odom/base_link
[2026-09-29 16:19:56.488 thread:93476 info dds_sub_serialization_listener.h:354]:DDSSubSerializationListener: embosa state is shutdown, topic: singorix/wbcs/sensor
[2026-09-29 16:19:56.489 thread:93476 info dds_sub_serialization_listener.h:354]:DDSSubSerializationListener: embosa state is shutdown, topic: singorix/wbcs/wbc_info
[2026-09-29 16:19:56.489 thread:93476 info dds_sub_serialization_listener.h:354]:DDSSubSerializationListener: embosa state is shutdown, topic: singorix/wbcs/error
[2026-09-29 16:19:56.490 thread:93492 info dds_sub_serialization_listener.h:354]:DDSSubSerializationListener: embosa state is shutdown, topic: /embosa_tf
[2026-09-29 16:19:56.496 thread:93476 info dds_sub_serialization_listener.h:354]:DDSSubSerializationListener: embosa state is shutdown, topic: /odom/base_link
[2026-09-29 16:19:56.497 thread:93492 info dds_sub_serialization_listener.h:354]:DDSSubSerializationListener: embosa state is shutdown, topic: /embosa_tf
[2026-09-29 16:19:56.497 thread:93476 info dds_sub_serialization_listener.h:354]:DDSSubSerializationListener: embosa state is shutdown, topic: singorix/wbcs/sensor
[2026-09-29 16:19:56.498 thread:93476 info dds_sub_serialization_listener.h:354]:DDSSubSerializationListener: embosa state is shutdown, topic: singorix/wbcs/error
[2026-09-29 16:19:56.504 thread:93476 info dds_sub_serialization_listener.h:354]:DDSSubSerializationListener: embosa state is shutdown, topic: /odom/base_link
[2026-09-29 16:19:56.505 thread:93476 info dds_sub_serialization_listener.h:354]:DDSSubSerializationListener: embosa state is shutdown, topic: singorix/wbcs/sensor
[2026-09-29 16:19:56.506 thread:93476 info dds_sub_serialization_listener.h:354]:DDSSubSerializationListener: embosa state is shutdown, topic: singorix/wbcs/wbc_info
[2026-09-29 16:19:56.506 thread:93476 info dds_sub_serialization_listener.h:354]:DDSSubSerializationListener: embosa state is shutdown, topic: singorix/wbcs/error
[2026-09-29 16:19:56.513 thread:93476 info dds_sub_serialization_listener.h:354]:DDSSubSerializationListener: embosa state is shutdown, topic: singorix/wbcs/sensor
[2026-09-29 16:19:56.513 thread:93492 info dds_sub_serialization_listener.h:354]:DDSSubSerializationListener: embosa state is shutdown, topic: /embosa_tf
[2026-09-29 16:19:56.515 thread:93476 info dds_sub_serialization_listener.h:354]:DDSSubSerializationListener: embosa state is shutdown, topic: /odom/base_link
[2026-09-29 16:19:56.516 thread:93492 info dds_sub_serialization_listener.h:354]:DDSSubSerializationListener: embosa state is shutdown, topic: /embosa_tf
[2026-09-29 16:19:56.521 thread:93476 info dds_sub_serialization_listener.h:354]:DDSSubSerializationListener: embosa state is shutdown, topic: singorix/wbcs/error
[2026-09-29 16:19:56.526 thread:93548 info dds_sub_serialization_listener.h:354]:DDSSubSerializationListener: embosa state is shutdown, topic: /galbot/mic
[2026-09-29 16:19:56.526 thread:93476 info dds_sub_serialization_listener.h:354]:DDSSubSerializationListener: embosa state is shutdown, topic: /odom/base_link
[2026-09-29 16:19:56.529 thread:93476 info dds_sub_serialization_listener.h:354]:DDSSubSerializationListener: embosa state is shutdown, topic: singorix/wbcs/sensor
[2026-09-29 16:19:56.530 thread:93476 info dds_sub_serialization_listener.h:354]:DDSSubSerializationListener: embosa state is shutdown, topic: singorix/wbcs/wbc_info
[2026-09-29 16:19:56.530 thread:93476 info dds_sub_serialization_listener.h:354]:DDSSubSerializationListener: embosa state is shutdown, topic: singorix/wbcs/error
[2026-09-29 16:19:56.531 thread:93476 info dds_sub_serialization_listener.h:354]:DDSSubSerializationListener: embosa state is shutdown, topic: singorix/wbcs/sensor
[2026-09-29 16:19:56.531 thread:93476 info dds_sub_serialization_listener.h:354]:DDSSubSerializationListener: embosa state is shutdown, topic: singorix/wbcs/error
[2026-09-29 16:19:56.535 thread:93476 info dds_sub_serialization_listener.h:354]:DDSSubSerializationListener: embosa state is shutdown, topic: /odom/base_link
[2026-09-29 16:19:56.536 thread:93492 info dds_sub_serialization_listener.h:354]:DDSSubSerializationListener: embosa state is shutdown, topic: /embosa_tf
[2026-09-29 16:19:56.539 thread:93476 info dds_sub_serialization_listener.h:354]:DDSSubSerializationListener: embosa state is shutdown, topic: singorix/wbcs/sensor
[2026-09-29 16:19:56.539 thread:93492 info dds_sub_serialization_listener.h:354]:DDSSubSerializationListener: embosa state is shutdown, topic: /embosa_tf
[2026-09-29 16:19:56.540 thread:93476 info dds_sub_serialization_listener.h:354]:DDSSubSerializationListener: embosa state is shutdown, topic: singorix/wbcs/wbc_info
[2026-09-29 16:19:56.540 thread:93476 info dds_sub_serialization_listener.h:354]:DDSSubSerializationListener: embosa state is shutdown, topic: singorix/wbcs/error
[2026-09-29 16:19:56.545 thread:93476 info dds_sub_serialization_listener.h:354]:DDSSubSerializationListener: embosa state is shutdown, topic: /odom/base_link
[2026-09-29 16:19:56.547 thread:93476 info dds_sub_serialization_listener.h:354]:DDSSubSerializationListener: embosa state is shutdown, topic: singorix/wbcs/sensor
[2026-09-29 16:19:56.547 thread:93476 info dds_sub_serialization_listener.h:354]:DDSSubSerializationListener: embosa state is shutdown, topic: singorix/wbcs/error
[2026-09-29 16:19:56.553 thread:93476 info dds_sub_serialization_listener.h:354]:DDSSubSerializationListener: embosa state is shutdown, topic: singorix/wbcs/sensor
[2026-09-29 16:19:56.553 thread:93476 info dds_sub_serialization_listener.h:354]:DDSSubSerializationListener: embosa state is shutdown, topic: singorix/wbcs/wbc_info
[2026-09-29 16:19:56.554 thread:93476 info dds_sub_serialization_listener.h:354]:DDSSubSerializationListener: embosa state is shutdown, topic: singorix/wbcs/error
[2026-09-29 16:19:56.555 thread:93476 info dds_sub_serialization_listener.h:354]:DDSSubSerializationListener: embosa state is shutdown, topic: /odom/base_link
[2026-09-29 16:19:56.557 thread:93492 info dds_sub_serialization_listener.h:354]:DDSSubSerializationListener: embosa state is shutdown, topic: /embosa_tf
[2026-09-29 16:19:56.560 thread:93476 info dds_sub_serialization_listener.h:354]:DDSSubSerializationListener: embosa state is shutdown, topic: singorix/wbcs/sensor
[2026-09-29 16:19:56.561 thread:93476 info dds_sub_serialization_listener.h:354]:DDSSubSerializationListener: embosa state is shutdown, topic: singorix/wbcs/error
[2026-09-29 16:19:56.561 thread:93492 info dds_sub_serialization_listener.h:354]:DDSSubSerializationListener: embosa state is shutdown, topic: /embosa_tf
[2026-09-29 16:19:56.564 thread:93476 info dds_sub_serialization_listener.h:354]:DDSSubSerializationListener: embosa state is shutdown, topic: /odom/base_link
[2026-09-29 16:19:56.569 thread:93476 info dds_sub_serialization_listener.h:354]:DDSSubSerializationListener: embosa state is shutdown, topic: singorix/wbcs/sensor
[2026-09-29 16:19:56.569 thread:93476 info dds_sub_serialization_listener.h:354]:DDSSubSerializationListener: embosa state is shutdown, topic: singorix/wbcs/wbc_info
[2026-09-29 16:19:56.569 thread:93476 info dds_sub_serialization_listener.h:354]:DDSSubSerializationListener: embosa state is shutdown, topic: singorix/wbcs/error
[2026-09-29 16:19:56.576 thread:93476 info dds_sub_serialization_listener.h:354]:DDSSubSerializationListener: embosa state is shutdown, topic: /odom/base_link
[2026-09-29 16:19:56.576 thread:93492 info dds_sub_serialization_listener.h:354]:DDSSubSerializationListener: embosa state is shutdown, topic: /embosa_tf
[2026-09-29 16:19:56.576 thread:93476 info dds_sub_serialization_listener.h:354]:DDSSubSerializationListener: embosa state is shutdown, topic: singorix/wbcs/sensor
[2026-09-29 16:19:56.576 thread:93476 info dds_sub_serialization_listener.h:354]:DDSSubSerializationListener: embosa state is shutdown, topic: singorix/wbcs/error
[2026-09-29 16:19:56.584 thread:93476 info dds_sub_serialization_listener.h:354]:DDSSubSerializationListener: embosa state is shutdown, topic: singorix/wbcs/sensor
[2026-09-29 16:19:56.584 thread:93476 info dds_sub_serialization_listener.h:354]:DDSSubSerializationListener: embosa state is shutdown, topic: /odom/base_link
[2026-09-29 16:19:56.585 thread:93492 info dds_sub_serialization_listener.h:354]:DDSSubSerializationListener: embosa state is shutdown, topic: /embosa_tf
[2026-09-29 16:19:56.585 thread:93476 info dds_sub_serialization_listener.h:354]:DDSSubSerializationListener: embosa state is shutdown, topic: singorix/wbcs/wbc_info
[2026-09-29 16:19:56.585 thread:93476 info dds_sub_serialization_listener.h:354]:DDSSubSerializationListener: embosa state is shutdown, topic: singorix/wbcs/error
[2026-09-29 16:19:56.585 thread:93492 info dds_sub_serialization_listener.h:354]:DDSSubSerializationListener: embosa state is shutdown, topic: /embosa_tf
[2026-09-29 16:19:56.585 thread:93492 info dds_sub_serialization_listener.h:354]:DDSSubSerializationListener: embosa state is shutdown, topic: /embosa_tf
[2026-09-29 16:19:56.593 thread:93476 info dds_sub_serialization_listener.h:354]:DDSSubSerializationListener: embosa state is shutdown, topic: singorix/wbcs/sensor
[2026-09-29 16:19:56.593 thread:93476 info dds_sub_serialization_listener.h:354]:DDSSubSerializationListener: embosa state is shutdown, topic: singorix/wbcs/error
[2026-09-29 16:19:56.595 thread:93476 info dds_sub_serialization_listener.h:354]:DDSSubSerializationListener: embosa state is shutdown, topic: /odom/base_link
[2026-09-29 16:19:56.597 thread:93492 info dds_sub_serialization_listener.h:354]:DDSSubSerializationListener: embosa state is shutdown, topic: /embosa_tf
[2026-09-29 16:19:56.600 thread:93476 info dds_sub_serialization_listener.h:354]:DDSSubSerializationListener: embosa state is shutdown, topic: singorix/wbcs/sensor
[2026-09-29 16:19:56.601 thread:93476 info dds_sub_serialization_listener.h:354]:DDSSubSerializationListener: embosa state is shutdown, topic: singorix/wbcs/wbc_info
[2026-09-29 16:19:56.601 thread:93476 info dds_sub_serialization_listener.h:354]:DDSSubSerializationListener: embosa state is shutdown, topic: singorix/wbcs/error
[2026-09-29 16:19:56.607 thread:93476 info dds_sub_serialization_listener.h:354]:DDSSubSerializationListener: embosa state is shutdown, topic: /odom/base_link
[2026-09-29 16:19:56.611 thread:93476 info dds_sub_serialization_listener.h:354]:DDSSubSerializationListener: embosa state is shutdown, topic: singorix/wbcs/sensor
[2026-09-29 16:19:56.612 thread:93492 info dds_sub_serialization_listener.h:354]:DDSSubSerializationListener: embosa state is shutdown, topic: /embosa_tf
[2026-09-29 16:19:56.612 thread:93476 info dds_sub_serialization_listener.h:354]:DDSSubSerializationListener: embosa state is shutdown, topic: singorix/wbcs/error
[2026-09-29 16:19:56.613 thread:93428 info dds_sub_serialization_listener.h:565]:DDSSubSerializationListener: embosa state is shutdown, topic: embosa_service_change_broadcast
[2026-09-29 16:19:56.613 thread:93428 info dds_node_factory.cpp:1179]:DeleteWriterUnlock: Writer and associated resources successfully removed
[2026-09-29 16:19:56.616 thread:93476 info dds_sub_serialization_listener.h:354]:DDSSubSerializationListener: embosa state is shutdown, topic: /odom/base_link
[2026-09-29 16:19:56.617 thread:93492 info dds_sub_serialization_listener.h:354]:DDSSubSerializationListener: embosa state is shutdown, topic: /embosa_tf
[2026-09-29 16:19:56.620 thread:93476 info dds_sub_serialization_listener.h:354]:DDSSubSerializationListener: embosa state is shutdown, topic: singorix/wbcs/sensor
[2026-09-29 16:19:56.620 thread:93476 info dds_sub_serialization_listener.h:354]:DDSSubSerializationListener: embosa state is shutdown, topic: singorix/wbcs/wbc_info
[2026-09-29 16:19:56.621 thread:93476 info dds_sub_serialization_listener.h:354]:DDSSubSerializationListener: embosa state is shutdown, topic: singorix/wbcs/error
[2026-09-29 16:19:56.624 thread:93476 info dds_sub_serialization_listener.h:354]:DDSSubSerializationListener: embosa state is shutdown, topic: singorix/wbcs/sensor
[2026-09-29 16:19:56.624 thread:93476 info dds_sub_serialization_listener.h:354]:DDSSubSerializationListener: embosa state is shutdown, topic: singorix/wbcs/error
[2026-09-29 16:19:56.625 thread:93476 info dds_sub_serialization_listener.h:354]:DDSSubSerializationListener: embosa state is shutdown, topic: /odom/base_link
[2026-09-29 16:19:56.633 thread:93476 info dds_sub_serialization_listener.h:354]:DDSSubSerializationListener: embosa state is shutdown, topic: singorix/wbcs/sensor
[2026-09-29 16:19:56.633 thread:93476 info dds_sub_serialization_listener.h:354]:DDSSubSerializationListener: embosa state is shutdown, topic: singorix/wbcs/wbc_info
[2026-09-29 16:19:56.633 thread:93492 info dds_sub_serialization_listener.h:354]:DDSSubSerializationListener: embosa state is shutdown, topic: /embosa_tf
[2026-09-29 16:19:56.635 thread:93476 info dds_sub_serialization_listener.h:354]:DDSSubSerializationListener: embosa state is shutdown, topic: /odom/base_link
[2026-09-29 16:19:56.637 thread:93476 info dds_sub_serialization_listener.h:354]:DDSSubSerializationListener: embosa state is shutdown, topic: singorix/wbcs/error
[2026-09-29 16:19:56.637 thread:93492 info dds_sub_serialization_listener.h:354]:DDSSubSerializationListener: embosa state is shutdown, topic: /embosa_tf
[2026-09-29 16:19:56.639 thread:93548 info dds_sub_serialization_listener.h:354]:DDSSubSerializationListener: embosa state is shutdown, topic: /galbot/mic
[2026-09-29 16:19:56.644 thread:93476 info dds_sub_serialization_listener.h:354]:DDSSubSerializationListener: embosa state is shutdown, topic: singorix/wbcs/sensor
[2026-09-29 16:19:56.644 thread:93476 info dds_sub_serialization_listener.h:354]:DDSSubSerializationListener: embosa state is shutdown, topic: singorix/wbcs/error
[2026-09-29 16:19:56.645 thread:93476 info dds_sub_serialization_listener.h:354]:DDSSubSerializationListener: embosa state is shutdown, topic: /odom/base_link
[2026-09-29 16:19:56.648 thread:93476 info dds_sub_serialization_listener.h:354]:DDSSubSerializationListener: embosa state is shutdown, topic: singorix/wbcs/sensor
[2026-09-29 16:19:56.649 thread:93476 info dds_sub_serialization_listener.h:354]:DDSSubSerializationListener: embosa state is shutdown, topic: singorix/wbcs/wbc_info
[2026-09-29 16:19:56.649 thread:93476 info dds_sub_serialization_listener.h:354]:DDSSubSerializationListener: embosa state is shutdown, topic: singorix/wbcs/error
[2026-09-29 16:19:56.655 thread:93476 info dds_sub_serialization_listener.h:354]:DDSSubSerializationListener: embosa state is shutdown, topic: /odom/base_link
[2026-09-29 16:19:56.658 thread:93492 info dds_sub_serialization_listener.h:354]:DDSSubSerializationListener: embosa state is shutdown, topic: /embosa_tf
[2026-09-29 16:19:56.661 thread:93476 info dds_sub_serialization_listener.h:354]:DDSSubSerializationListener: embosa state is shutdown, topic: singorix/wbcs/sensor
[2026-09-29 16:19:56.661 thread:93476 info dds_sub_serialization_listener.h:354]:DDSSubSerializationListener: embosa state is shutdown, topic: singorix/wbcs/error
[2026-09-29 16:19:56.661 thread:93492 info dds_sub_serialization_listener.h:354]:DDSSubSerializationListener: embosa state is shutdown, topic: /embosa_tf
[2026-09-29 16:19:56.665 thread:93476 info dds_sub_serialization_listener.h:354]:DDSSubSerializationListener: embosa state is shutdown, topic: /odom/base_link
[2026-09-29 16:19:56.665 thread:93476 info dds_sub_serialization_listener.h:354]:DDSSubSerializationListener: embosa state is shutdown, topic: singorix/wbcs/sensor
[2026-09-29 16:19:56.667 thread:93476 info dds_sub_serialization_listener.h:354]:DDSSubSerializationListener: embosa state is shutdown, topic: singorix/wbcs/wbc_info
[2026-09-29 16:19:56.667 thread:93476 info dds_sub_serialization_listener.h:354]:DDSSubSerializationListener: embosa state is shutdown, topic: singorix/wbcs/error
[2026-09-29 16:19:56.673 thread:93476 info dds_sub_serialization_listener.h:354]:DDSSubSerializationListener: embosa state is shutdown, topic: singorix/wbcs/sensor
[2026-09-29 16:19:56.675 thread:93476 info dds_sub_serialization_listener.h:354]:DDSSubSerializationListener: embosa state is shutdown, topic: /odom/base_link
[2026-09-29 16:19:56.675 thread:93476 info dds_sub_serialization_listener.h:354]:DDSSubSerializationListener: embosa state is shutdown, topic: singorix/wbcs/error
[2026-09-29 16:19:56.678 thread:93492 info dds_sub_serialization_listener.h:354]:DDSSubSerializationListener: embosa state is shutdown, topic: /embosa_tf
[2026-09-29 16:19:56.680 thread:93476 info dds_sub_serialization_listener.h:354]:DDSSubSerializationListener: embosa state is shutdown, topic: singorix/wbcs/sensor
[2026-09-29 16:19:56.681 thread:93492 info dds_sub_serialization_listener.h:354]:DDSSubSerializationListener: embosa state is shutdown, topic: /embosa_tf
[2026-09-29 16:19:56.681 thread:93476 info dds_sub_serialization_listener.h:354]:DDSSubSerializationListener: embosa state is shutdown, topic: singorix/wbcs/wbc_info
[2026-09-29 16:19:56.681 thread:93476 info dds_sub_serialization_listener.h:354]:DDSSubSerializationListener: embosa state is shutdown, topic: singorix/wbcs/error
[2026-09-29 16:19:56.685 thread:93476 info dds_sub_serialization_listener.h:354]:DDSSubSerializationListener: embosa state is shutdown, topic: /odom/base_link
[2026-09-29 16:19:56.688 thread:93476 info dds_sub_serialization_listener.h:354]:DDSSubSerializationListener: embosa state is shutdown, topic: singorix/wbcs/sensor
[2026-09-29 16:19:56.689 thread:93476 info dds_sub_serialization_listener.h:354]:DDSSubSerializationListener: embosa state is shutdown, topic: singorix/wbcs/error
[2026-09-29 16:19:56.693 thread:93548 info dds_sub_serialization_listener.h:354]:DDSSubSerializationListener: embosa state is shutdown, topic: /galbot/mic
[2026-09-29 16:19:56.695 thread:93476 info dds_sub_serialization_listener.h:354]:DDSSubSerializationListener: embosa state is shutdown, topic: /odom/base_link
[2026-09-29 16:19:56.697 thread:93476 info dds_sub_serialization_listener.h:354]:DDSSubSerializationListener: embosa state is shutdown, topic: singorix/wbcs/sensor
[2026-09-29 16:19:56.697 thread:93476 info dds_sub_serialization_listener.h:354]:DDSSubSerializationListener: embosa state is shutdown, topic: singorix/wbcs/wbc_info
[2026-09-29 16:19:56.698 thread:93476 info dds_sub_serialization_listener.h:354]:DDSSubSerializationListener: embosa state is shutdown, topic: singorix/wbcs/error
[2026-09-29 16:19:56.700 thread:93492 info dds_sub_serialization_listener.h:354]:DDSSubSerializationListener: embosa state is shutdown, topic: /embosa_tf
[2026-09-29 16:19:56.704 thread:93476 info dds_sub_serialization_listener.h:354]:DDSSubSerializationListener: embosa state is shutdown, topic: /odom/base_link
[2026-09-29 16:19:56.704 thread:93476 info dds_sub_serialization_listener.h:354]:DDSSubSerializationListener: embosa state is shutdown, topic: singorix/wbcs/sensor
[2026-09-29 16:19:56.704 thread:93492 info dds_sub_serialization_listener.h:354]:DDSSubSerializationListener: embosa state is shutdown, topic: /embosa_tf
[2026-09-29 16:19:56.705 thread:93476 info dds_sub_serialization_listener.h:354]:DDSSubSerializationListener: embosa state is shutdown, topic: singorix/wbcs/error
[2026-09-29 16:19:56.712 thread:93476 info dds_sub_serialization_listener.h:354]:DDSSubSerializationListener: embosa state is shutdown, topic: singorix/wbcs/sensor
[2026-09-29 16:19:56.713 thread:93476 info dds_sub_serialization_listener.h:354]:DDSSubSerializationListener: embosa state is shutdown, topic: singorix/wbcs/wbc_info
[2026-09-29 16:19:56.713 thread:93476 info dds_sub_serialization_listener.h:354]:DDSSubSerializationListener: embosa state is shutdown, topic: singorix/wbcs/error
[2026-09-29 16:19:56.715 thread:93476 info dds_sub_serialization_listener.h:354]:DDSSubSerializationListener: embosa state is shutdown, topic: /odom/base_link
[2026-09-29 16:19:56.720 thread:93476 info dds_sub_serialization_listener.h:354]:DDSSubSerializationListener: embosa state is shutdown, topic: singorix/wbcs/sensor
[2026-09-29 16:19:56.720 thread:93476 info dds_sub_serialization_listener.h:354]:DDSSubSerializationListener: embosa state is shutdown, topic: singorix/wbcs/error
[2026-09-29 16:19:56.721 thread:93492 info dds_sub_serialization_listener.h:354]:DDSSubSerializationListener: embosa state is shutdown, topic: /embosa_tf
[2026-09-29 16:19:56.724 thread:93476 info dds_sub_serialization_listener.h:354]:DDSSubSerializationListener: embosa state is shutdown, topic: /odom/base_link
[2026-09-29 16:19:56.728 thread:93476 info dds_sub_serialization_listener.h:354]:DDSSubSerializationListener: embosa state is shutdown, topic: singorix/wbcs/sensor
[2026-09-29 16:19:56.729 thread:93492 info dds_sub_serialization_listener.h:354]:DDSSubSerializationListener: embosa state is shutdown, topic: /embosa_tf
[2026-09-29 16:19:56.729 thread:93476 info dds_sub_serialization_listener.h:354]:DDSSubSerializationListener: embosa state is shutdown, topic: singorix/wbcs/wbc_info
[2026-09-29 16:19:56.729 thread:93476 info dds_sub_serialization_listener.h:354]:DDSSubSerializationListener: embosa state is shutdown, topic: singorix/wbcs/error
[2026-09-29 16:19:56.736 thread:93476 info dds_sub_serialization_listener.h:354]:DDSSubSerializationListener: embosa state is shutdown, topic: /odom/base_link
[2026-09-29 16:19:56.737 thread:93476 info dds_sub_serialization_listener.h:354]:DDSSubSerializationListener: embosa state is shutdown, topic: singorix/wbcs/sensor
[2026-09-29 16:19:56.737 thread:93476 info dds_sub_serialization_listener.h:354]:DDSSubSerializationListener: embosa state is shutdown, topic: singorix/wbcs/error
[2026-09-29 16:19:56.744 thread:93476 info dds_sub_serialization_listener.h:354]:DDSSubSerializationListener: embosa state is shutdown, topic: singorix/wbcs/sensor
[2026-09-29 16:19:56.745 thread:93476 info dds_sub_serialization_listener.h:354]:DDSSubSerializationListener: embosa state is shutdown, topic: /odom/base_link
[2026-09-29 16:19:56.745 thread:93476 info dds_sub_serialization_listener.h:354]:DDSSubSerializationListener: embosa state is shutdown, topic: singorix/wbcs/wbc_info
[2026-09-29 16:19:56.745 thread:93476 info dds_sub_serialization_listener.h:354]:DDSSubSerializationListener: embosa state is shutdown, topic: singorix/wbcs/error
[2026-09-29 16:19:56.748 thread:93492 info dds_sub_serialization_listener.h:354]:DDSSubSerializationListener: embosa state is shutdown, topic: /embosa_tf
[2026-09-29 16:19:56.754 thread:93476 info dds_sub_serialization_listener.h:354]:DDSSubSerializationListener: embosa state is shutdown, topic: singorix/wbcs/sensor
[2026-09-29 16:19:56.754 thread:93476 info dds_sub_serialization_listener.h:354]:DDSSubSerializationListener: embosa state is shutdown, topic: singorix/wbcs/error
[2026-09-29 16:19:56.754 thread:93492 info dds_sub_serialization_listener.h:354]:DDSSubSerializationListener: embosa state is shutdown, topic: /embosa_tf
[2026-09-29 16:19:56.756 thread:93476 info dds_sub_serialization_listener.h:354]:DDSSubSerializationListener: embosa state is shutdown, topic: /odom/base_link
[2026-09-29 16:19:56.760 thread:93476 info dds_sub_serialization_listener.h:354]:DDSSubSerializationListener: embosa state is shutdown, topic: singorix/wbcs/sensor
[2026-09-29 16:19:56.761 thread:93476 info dds_sub_serialization_listener.h:354]:DDSSubSerializationListener: embosa state is shutdown, topic: singorix/wbcs/wbc_info
[2026-09-29 16:19:56.762 thread:93476 info dds_sub_serialization_listener.h:354]:DDSSubSerializationListener: embosa state is shutdown, topic: singorix/wbcs/error
[2026-09-29 16:19:56.764 thread:93476 info dds_sub_serialization_listener.h:354]:DDSSubSerializationListener: embosa state is shutdown, topic: /odom/base_link
[2026-09-29 16:19:56.770 thread:93476 info dds_sub_serialization_listener.h:354]:DDSSubSerializationListener: embosa state is shutdown, topic: singorix/wbcs/sensor
[2026-09-29 16:19:56.770 thread:93476 info dds_sub_serialization_listener.h:354]:DDSSubSerializationListener: embosa state is shutdown, topic: singorix/wbcs/error
[2026-09-29 16:19:56.774 thread:93476 info dds_sub_serialization_listener.h:354]:DDSSubSerializationListener: embosa state is shutdown, topic: /odom/base_link
[2026-09-29 16:19:56.776 thread:93548 info dds_sub_serialization_listener.h:354]:DDSSubSerializationListener: embosa state is shutdown, topic: /galbot/mic
[2026-09-29 16:19:56.776 thread:93492 info dds_sub_serialization_listener.h:354]:DDSSubSerializationListener: embosa state is shutdown, topic: /embosa_tf
[2026-09-29 16:19:56.777 thread:93476 info dds_sub_serialization_listener.h:354]:DDSSubSerializationListener: embosa state is shutdown, topic: singorix/wbcs/sensor
[2026-09-29 16:19:56.777 thread:93476 info dds_sub_serialization_listener.h:354]:DDSSubSerializationListener: embosa state is shutdown, topic: singorix/wbcs/wbc_info
[2026-09-29 16:19:56.778 thread:93492 info dds_sub_serialization_listener.h:354]:DDSSubSerializationListener: embosa state is shutdown, topic: /embosa_tf
[2026-09-29 16:19:56.778 thread:93476 info dds_sub_serialization_listener.h:354]:DDSSubSerializationListener: embosa state is shutdown, topic: singorix/wbcs/error
[2026-09-29 16:19:56.785 thread:93476 info dds_sub_serialization_listener.h:354]:DDSSubSerializationListener: embosa state is shutdown, topic: singorix/wbcs/sensor
[2026-09-29 16:19:56.785 thread:93476 info dds_sub_serialization_listener.h:354]:DDSSubSerializationListener: embosa state is shutdown, topic: /odom/base_link
[2026-09-29 16:19:56.785 thread:93476 info dds_sub_serialization_listener.h:354]:DDSSubSerializationListener: embosa state is shutdown, topic: singorix/wbcs/error
[2026-09-29 16:19:56.792 thread:93476 info dds_sub_serialization_listener.h:354]:DDSSubSerializationListener: embosa state is shutdown, topic: singorix/wbcs/sensor
[2026-09-29 16:19:56.793 thread:93476 info dds_sub_serialization_listener.h:354]:DDSSubSerializationListener: embosa state is shutdown, topic: singorix/wbcs/wbc_info
[2026-09-29 16:19:56.793 thread:93476 info dds_sub_serialization_listener.h:354]:DDSSubSerializationListener: embosa state is shutdown, topic: singorix/wbcs/error
[2026-09-29 16:19:56.794 thread:93476 info dds_sub_serialization_listener.h:354]:DDSSubSerializationListener: embosa state is shutdown, topic: /odom/base_link
[2026-09-29 16:19:56.800 thread:93492 info dds_sub_serialization_listener.h:354]:DDSSubSerializationListener: embosa state is shutdown, topic: /embosa_tf
[2026-09-29 16:19:56.800 thread:93476 info dds_sub_serialization_listener.h:354]:DDSSubSerializationListener: embosa state is shutdown, topic: singorix/wbcs/sensor
[2026-09-29 16:19:56.800 thread:93476 info dds_sub_serialization_listener.h:354]:DDSSubSerializationListener: embosa state is shutdown, topic: singorix/wbcs/error
[2026-09-29 16:19:56.803 thread:93492 info dds_sub_serialization_listener.h:354]:DDSSubSerializationListener: embosa state is shutdown, topic: /embosa_tf
[2026-09-29 16:19:56.805 thread:93476 info dds_sub_serialization_listener.h:354]:DDSSubSerializationListener: embosa state is shutdown, topic: /odom/base_link
[2026-09-29 16:19:56.809 thread:93476 info dds_sub_serialization_listener.h:354]:DDSSubSerializationListener: embosa state is shutdown, topic: singorix/wbcs/sensor
[2026-09-29 16:19:56.810 thread:93476 info dds_sub_serialization_listener.h:354]:DDSSubSerializationListener: embosa state is shutdown, topic: singorix/wbcs/wbc_info
[2026-09-29 16:19:56.810 thread:93476 info dds_sub_serialization_listener.h:354]:DDSSubSerializationListener: embosa state is shutdown, topic: singorix/wbcs/error
[2026-09-29 16:19:56.813 thread:93492 info dds_sub_serialization_listener.h:354]:DDSSubSerializationListener: embosa state is shutdown, topic: /embosa_tf
[2026-09-29 16:19:56.814 thread:93476 info dds_sub_serialization_listener.h:354]:DDSSubSerializationListener: embosa state is shutdown, topic: /odom/base_link
[2026-09-29 16:19:56.819 thread:93476 info dds_sub_serialization_listener.h:354]:DDSSubSerializationListener: embosa state is shutdown, topic: singorix/wbcs/sensor
[2026-09-29 16:19:56.820 thread:93476 info dds_sub_serialization_listener.h:354]:DDSSubSerializationListener: embosa state is shutdown, topic: singorix/wbcs/error
[2026-09-29 16:19:56.824 thread:93476 info dds_sub_serialization_listener.h:354]:DDSSubSerializationListener: embosa state is shutdown, topic: singorix/wbcs/sensor
[2026-09-29 16:19:56.824 thread:93476 info dds_sub_serialization_listener.h:354]:DDSSubSerializationListener: embosa state is shutdown, topic: /odom/base_link
[2026-09-29 16:19:56.825 thread:93476 info dds_sub_serialization_listener.h:354]:DDSSubSerializationListener: embosa state is shutdown, topic: singorix/wbcs/wbc_info
[2026-09-29 16:19:56.825 thread:93492 info dds_sub_serialization_listener.h:354]:DDSSubSerializationListener: embosa state is shutdown, topic: /embosa_tf
[2026-09-29 16:19:56.826 thread:93476 info dds_sub_serialization_listener.h:354]:DDSSubSerializationListener: embosa state is shutdown, topic: singorix/wbcs/error
[2026-09-29 16:19:56.832 thread:93492 info dds_sub_serialization_listener.h:354]:DDSSubSerializationListener: embosa state is shutdown, topic: /embosa_tf
[2026-09-29 16:19:56.833 thread:93476 info dds_sub_serialization_listener.h:354]:DDSSubSerializationListener: embosa state is shutdown, topic: singorix/wbcs/sensor
[2026-09-29 16:19:56.834 thread:93476 info dds_sub_serialization_listener.h:354]:DDSSubSerializationListener: embosa state is shutdown, topic: singorix/wbcs/error
[2026-09-29 16:19:56.835 thread:93476 info dds_sub_serialization_listener.h:354]:DDSSubSerializationListener: embosa state is shutdown, topic: /odom/base_link
[2026-09-29 16:19:56.840 thread:93548 info dds_sub_serialization_listener.h:354]:DDSSubSerializationListener: embosa state is shutdown, topic: /galbot/mic
[2026-09-29 16:19:56.841 thread:93476 info dds_sub_serialization_listener.h:354]:DDSSubSerializationListener: embosa state is shutdown, topic: singorix/wbcs/sensor
[2026-09-29 16:19:56.841 thread:93476 info dds_sub_serialization_listener.h:354]:DDSSubSerializationListener: embosa state is shutdown, topic: singorix/wbcs/wbc_info
[2026-09-29 16:19:56.843 thread:93476 info dds_sub_serialization_listener.h:354]:DDSSubSerializationListener: embosa state is shutdown, topic: singorix/wbcs/error
[2026-09-29 16:19:56.844 thread:93476 info dds_sub_serialization_listener.h:354]:DDSSubSerializationListener: embosa state is shutdown, topic: /odom/base_link
[2026-09-29 16:19:56.849 thread:93476 info dds_sub_serialization_listener.h:354]:DDSSubSerializationListener: embosa state is shutdown, topic: singorix/wbcs/sensor
[2026-09-29 16:19:56.849 thread:93492 info dds_sub_serialization_listener.h:354]:DDSSubSerializationListener: embosa state is shutdown, topic: /embosa_tf
[2026-09-29 16:19:56.849 thread:93476 info dds_sub_serialization_listener.h:354]:DDSSubSerializationListener: embosa state is shutdown, topic: singorix/wbcs/error
[2026-09-29 16:19:56.852 thread:93492 info dds_sub_serialization_listener.h:354]:DDSSubSerializationListener: embosa state is shutdown, topic: /embosa_tf
[2026-09-29 16:19:56.856 thread:93476 info dds_sub_serialization_listener.h:354]:DDSSubSerializationListener: embosa state is shutdown, topic: /odom/base_link
[2026-09-29 16:19:56.858 thread:93476 info dds_sub_serialization_listener.h:354]:DDSSubSerializationListener: embosa state is shutdown, topic: singorix/wbcs/sensor
[2026-09-29 16:19:56.858 thread:93476 info dds_sub_serialization_listener.h:354]:DDSSubSerializationListener: embosa state is shutdown, topic: singorix/wbcs/wbc_info
[2026-09-29 16:19:56.859 thread:93476 info dds_sub_serialization_listener.h:354]:DDSSubSerializationListener: embosa state is shutdown, topic: singorix/wbcs/error
[2026-09-29 16:19:56.865 thread:93476 info dds_sub_serialization_listener.h:354]:DDSSubSerializationListener: embosa state is shutdown, topic: singorix/wbcs/sensor
[2026-09-29 16:19:56.865 thread:93476 info dds_sub_serialization_listener.h:354]:DDSSubSerializationListener: embosa state is shutdown, topic: /odom/base_link
[2026-09-29 16:19:56.865 thread:93476 info dds_sub_serialization_listener.h:354]:DDSSubSerializationListener: embosa state is shutdown, topic: singorix/wbcs/error
[2026-09-29 16:19:56.872 thread:93492 info dds_sub_serialization_listener.h:354]:DDSSubSerializationListener: embosa state is shutdown, topic: /embosa_tf
[2026-09-29 16:19:56.872 thread:93476 info dds_sub_serialization_listener.h:354]:DDSSubSerializationListener: embosa state is shutdown, topic: singorix/wbcs/sensor
[2026-09-29 16:19:56.873 thread:93476 info dds_sub_serialization_listener.h:354]:DDSSubSerializationListener: embosa state is shutdown, topic: singorix/wbcs/wbc_info
[2026-09-29 16:19:56.873 thread:93492 info dds_sub_serialization_listener.h:354]:DDSSubSerializationListener: embosa state is shutdown, topic: /embosa_tf
[2026-09-29 16:19:56.875 thread:93476 info dds_sub_serialization_listener.h:354]:DDSSubSerializationListener: embosa state is shutdown, topic: /odom/base_link
[2026-09-29 16:19:56.877 thread:93476 info dds_sub_serialization_listener.h:354]:DDSSubSerializationListener: embosa state is shutdown, topic: singorix/wbcs/error
[2026-09-29 16:19:56.880 thread:93476 info dds_sub_serialization_listener.h:354]:DDSSubSerializationListener: embosa state is shutdown, topic: singorix/wbcs/sensor
[2026-09-29 16:19:56.881 thread:93476 info dds_sub_serialization_listener.h:354]:DDSSubSerializationListener: embosa state is shutdown, topic: singorix/wbcs/error
[2026-09-29 16:19:56.884 thread:93476 info dds_sub_serialization_listener.h:354]:DDSSubSerializationListener: embosa state is shutdown, topic: /odom/base_link
[2026-09-29 16:19:56.889 thread:93476 info dds_sub_serialization_listener.h:354]:DDSSubSerializationListener: embosa state is shutdown, topic: singorix/wbcs/sensor
[2026-09-29 16:19:56.889 thread:93476 info dds_sub_serialization_listener.h:354]:DDSSubSerializationListener: embosa state is shutdown, topic: singorix/wbcs/wbc_info
[2026-09-29 16:19:56.890 thread:93476 info dds_sub_serialization_listener.h:354]:DDSSubSerializationListener: embosa state is shutdown, topic: singorix/wbcs/error
[2026-09-29 16:19:56.893 thread:93492 info dds_sub_serialization_listener.h:354]:DDSSubSerializationListener: embosa state is shutdown, topic: /embosa_tf
[2026-09-29 16:19:56.896 thread:93476 info dds_sub_serialization_listener.h:354]:DDSSubSerializationListener: embosa state is shutdown, topic: /odom/base_link
[2026-09-29 16:19:56.898 thread:93476 info dds_sub_serialization_listener.h:354]:DDSSubSerializationListener: embosa state is shutdown, topic: singorix/wbcs/sensor
[2026-09-29 16:19:56.899 thread:93492 info dds_sub_serialization_listener.h:354]:DDSSubSerializationListener: embosa state is shutdown, topic: /embosa_tf
[2026-09-29 16:19:56.899 thread:93476 info dds_sub_serialization_listener.h:354]:DDSSubSerializationListener: embosa state is shutdown, topic: singorix/wbcs/error
[2026-09-29 16:19:56.904 thread:93476 info dds_sub_serialization_listener.h:354]:DDSSubSerializationListener: embosa state is shutdown, topic: /odom/base_link
[2026-09-29 16:19:56.905 thread:93476 info dds_sub_serialization_listener.h:354]:DDSSubSerializationListener: embosa state is shutdown, topic: singorix/wbcs/sensor
[2026-09-29 16:19:56.905 thread:93476 info dds_sub_serialization_listener.h:354]:DDSSubSerializationListener: embosa state is shutdown, topic: singorix/wbcs/wbc_info
[2026-09-29 16:19:56.906 thread:93476 info dds_sub_serialization_listener.h:354]:DDSSubSerializationListener: embosa state is shutdown, topic: singorix/wbcs/error
[2026-09-29 16:19:56.912 thread:93492 info dds_sub_serialization_listener.h:354]:DDSSubSerializationListener: embosa state is shutdown, topic: /embosa_tf
[2026-09-29 16:19:56.914 thread:93476 info dds_sub_serialization_listener.h:354]:DDSSubSerializationListener: embosa state is shutdown, topic: singorix/wbcs/sensor
[2026-09-29 16:19:56.914 thread:93476 info dds_sub_serialization_listener.h:354]:DDSSubSerializationListener: embosa state is shutdown, topic: /odom/base_link
[2026-09-29 16:19:56.916 thread:93476 info dds_sub_serialization_listener.h:354]:DDSSubSerializationListener: embosa state is shutdown, topic: singorix/wbcs/error
[2026-09-29 16:19:56.922 thread:93476 info dds_sub_serialization_listener.h:354]:DDSSubSerializationListener: embosa state is shutdown, topic: singorix/wbcs/sensor
[2026-09-29 16:19:56.922 thread:93476 info dds_sub_serialization_listener.h:354]:DDSSubSerializationListener: embosa state is shutdown, topic: singorix/wbcs/wbc_info
[2026-09-29 16:19:56.922 thread:93476 info dds_sub_serialization_listener.h:354]:DDSSubSerializationListener: embosa state is shutdown, topic: singorix/wbcs/error
[2026-09-29 16:19:56.925 thread:93492 info dds_sub_serialization_listener.h:354]:DDSSubSerializationListener: embosa state is shutdown, topic: /embosa_tf
[2026-09-29 16:19:56.926 thread:93476 info dds_sub_serialization_listener.h:354]:DDSSubSerializationListener: embosa state is shutdown, topic: /odom/base_link
[2026-09-29 16:19:56.930 thread:93548 info dds_sub_serialization_listener.h:354]:DDSSubSerializationListener: embosa state is shutdown, topic: /galbot/mic
[2026-09-29 16:19:56.933 thread:93492 info dds_sub_serialization_listener.h:354]:DDSSubSerializationListener: embosa state is shutdown, topic: /embosa_tf
[2026-09-29 16:19:56.935 thread:93476 info dds_sub_serialization_listener.h:354]:DDSSubSerializationListener: embosa state is shutdown, topic: singorix/wbcs/sensor
[2026-09-29 16:19:56.935 thread:93476 info dds_sub_serialization_listener.h:354]:DDSSubSerializationListener: embosa state is shutdown, topic: /odom/base_link
[2026-09-29 16:19:56.936 thread:93476 info dds_sub_serialization_listener.h:354]:DDSSubSerializationListener: embosa state is shutdown, topic: singorix/wbcs/error
[2026-09-29 16:19:56.939 thread:93476 info dds_sub_serialization_listener.h:354]:DDSSubSerializationListener: embosa state is shutdown, topic: singorix/wbcs/sensor
[2026-09-29 16:19:56.941 thread:93476 info dds_sub_serialization_listener.h:354]:DDSSubSerializationListener: embosa state is shutdown, topic: singorix/wbcs/wbc_info
[2026-09-29 16:19:56.943 thread:93476 info dds_sub_serialization_listener.h:354]:DDSSubSerializationListener: embosa state is shutdown, topic: singorix/wbcs/error
[2026-09-29 16:19:56.945 thread:93476 info dds_sub_serialization_listener.h:354]:DDSSubSerializationListener: embosa state is shutdown, topic: singorix/wbcs/sensor
[2026-09-29 16:19:56.945 thread:93476 info dds_sub_serialization_listener.h:354]:DDSSubSerializationListener: embosa state is shutdown, topic: /odom/base_link
[2026-09-29 16:19:56.946 thread:93492 info dds_sub_serialization_listener.h:354]:DDSSubSerializationListener: embosa state is shutdown, topic: /embosa_tf
[2026-09-29 16:19:56.946 thread:93476 info dds_sub_serialization_listener.h:354]:DDSSubSerializationListener: embosa state is shutdown, topic: singorix/wbcs/error
[2026-09-29 16:19:56.953 thread:93492 info dds_sub_serialization_listener.h:354]:DDSSubSerializationListener: embosa state is shutdown, topic: /embosa_tf
[2026-09-29 16:19:56.955 thread:93476 info dds_sub_serialization_listener.h:354]:DDSSubSerializationListener: embosa state is shutdown, topic: singorix/wbcs/sensor
[2026-09-29 16:19:56.955 thread:93476 info dds_sub_serialization_listener.h:354]:DDSSubSerializationListener: embosa state is shutdown, topic: /odom/base_link
[2026-09-29 16:19:56.958 thread:93476 info dds_sub_serialization_listener.h:354]:DDSSubSerializationListener: embosa state is shutdown, topic: singorix/wbcs/wbc_info
[2026-09-29 16:19:56.958 thread:93476 info dds_sub_serialization_listener.h:354]:DDSSubSerializationListener: embosa state is shutdown, topic: singorix/wbcs/error
[2026-09-29 16:19:56.961 thread:93476 info dds_sub_serialization_listener.h:354]:DDSSubSerializationListener: embosa state is shutdown, topic: singorix/wbcs/sensor
[2026-09-29 16:19:56.963 thread:93476 info dds_sub_serialization_listener.h:354]:DDSSubSerializationListener: embosa state is shutdown, topic: singorix/wbcs/error
[2026-09-29 16:19:56.966 thread:93476 info dds_sub_serialization_listener.h:354]:DDSSubSerializationListener: embosa state is shutdown, topic: /odom/base_link
[2026-09-29 16:19:56.969 thread:93476 info dds_sub_serialization_listener.h:354]:DDSSubSerializationListener: embosa state is shutdown, topic: singorix/wbcs/sensor
[2026-09-29 16:19:56.970 thread:93476 info dds_sub_serialization_listener.h:354]:DDSSubSerializationListener: embosa state is shutdown, topic: singorix/wbcs/wbc_info
[2026-09-29 16:19:56.970 thread:93492 info dds_sub_serialization_listener.h:354]:DDSSubSerializationListener: embosa state is shutdown, topic: /embosa_tf
[2026-09-29 16:19:56.971 thread:93476 info dds_sub_serialization_listener.h:354]:DDSSubSerializationListener: embosa state is shutdown, topic: singorix/wbcs/error
[2026-09-29 16:19:56.973 thread:93492 info dds_sub_serialization_listener.h:354]:DDSSubSerializationListener: embosa state is shutdown, topic: /embosa_tf
[2026-09-29 16:19:56.975 thread:93476 info dds_sub_serialization_listener.h:354]:DDSSubSerializationListener: embosa state is shutdown, topic: /odom/base_link
[2026-09-29 16:19:56.978 thread:93476 info dds_sub_serialization_listener.h:354]:DDSSubSerializationListener: embosa state is shutdown, topic: singorix/wbcs/sensor
[2026-09-29 16:19:56.979 thread:93476 info dds_sub_serialization_listener.h:354]:DDSSubSerializationListener: embosa state is shutdown, topic: singorix/wbcs/error
[2026-09-29 16:19:56.985 thread:93476 info dds_sub_serialization_listener.h:354]:DDSSubSerializationListener: embosa state is shutdown, topic: /odom/base_link
[2026-09-29 16:19:56.988 thread:93476 info dds_sub_serialization_listener.h:354]:DDSSubSerializationListener: embosa state is shutdown, topic: singorix/wbcs/sensor
[2026-09-29 16:19:56.989 thread:93476 info dds_sub_listener.cc:248]:DDSSubListener: embosa state is shutdown, topic: bms
[2026-09-29 16:19:56.992 thread:93476 info dds_sub_serialization_listener.h:354]:DDSSubSerializationListener: embosa state is shutdown, topic: singorix/wbcs/wbc_info
[2026-09-29 16:19:56.993 thread:93476 info dds_sub_serialization_listener.h:354]:DDSSubSerializationListener: embosa state is shutdown, topic: singorix/wbcs/error
[2026-09-29 16:19:56.993 thread:93492 info dds_sub_serialization_listener.h:354]:DDSSubSerializationListener: embosa state is shutdown, topic: /embosa_tf
[2026-09-29 16:19:56.993 thread:93476 info dds_sub_serialization_listener.h:354]:DDSSubSerializationListener: embosa state is shutdown, topic: singorix/wbcs/sensor
[2026-09-29 16:19:56.993 thread:93476 info dds_sub_serialization_listener.h:354]:DDSSubSerializationListener: embosa state is shutdown, topic: singorix/wbcs/error
[2026-09-29 16:19:56.994 thread:93492 info dds_sub_serialization_listener.h:354]:DDSSubSerializationListener: embosa state is shutdown, topic: /embosa_tf
[2026-09-29 16:19:56.996 thread:93476 info dds_sub_serialization_listener.h:354]:DDSSubSerializationListener: embosa state is shutdown, topic: /odom/base_link
[2026-09-29 16:19:57.001 thread:93476 info dds_sub_serialization_listener.h:354]:DDSSubSerializationListener: embosa state is shutdown, topic: singorix/wbcs/sensor
[2026-09-29 16:19:57.002 thread:93476 info dds_sub_serialization_listener.h:354]:DDSSubSerializationListener: embosa state is shutdown, topic: singorix/wbcs/wbc_info
[2026-09-29 16:19:57.004 thread:93476 info dds_sub_serialization_listener.h:354]:DDSSubSerializationListener: embosa state is shutdown, topic: singorix/wbcs/error
[2026-09-29 16:19:57.004 thread:93476 info dds_sub_serialization_listener.h:354]:DDSSubSerializationListener: embosa state is shutdown, topic: /odom/base_link
[2026-09-29 16:19:57.010 thread:93476 info dds_sub_serialization_listener.h:354]:DDSSubSerializationListener: embosa state is shutdown, topic: singorix/wbcs/sensor
[2026-09-29 16:19:57.010 thread:93476 info dds_sub_serialization_listener.h:354]:DDSSubSerializationListener: embosa state is shutdown, topic: singorix/wbcs/error
[2026-09-29 16:19:57.013 thread:93492 info dds_sub_serialization_listener.h:354]:DDSSubSerializationListener: embosa state is shutdown, topic: /embosa_tf
[2026-09-29 16:19:57.016 thread:93476 info dds_sub_serialization_listener.h:354]:DDSSubSerializationListener: embosa state is shutdown, topic: /odom/base_link
[2026-09-29 16:19:57.018 thread:93476 info dds_sub_serialization_listener.h:354]:DDSSubSerializationListener: embosa state is shutdown, topic: singorix/wbcs/sensor
[2026-09-29 16:19:57.018 thread:93476 info dds_sub_serialization_listener.h:354]:DDSSubSerializationListener: embosa state is shutdown, topic: singorix/wbcs/wbc_info
[2026-09-29 16:19:57.019 thread:93476 info dds_sub_serialization_listener.h:354]:DDSSubSerializationListener: embosa state is shutdown, topic: singorix/wbcs/error
[2026-09-29 16:19:57.019 thread:93492 info dds_sub_serialization_listener.h:354]:DDSSubSerializationListener: embosa state is shutdown, topic: /embosa_tf
[2026-09-29 16:19:57.024 thread:93548 info dds_sub_serialization_listener.h:354]:DDSSubSerializationListener: embosa state is shutdown, topic: /galbot/mic
[2026-09-29 16:19:57.024 thread:93476 info dds_sub_serialization_listener.h:354]:DDSSubSerializationListener: embosa state is shutdown, topic: singorix/wbcs/sensor
[2026-09-29 16:19:57.025 thread:93476 info dds_sub_serialization_listener.h:354]:DDSSubSerializationListener: embosa state is shutdown, topic: /odom/base_link
[2026-09-29 16:19:57.026 thread:93476 info dds_sub_serialization_listener.h:354]:DDSSubSerializationListener: embosa state is shutdown, topic: singorix/wbcs/error
[2026-09-29 16:19:57.033 thread:93492 info dds_sub_serialization_listener.h:354]:DDSSubSerializationListener: embosa state is shutdown, topic: /embosa_tf
[2026-09-29 16:19:57.035 thread:93476 info dds_sub_serialization_listener.h:354]:DDSSubSerializationListener: embosa state is shutdown, topic: singorix/wbcs/sensor
[2026-09-29 16:19:57.035 thread:93476 info dds_sub_serialization_listener.h:354]:DDSSubSerializationListener: embosa state is shutdown, topic: /odom/base_link
[2026-09-29 16:19:57.036 thread:93476 info dds_sub_serialization_listener.h:354]:DDSSubSerializationListener: embosa state is shutdown, topic: singorix/wbcs/wbc_info
[2026-09-29 16:19:57.037 thread:93476 info dds_sub_serialization_listener.h:354]:DDSSubSerializationListener: embosa state is shutdown, topic: singorix/wbcs/error
[2026-09-29 16:19:57.040 thread:93476 info dds_sub_serialization_listener.h:354]:DDSSubSerializationListener: embosa state is shutdown, topic: singorix/wbcs/sensor
[2026-09-29 16:19:57.040 thread:93476 info dds_sub_serialization_listener.h:354]:DDSSubSerializationListener: embosa state is shutdown, topic: singorix/wbcs/error
[2026-09-29 16:19:57.041 thread:93492 info dds_sub_serialization_listener.h:354]:DDSSubSerializationListener: embosa state is shutdown, topic: /embosa_tf
[2026-09-29 16:19:57.045 thread:93476 info dds_sub_serialization_listener.h:354]:DDSSubSerializationListener: embosa state is shutdown, topic: /odom/base_link
[2026-09-29 16:19:57.049 thread:93476 info dds_sub_serialization_listener.h:354]:DDSSubSerializationListener: embosa state is shutdown, topic: singorix/wbcs/sensor
[2026-09-29 16:19:57.049 thread:93476 info dds_sub_serialization_listener.h:354]:DDSSubSerializationListener: embosa state is shutdown, topic: singorix/wbcs/wbc_info
[2026-09-29 16:19:57.049 thread:93476 info dds_sub_serialization_listener.h:354]:DDSSubSerializationListener: embosa state is shutdown, topic: singorix/wbcs/error
[2026-09-29 16:19:57.053 thread:93492 info dds_sub_serialization_listener.h:354]:DDSSubSerializationListener: embosa state is shutdown, topic: /embosa_tf
[2026-09-29 16:19:57.055 thread:93476 info dds_sub_serialization_listener.h:354]:DDSSubSerializationListener: embosa state is shutdown, topic: /odom/base_link
[2026-09-29 16:19:57.056 thread:93476 info dds_sub_serialization_listener.h:354]:DDSSubSerializationListener: embosa state is shutdown, topic: singorix/wbcs/sensor
[2026-09-29 16:19:57.057 thread:93476 info dds_sub_serialization_listener.h:354]:DDSSubSerializationListener: embosa state is shutdown, topic: singorix/wbcs/error
[2026-09-29 16:19:57.065 thread:93492 info dds_sub_serialization_listener.h:354]:DDSSubSerializationListener: embosa state is shutdown, topic: /embosa_tf
[2026-09-29 16:19:57.065 thread:93476 info dds_sub_serialization_listener.h:354]:DDSSubSerializationListener: embosa state is shutdown, topic: /odom/base_link
[2026-09-29 16:19:57.065 thread:93476 info dds_sub_serialization_listener.h:354]:DDSSubSerializationListener: embosa state is shutdown, topic: singorix/wbcs/sensor
[2026-09-29 16:19:57.067 thread:93476 info dds_sub_serialization_listener.h:354]:DDSSubSerializationListener: embosa state is shutdown, topic: singorix/wbcs/wbc_info
[2026-09-29 16:19:57.067 thread:93476 info dds_sub_serialization_listener.h:354]:DDSSubSerializationListener: embosa state is shutdown, topic: singorix/wbcs/error
[2026-09-29 16:19:57.074 thread:93492 info dds_sub_serialization_listener.h:354]:DDSSubSerializationListener: embosa state is shutdown, topic: /embosa_tf
[2026-09-29 16:19:57.075 thread:93476 info dds_sub_serialization_listener.h:354]:DDSSubSerializationListener: embosa state is shutdown, topic: /odom/base_link
[2026-09-29 16:19:57.075 thread:93476 info dds_sub_serialization_listener.h:354]:DDSSubSerializationListener: embosa state is shutdown, topic: singorix/wbcs/sensor
[2026-09-29 16:19:57.076 thread:93476 info dds_sub_serialization_listener.h:354]:DDSSubSerializationListener: embosa state is shutdown, topic: singorix/wbcs/error
[2026-09-29 16:19:57.080 thread:93476 info dds_sub_serialization_listener.h:354]:DDSSubSerializationListener: embosa state is shutdown, topic: singorix/wbcs/sensor
[2026-09-29 16:19:57.080 thread:93476 info dds_sub_serialization_listener.h:354]:DDSSubSerializationListener: embosa state is shutdown, topic: singorix/wbcs/wbc_info
[2026-09-29 16:19:57.081 thread:93476 info dds_sub_serialization_listener.h:354]:DDSSubSerializationListener: embosa state is shutdown, topic: singorix/wbcs/error
[2026-09-29 16:19:57.085 thread:93476 info dds_sub_serialization_listener.h:354]:DDSSubSerializationListener: embosa state is shutdown, topic: /odom/base_link
[2026-09-29 16:19:57.088 thread:93476 info dds_sub_serialization_listener.h:354]:DDSSubSerializationListener: embosa state is shutdown, topic: singorix/wbcs/sensor
[2026-09-29 16:19:57.088 thread:93476 info dds_sub_serialization_listener.h:354]:DDSSubSerializationListener: embosa state is shutdown, topic: singorix/wbcs/error
[2026-09-29 16:19:57.089 thread:93492 info dds_sub_serialization_listener.h:354]:DDSSubSerializationListener: embosa state is shutdown, topic: /embosa_tf
[2026-09-29 16:19:57.095 thread:93476 info dds_sub_serialization_listener.h:354]:DDSSubSerializationListener: embosa state is shutdown, topic: /odom/base_link
[2026-09-29 16:19:57.096 thread:93476 info dds_sub_serialization_listener.h:354]:DDSSubSerializationListener: embosa state is shutdown, topic: singorix/wbcs/sensor
[2026-09-29 16:19:57.097 thread:93476 info dds_sub_serialization_listener.h:354]:DDSSubSerializationListener: embosa state is shutdown, topic: singorix/wbcs/wbc_info
[2026-09-29 16:19:57.097 thread:93492 info dds_sub_serialization_listener.h:354]:DDSSubSerializationListener: embosa state is shutdown, topic: /embosa_tf
[2026-09-29 16:19:57.100 thread:93548 info dds_sub_serialization_listener.h:354]:DDSSubSerializationListener: embosa state is shutdown, topic: /galbot/mic
[2026-09-29 16:19:57.101 thread:93476 info dds_sub_serialization_listener.h:354]:DDSSubSerializationListener: embosa state is shutdown, topic: singorix/wbcs/error
[2026-09-29 16:19:57.104 thread:93476 info dds_sub_serialization_listener.h:354]:DDSSubSerializationListener: embosa state is shutdown, topic: singorix/wbcs/sensor
[2026-09-29 16:19:57.105 thread:93476 info dds_sub_serialization_listener.h:354]:DDSSubSerializationListener: embosa state is shutdown, topic: /odom/base_link
[2026-09-29 16:19:57.105 thread:93476 info dds_sub_serialization_listener.h:354]:DDSSubSerializationListener: embosa state is shutdown, topic: singorix/wbcs/error
[2026-09-29 16:19:57.112 thread:93476 info dds_sub_serialization_listener.h:354]:DDSSubSerializationListener: embosa state is shutdown, topic: singorix/wbcs/sensor
[2026-09-29 16:19:57.113 thread:93492 info dds_sub_serialization_listener.h:354]:DDSSubSerializationListener: embosa state is shutdown, topic: /embosa_tf
[2026-09-29 16:19:57.113 thread:93476 info dds_sub_serialization_listener.h:354]:DDSSubSerializationListener: embosa state is shutdown, topic: singorix/wbcs/wbc_info
[2026-09-29 16:19:57.113 thread:93476 info dds_sub_serialization_listener.h:354]:DDSSubSerializationListener: embosa state is shutdown, topic: singorix/wbcs/error
[2026-09-29 16:19:57.117 thread:93492 info dds_sub_serialization_listener.h:354]:DDSSubSerializationListener: embosa state is shutdown, topic: /embosa_tf
[2026-09-29 16:19:57.117 thread:93476 info dds_sub_serialization_listener.h:354]:DDSSubSerializationListener: embosa state is shutdown, topic: /odom/base_link
[2026-09-29 16:19:57.120 thread:93476 info dds_sub_serialization_listener.h:354]:DDSSubSerializationListener: embosa state is shutdown, topic: singorix/wbcs/sensor
[2026-09-29 16:19:57.121 thread:93476 info dds_sub_serialization_listener.h:354]:DDSSubSerializationListener: embosa state is shutdown, topic: singorix/wbcs/error
[2026-09-29 16:19:57.125 thread:93476 info dds_sub_serialization_listener.h:354]:DDSSubSerializationListener: embosa state is shutdown, topic: /odom/base_link
[2026-09-29 16:19:57.128 thread:93476 info dds_sub_serialization_listener.h:354]:DDSSubSerializationListener: embosa state is shutdown, topic: singorix/wbcs/sensor
[2026-09-29 16:19:57.129 thread:93476 info dds_sub_serialization_listener.h:354]:DDSSubSerializationListener: embosa state is shutdown, topic: singorix/wbcs/wbc_info
[2026-09-29 16:19:57.129 thread:93476 info dds_sub_serialization_listener.h:354]:DDSSubSerializationListener: embosa state is shutdown, topic: singorix/wbcs/error
[2026-09-29 16:19:57.133 thread:93492 info dds_sub_serialization_listener.h:354]:DDSSubSerializationListener: embosa state is shutdown, topic: /embosa_tf
[2026-09-29 16:19:57.135 thread:93476 info dds_sub_serialization_listener.h:354]:DDSSubSerializationListener: embosa state is shutdown, topic: /odom/base_link
[2026-09-29 16:19:57.137 thread:93476 info dds_sub_serialization_listener.h:354]:DDSSubSerializationListener: embosa state is shutdown, topic: singorix/wbcs/sensor
[2026-09-29 16:19:57.137 thread:93492 info dds_sub_serialization_listener.h:354]:DDSSubSerializationListener: embosa state is shutdown, topic: /embosa_tf
[2026-09-29 16:19:57.137 thread:93492 info dds_sub_serialization_listener.h:354]:DDSSubSerializationListener: embosa state is shutdown, topic: /embosa_tf
[2026-09-29 16:19:57.138 thread:93476 info dds_sub_serialization_listener.h:354]:DDSSubSerializationListener: embosa state is shutdown, topic: singorix/wbcs/error
[2026-09-29 16:19:57.144 thread:93476 info dds_sub_serialization_listener.h:354]:DDSSubSerializationListener: embosa state is shutdown, topic: singorix/wbcs/sensor
[2026-09-29 16:19:57.144 thread:93476 info dds_sub_serialization_listener.h:354]:DDSSubSerializationListener: embosa state is shutdown, topic: /odom/base_link
[2026-09-29 16:19:57.145 thread:93476 info dds_sub_serialization_listener.h:354]:DDSSubSerializationListener: embosa state is shutdown, topic: singorix/wbcs/wbc_info
[2026-09-29 16:19:57.145 thread:93476 info dds_sub_serialization_listener.h:354]:DDSSubSerializationListener: embosa state is shutdown, topic: singorix/wbcs/error
[2026-09-29 16:19:57.153 thread:93476 info dds_sub_serialization_listener.h:354]:DDSSubSerializationListener: embosa state is shutdown, topic: singorix/wbcs/sensor
[2026-09-29 16:19:57.154 thread:93476 info dds_sub_serialization_listener.h:354]:DDSSubSerializationListener: embosa state is shutdown, topic: singorix/wbcs/error
[2026-09-29 16:19:57.154 thread:93476 info dds_sub_serialization_listener.h:354]:DDSSubSerializationListener: embosa state is shutdown, topic: /odom/base_link
[2026-09-29 16:19:57.155 thread:93476 info dds_sub_serialization_listener.h:354]:DDSSubSerializationListener: embosa state is shutdown, topic: /galbot/mission_manager/onboard_config
[2026-09-29 16:19:57.157 thread:93492 info dds_sub_serialization_listener.h:354]:DDSSubSerializationListener: embosa state is shutdown, topic: /embosa_tf
[2026-09-29 16:19:57.160 thread:93476 info dds_sub_serialization_listener.h:354]:DDSSubSerializationListener: embosa state is shutdown, topic: singorix/wbcs/sensor
[2026-09-29 16:19:57.161 thread:93476 info dds_sub_serialization_listener.h:354]:DDSSubSerializationListener: embosa state is shutdown, topic: singorix/wbcs/wbc_info
[2026-09-29 16:19:57.161 thread:93476 info dds_sub_serialization_listener.h:354]:DDSSubSerializationListener: embosa state is shutdown, topic: singorix/wbcs/error
[2026-09-29 16:19:57.161 thread:93492 info dds_sub_serialization_listener.h:354]:DDSSubSerializationListener: embosa state is shutdown, topic: /embosa_tf
[2026-09-29 16:19:57.163 thread:93548 info dds_sub_serialization_listener.h:354]:DDSSubSerializationListener: embosa state is shutdown, topic: /galbot/mic
[2026-09-29 16:19:57.164 thread:93476 info dds_sub_serialization_listener.h:354]:DDSSubSerializationListener: embosa state is shutdown, topic: /odom/base_link
[2026-09-29 16:19:57.174 thread:93476 info dds_sub_serialization_listener.h:354]:DDSSubSerializationListener: embosa state is shutdown, topic: singorix/wbcs/sensor
[2026-09-29 16:19:57.175 thread:93476 info dds_sub_serialization_listener.h:354]:DDSSubSerializationListener: embosa state is shutdown, topic: singorix/wbcs/error
[2026-09-29 16:19:57.175 thread:93476 info dds_sub_serialization_listener.h:354]:DDSSubSerializationListener: embosa state is shutdown, topic: /odom/base_link
[2026-09-29 16:19:57.177 thread:93492 info dds_sub_serialization_listener.h:354]:DDSSubSerializationListener: embosa state is shutdown, topic: /embosa_tf
[2026-09-29 16:19:57.178 thread:93476 info dds_sub_serialization_listener.h:354]:DDSSubSerializationListener: embosa state is shutdown, topic: singorix/wbcs/sensor
[2026-09-29 16:19:57.180 thread:93476 info dds_sub_serialization_listener.h:354]:DDSSubSerializationListener: embosa state is shutdown, topic: singorix/wbcs/wbc_info
[2026-09-29 16:19:57.181 thread:93476 info dds_sub_serialization_listener.h:354]:DDSSubSerializationListener: embosa state is shutdown, topic: singorix/wbcs/error
[2026-09-29 16:19:57.184 thread:93476 info dds_sub_serialization_listener.h:354]:DDSSubSerializationListener: embosa state is shutdown, topic: singorix/wbcs/sensor
[2026-09-29 16:19:57.184 thread:93476 info dds_sub_serialization_listener.h:354]:DDSSubSerializationListener: embosa state is shutdown, topic: singorix/wbcs/error
[2026-09-29 16:19:57.184 thread:93492 info dds_sub_serialization_listener.h:354]:DDSSubSerializationListener: embosa state is shutdown, topic: /embosa_tf
[2026-09-29 16:19:57.185 thread:93476 info dds_sub_serialization_listener.h:354]:DDSSubSerializationListener: embosa state is shutdown, topic: /odom/base_link
[2026-09-29 16:19:57.192 thread:93476 info dds_sub_serialization_listener.h:354]:DDSSubSerializationListener: embosa state is shutdown, topic: singorix/wbcs/sensor
[2026-09-29 16:19:57.192 thread:93476 info dds_sub_serialization_listener.h:354]:DDSSubSerializationListener: embosa state is shutdown, topic: singorix/wbcs/wbc_info
[2026-09-29 16:19:57.193 thread:93476 info dds_sub_serialization_listener.h:354]:DDSSubSerializationListener: embosa state is shutdown, topic: singorix/wbcs/error
[2026-09-29 16:19:57.195 thread:93476 info dds_sub_serialization_listener.h:354]:DDSSubSerializationListener: embosa state is shutdown, topic: /odom/base_link
[2026-09-29 16:19:57.197 thread:93492 info dds_sub_serialization_listener.h:354]:DDSSubSerializationListener: embosa state is shutdown, topic: /embosa_tf
[2026-09-29 16:19:57.200 thread:93476 info dds_sub_serialization_listener.h:354]:DDSSubSerializationListener: embosa state is shutdown, topic: singorix/wbcs/sensor
[2026-09-29 16:19:57.200 thread:93476 info dds_sub_serialization_listener.h:354]:DDSSubSerializationListener: embosa state is shutdown, topic: singorix/wbcs/error
[2026-09-29 16:19:57.206 thread:93476 info dds_sub_serialization_listener.h:354]:DDSSubSerializationListener: embosa state is shutdown, topic: /odom/base_link
[2026-09-29 16:19:57.209 thread:93493 info dds_sub_serialization_listener.h:354]:DDSSubSerializationListener: embosa state is shutdown, topic: /embosa_tf_static
[2026-09-29 16:19:57.210 thread:93476 info dds_sub_serialization_listener.h:354]:DDSSubSerializationListener: embosa state is shutdown, topic: singorix/wbcs/sensor
[2026-09-29 16:19:57.211 thread:93476 info dds_sub_serialization_listener.h:354]:DDSSubSerializationListener: embosa state is shutdown, topic: singorix/wbcs/wbc_info
[2026-09-29 16:19:57.211 thread:93492 info dds_sub_serialization_listener.h:354]:DDSSubSerializationListener: embosa state is shutdown, topic: /embosa_tf
[2026-09-29 16:19:57.212 thread:93476 info dds_sub_serialization_listener.h:354]:DDSSubSerializationListener: embosa state is shutdown, topic: singorix/wbcs/error
[2026-09-29 16:19:57.215 thread:93476 info dds_sub_serialization_listener.h:354]:DDSSubSerializationListener: embosa state is shutdown, topic: /odom/base_link
[2026-09-29 16:19:57.216 thread:93476 info dds_sub_serialization_listener.h:354]:DDSSubSerializationListener: embosa state is shutdown, topic: singorix/wbcs/sensor
[2026-09-29 16:19:57.217 thread:93476 info dds_sub_serialization_listener.h:354]:DDSSubSerializationListener: embosa state is shutdown, topic: singorix/wbcs/error
[2026-09-29 16:19:57.217 thread:93492 info dds_sub_serialization_listener.h:354]:DDSSubSerializationListener: embosa state is shutdown, topic: /embosa_tf
[2026-09-29 16:19:57.224 thread:93476 info dds_sub_serialization_listener.h:354]:DDSSubSerializationListener: embosa state is shutdown, topic: singorix/wbcs/sensor
[2026-09-29 16:19:57.225 thread:93476 info dds_sub_serialization_listener.h:354]:DDSSubSerializationListener: embosa state is shutdown, topic: singorix/wbcs/wbc_info
[2026-09-29 16:19:57.225 thread:93476 info dds_sub_serialization_listener.h:354]:DDSSubSerializationListener: embosa state is shutdown, topic: singorix/wbcs/error
[2026-09-29 16:19:57.225 thread:93476 info dds_sub_serialization_listener.h:354]:DDSSubSerializationListener: embosa state is shutdown, topic: /odom/base_link
[2026-09-29 16:19:57.232 thread:93476 info dds_sub_serialization_listener.h:354]:DDSSubSerializationListener: embosa state is shutdown, topic: singorix/wbcs/sensor
[2026-09-29 16:19:57.232 thread:93476 info dds_sub_serialization_listener.h:354]:DDSSubSerializationListener: embosa state is shutdown, topic: singorix/wbcs/error
[2026-09-29 16:19:57.233 thread:93492 info dds_sub_serialization_listener.h:354]:DDSSubSerializationListener: embosa state is shutdown, topic: /embosa_tf
[2026-09-29 16:19:57.234 thread:93476 info dds_sub_serialization_listener.h:354]:DDSSubSerializationListener: embosa state is shutdown, topic: /odom/base_link
[2026-09-29 16:19:57.238 thread:93492 info dds_sub_serialization_listener.h:354]:DDSSubSerializationListener: embosa state is shutdown, topic: /embosa_tf
[2026-09-29 16:19:57.241 thread:93476 info dds_sub_serialization_listener.h:354]:DDSSubSerializationListener: embosa state is shutdown, topic: singorix/wbcs/sensor
[2026-09-29 16:19:57.242 thread:93476 info dds_sub_serialization_listener.h:354]:DDSSubSerializationListener: embosa state is shutdown, topic: singorix/wbcs/wbc_info
[2026-09-29 16:19:57.242 thread:93476 info dds_sub_serialization_listener.h:354]:DDSSubSerializationListener: embosa state is shutdown, topic: singorix/wbcs/error
[2026-09-29 16:19:57.245 thread:93476 info dds_sub_serialization_listener.h:354]:DDSSubSerializationListener: embosa state is shutdown, topic: /odom/base_link
[2026-09-29 16:19:57.248 thread:93476 info dds_sub_serialization_listener.h:354]:DDSSubSerializationListener: embosa state is shutdown, topic: singorix/wbcs/sensor
[2026-09-29 16:19:57.248 thread:93476 info dds_sub_serialization_listener.h:354]:DDSSubSerializationListener: embosa state is shutdown, topic: singorix/wbcs/error
[2026-09-29 16:19:57.254 thread:93548 info dds_sub_serialization_listener.h:354]:DDSSubSerializationListener: embosa state is shutdown, topic: /galbot/mic
[2026-09-29 16:19:57.255 thread:93476 info dds_sub_serialization_listener.h:354]:DDSSubSerializationListener: embosa state is shutdown, topic: /odom/base_link
[2026-09-29 16:19:57.256 thread:93476 info dds_sub_serialization_listener.h:354]:DDSSubSerializationListener: embosa state is shutdown, topic: singorix/wbcs/sensor
[2026-09-29 16:19:57.257 thread:93476 info dds_sub_serialization_listener.h:354]:DDSSubSerializationListener: embosa state is shutdown, topic: singorix/wbcs/wbc_info
[2026-09-29 16:19:57.257 thread:93492 info dds_sub_serialization_listener.h:354]:DDSSubSerializationListener: embosa state is shutdown, topic: /embosa_tf
[2026-09-29 16:19:57.257 thread:93476 info dds_sub_serialization_listener.h:354]:DDSSubSerializationListener: embosa state is shutdown, topic: singorix/wbcs/error
[2026-09-29 16:19:57.257 thread:93492 info dds_sub_serialization_listener.h:354]:DDSSubSerializationListener: embosa state is shutdown, topic: /embosa_tf
[2026-09-29 16:19:57.264 thread:93476 info dds_sub_serialization_listener.h:354]:DDSSubSerializationListener: embosa state is shutdown, topic: singorix/wbcs/sensor
[2026-09-29 16:19:57.264 thread:93476 info dds_sub_serialization_listener.h:354]:DDSSubSerializationListener: embosa state is shutdown, topic: /odom/base_link
[2026-09-29 16:19:57.264 thread:93476 info dds_sub_serialization_listener.h:354]:DDSSubSerializationListener: embosa state is shutdown, topic: singorix/wbcs/error
[2026-09-29 16:19:57.272 thread:93476 info dds_sub_serialization_listener.h:354]:DDSSubSerializationListener: embosa state is shutdown, topic: singorix/wbcs/sensor
[2026-09-29 16:19:57.273 thread:93476 info dds_sub_serialization_listener.h:354]:DDSSubSerializationListener: embosa state is shutdown, topic: singorix/wbcs/wbc_info
[2026-09-29 16:19:57.274 thread:93476 info dds_sub_serialization_listener.h:354]:DDSSubSerializationListener: embosa state is shutdown, topic: singorix/wbcs/error
[2026-09-29 16:19:57.275 thread:93476 info dds_sub_serialization_listener.h:354]:DDSSubSerializationListener: embosa state is shutdown, topic: /odom/base_link
[2026-09-29 16:19:57.278 thread:93492 info dds_sub_serialization_listener.h:354]:DDSSubSerializationListener: embosa state is shutdown, topic: /embosa_tf
[2026-09-29 16:19:57.285 thread:93476 info dds_sub_serialization_listener.h:354]:DDSSubSerializationListener: embosa state is shutdown, topic: /odom/base_link
[2026-09-29 16:19:57.297 thread:93476 info dds_sub_serialization_listener.h:354]:DDSSubSerializationListener: embosa state is shutdown, topic: /odom/base_link
[2026-09-29 16:19:57.297 thread:93476 info dds_sub_serialization_listener.h:354]:DDSSubSerializationListener: embosa state is shutdown, topic: singorix/wbcs/sensor
[2026-09-29 16:19:57.297 thread:93476 info dds_sub_serialization_listener.h:354]:DDSSubSerializationListener: embosa state is shutdown, topic: singorix/wbcs/error
[2026-09-29 16:19:57.298 thread:93492 info dds_sub_serialization_listener.h:354]:DDSSubSerializationListener: embosa state is shutdown, topic: /embosa_tf
[2026-09-29 16:19:57.299 thread:93492 info dds_sub_serialization_listener.h:354]:DDSSubSerializationListener: embosa state is shutdown, topic: /embosa_tf
[2026-09-29 16:19:57.300 thread:93476 info dds_sub_serialization_listener.h:354]:DDSSubSerializationListener: embosa state is shutdown, topic: singorix/wbcs/sensor
[2026-09-29 16:19:57.300 thread:93476 info dds_sub_serialization_listener.h:354]:DDSSubSerializationListener: embosa state is shutdown, topic: singorix/wbcs/wbc_info
[2026-09-29 16:19:57.301 thread:93476 info dds_sub_serialization_listener.h:354]:DDSSubSerializationListener: embosa state is shutdown, topic: singorix/wbcs/error
[2026-09-29 16:19:57.305 thread:93476 info dds_sub_serialization_listener.h:354]:DDSSubSerializationListener: embosa state is shutdown, topic: /odom/base_link
[2026-09-29 16:19:57.305 thread:93476 info dds_sub_serialization_listener.h:354]:DDSSubSerializationListener: embosa state is shutdown, topic: singorix/wbcs/sensor
[2026-09-29 16:19:57.305 thread:93476 info dds_sub_serialization_listener.h:354]:DDSSubSerializationListener: embosa state is shutdown, topic: singorix/wbcs/error
[2026-09-29 16:19:57.313 thread:93476 info dds_sub_serialization_listener.h:354]:DDSSubSerializationListener: embosa state is shutdown, topic: singorix/wbcs/sensor
[2026-09-29 16:19:57.315 thread:93476 info dds_sub_serialization_listener.h:354]:DDSSubSerializationListener: embosa state is shutdown, topic: /odom/base_link
[2026-09-29 16:19:57.317 thread:93476 info dds_sub_serialization_listener.h:354]:DDSSubSerializationListener: embosa state is shutdown, topic: singorix/wbcs/wbc_info
[2026-09-29 16:19:57.317 thread:93476 info dds_sub_serialization_listener.h:354]:DDSSubSerializationListener: embosa state is shutdown, topic: singorix/wbcs/error
[2026-09-29 16:19:57.318 thread:93492 info dds_sub_serialization_listener.h:354]:DDSSubSerializationListener: embosa state is shutdown, topic: /embosa_tf
[2026-09-29 16:19:57.321 thread:93476 info dds_sub_serialization_listener.h:354]:DDSSubSerializationListener: embosa state is shutdown, topic: singorix/wbcs/sensor
[2026-09-29 16:19:57.321 thread:93476 info dds_sub_serialization_listener.h:354]:DDSSubSerializationListener: embosa state is shutdown, topic: singorix/wbcs/error
[2026-09-29 16:19:57.321 thread:93492 info dds_sub_serialization_listener.h:354]:DDSSubSerializationListener: embosa state is shutdown, topic: /embosa_tf
[2026-09-29 16:19:57.325 thread:93476 info dds_sub_serialization_listener.h:354]:DDSSubSerializationListener: embosa state is shutdown, topic: /odom/base_link
[2026-09-29 16:19:57.329 thread:93476 info dds_sub_serialization_listener.h:354]:DDSSubSerializationListener: embosa state is shutdown, topic: singorix/wbcs/sensor
[2026-09-29 16:19:57.330 thread:93476 info dds_sub_serialization_listener.h:354]:DDSSubSerializationListener: embosa state is shutdown, topic: singorix/wbcs/wbc_info
[2026-09-29 16:19:57.330 thread:93493 info dds_sub_serialization_listener.h:354]:DDSSubSerializationListener: embosa state is shutdown, topic: /embosa_tf_static
[2026-09-29 16:19:57.330 thread:93476 info dds_sub_serialization_listener.h:354]:DDSSubSerializationListener: embosa state is shutdown, topic: singorix/wbcs/error
[2026-09-29 16:19:57.335 thread:93476 info dds_sub_serialization_listener.h:354]:DDSSubSerializationListener: embosa state is shutdown, topic: /odom/base_link
[2026-09-29 16:19:57.338 thread:93476 info dds_sub_serialization_listener.h:354]:DDSSubSerializationListener: embosa state is shutdown, topic: singorix/wbcs/sensor
[2026-09-29 16:19:57.339 thread:93492 info dds_sub_serialization_listener.h:354]:DDSSubSerializationListener: embosa state is shutdown, topic: /embosa_tf
[2026-09-29 16:19:57.341 thread:93476 info dds_sub_serialization_listener.h:354]:DDSSubSerializationListener: embosa state is shutdown, topic: singorix/wbcs/error
[2026-09-29 16:19:57.345 thread:93476 info dds_sub_serialization_listener.h:354]:DDSSubSerializationListener: embosa state is shutdown, topic: /odom/base_link
[2026-09-29 16:19:57.346 thread:93476 info dds_sub_serialization_listener.h:354]:DDSSubSerializationListener: embosa state is shutdown, topic: singorix/wbcs/sensor
[2026-09-29 16:19:57.346 thread:93476 info dds_sub_serialization_listener.h:354]:DDSSubSerializationListener: embosa state is shutdown, topic: singorix/wbcs/wbc_info
[2026-09-29 16:19:57.347 thread:93476 info dds_sub_serialization_listener.h:354]:DDSSubSerializationListener: embosa state is shutdown, topic: singorix/wbcs/error
[2026-09-29 16:19:57.348 thread:93492 info dds_sub_serialization_listener.h:354]:DDSSubSerializationListener: embosa state is shutdown, topic: /embosa_tf
[2026-09-29 16:19:57.354 thread:93476 info dds_sub_serialization_listener.h:354]:DDSSubSerializationListener: embosa state is shutdown, topic: singorix/wbcs/sensor
[2026-09-29 16:19:57.354 thread:93476 info dds_sub_serialization_listener.h:354]:DDSSubSerializationListener: embosa state is shutdown, topic: singorix/wbcs/error
[2026-09-29 16:19:57.354 thread:93476 info dds_sub_serialization_listener.h:354]:DDSSubSerializationListener: embosa state is shutdown, topic: /odom/base_link
[2026-09-29 16:19:57.357 thread:93548 info dds_sub_serialization_listener.h:354]:DDSSubSerializationListener: embosa state is shutdown, topic: /galbot/mic
[2026-09-29 16:19:57.359 thread:93492 info dds_sub_serialization_listener.h:354]:DDSSubSerializationListener: embosa state is shutdown, topic: /embosa_tf
[2026-09-29 16:19:57.362 thread:93476 info dds_sub_serialization_listener.h:354]:DDSSubSerializationListener: embosa state is shutdown, topic: singorix/wbcs/sensor
[2026-09-29 16:19:57.363 thread:93476 info dds_sub_serialization_listener.h:354]:DDSSubSerializationListener: embosa state is shutdown, topic: singorix/wbcs/wbc_info
[2026-09-29 16:19:57.364 thread:93476 info dds_sub_serialization_listener.h:354]:DDSSubSerializationListener: embosa state is shutdown, topic: singorix/wbcs/error
[2026-09-29 16:19:57.365 thread:93476 info dds_sub_serialization_listener.h:354]:DDSSubSerializationListener: embosa state is shutdown, topic: /odom/base_link
[2026-09-29 16:19:57.369 thread:93476 info dds_sub_serialization_listener.h:354]:DDSSubSerializationListener: embosa state is shutdown, topic: singorix/wbcs/sensor
[2026-09-29 16:19:57.370 thread:93476 info dds_sub_serialization_listener.h:354]:DDSSubSerializationListener: embosa state is shutdown, topic: singorix/wbcs/error
[2026-09-29 16:19:57.371 thread:93492 info dds_sub_serialization_listener.h:354]:DDSSubSerializationListener: embosa state is shutdown, topic: /embosa_tf
[2026-09-29 16:19:57.375 thread:93476 info dds_sub_serialization_listener.h:354]:DDSSubSerializationListener: embosa state is shutdown, topic: /odom/base_link
[2026-09-29 16:19:57.378 thread:93476 info dds_sub_serialization_listener.h:354]:DDSSubSerializationListener: embosa state is shutdown, topic: singorix/wbcs/sensor
[2026-09-29 16:19:57.379 thread:93492 info dds_sub_serialization_listener.h:354]:DDSSubSerializationListener: embosa state is shutdown, topic: /embosa_tf
[2026-09-29 16:19:57.379 thread:93476 info dds_sub_serialization_listener.h:354]:DDSSubSerializationListener: embosa state is shutdown, topic: singorix/wbcs/wbc_info
[2026-09-29 16:19:57.380 thread:93476 info dds_sub_serialization_listener.h:354]:DDSSubSerializationListener: embosa state is shutdown, topic: singorix/wbcs/error
[2026-09-29 16:19:57.384 thread:93492 info dds_sub_serialization_listener.h:354]:DDSSubSerializationListener: embosa state is shutdown, topic: /embosa_tf
[2026-09-29 16:19:57.384 thread:93492 info dds_sub_serialization_listener.h:354]:DDSSubSerializationListener: embosa state is shutdown, topic: /embosa_tf
[2026-09-29 16:19:57.385 thread:93476 info dds_sub_serialization_listener.h:354]:DDSSubSerializationListener: embosa state is shutdown, topic: singorix/wbcs/sensor
[2026-09-29 16:19:57.385 thread:93476 info dds_sub_serialization_listener.h:354]:DDSSubSerializationListener: embosa state is shutdown, topic: /odom/base_link
[2026-09-29 16:19:57.386 thread:93476 info dds_sub_serialization_listener.h:354]:DDSSubSerializationListener: embosa state is shutdown, topic: singorix/wbcs/error
[2026-09-29 16:19:57.393 thread:93476 info dds_sub_serialization_listener.h:354]:DDSSubSerializationListener: embosa state is shutdown, topic: singorix/wbcs/sensor
[2026-09-29 16:19:57.394 thread:93492 info dds_sub_serialization_listener.h:354]:DDSSubSerializationListener: embosa state is shutdown, topic: /embosa_tf
[2026-09-29 16:19:57.395 thread:93476 info dds_sub_serialization_listener.h:354]:DDSSubSerializationListener: embosa state is shutdown, topic: singorix/wbcs/wbc_info
[2026-09-29 16:19:57.395 thread:93476 info dds_sub_serialization_listener.h:354]:DDSSubSerializationListener: embosa state is shutdown, topic: singorix/wbcs/error
[2026-09-29 16:19:57.396 thread:93476 info dds_sub_serialization_listener.h:354]:DDSSubSerializationListener: embosa state is shutdown, topic: /odom/base_link
[2026-09-29 16:19:57.399 thread:93492 info dds_sub_serialization_listener.h:354]:DDSSubSerializationListener: embosa state is shutdown, topic: /embosa_tf
[2026-09-29 16:19:57.402 thread:93476 info dds_sub_serialization_listener.h:354]:DDSSubSerializationListener: embosa state is shutdown, topic: singorix/wbcs/sensor
[2026-09-29 16:19:57.402 thread:93476 info dds_sub_serialization_listener.h:354]:DDSSubSerializationListener: embosa state is shutdown, topic: singorix/wbcs/error
[2026-09-29 16:19:57.405 thread:93476 info dds_sub_serialization_listener.h:354]:DDSSubSerializationListener: embosa state is shutdown, topic: /odom/base_link
[2026-09-29 16:19:57.408 thread:93548 info dds_sub_serialization_listener.h:354]:DDSSubSerializationListener: embosa state is shutdown, topic: /galbot/mic
[2026-09-29 16:19:57.410 thread:93476 info dds_sub_serialization_listener.h:354]:DDSSubSerializationListener: embosa state is shutdown, topic: singorix/wbcs/sensor
[2026-09-29 16:19:57.411 thread:93476 info dds_sub_serialization_listener.h:354]:DDSSubSerializationListener: embosa state is shutdown, topic: singorix/wbcs/wbc_info
[2026-09-29 16:19:57.412 thread:93476 info dds_sub_serialization_listener.h:354]:DDSSubSerializationListener: embosa state is shutdown, topic: singorix/wbcs/error
[2026-09-29 16:19:57.415 thread:93476 info dds_sub_serialization_listener.h:354]:DDSSubSerializationListener: embosa state is shutdown, topic: /odom/base_link
[2026-09-29 16:19:57.418 thread:93476 info dds_sub_serialization_listener.h:354]:DDSSubSerializationListener: embosa state is shutdown, topic: singorix/wbcs/sensor
[2026-09-29 16:19:57.418 thread:93476 info dds_sub_serialization_listener.h:354]:DDSSubSerializationListener: embosa state is shutdown, topic: singorix/wbcs/error
[2026-09-29 16:19:57.418 thread:93492 info dds_sub_serialization_listener.h:354]:DDSSubSerializationListener: embosa state is shutdown, topic: /embosa_tf
[2026-09-29 16:19:57.421 thread:93492 info dds_sub_serialization_listener.h:354]:DDSSubSerializationListener: embosa state is shutdown, topic: /embosa_tf
[2026-09-29 16:19:57.425 thread:93476 info dds_sub_serialization_listener.h:354]:DDSSubSerializationListener: embosa state is shutdown, topic: /odom/base_link
[2026-09-29 16:19:57.425 thread:93476 info dds_sub_serialization_listener.h:354]:DDSSubSerializationListener: embosa state is shutdown, topic: singorix/wbcs/sensor
[2026-09-29 16:19:57.427 thread:93476 info dds_sub_serialization_listener.h:354]:DDSSubSerializationListener: embosa state is shutdown, topic: singorix/wbcs/wbc_info
[2026-09-29 16:19:57.428 thread:93476 info dds_sub_serialization_listener.h:354]:DDSSubSerializationListener: embosa state is shutdown, topic: singorix/wbcs/error
[2026-09-29 16:19:57.434 thread:93476 info dds_sub_serialization_listener.h:354]:DDSSubSerializationListener: embosa state is shutdown, topic: singorix/wbcs/sensor
[2026-09-29 16:19:57.435 thread:93476 info dds_sub_serialization_listener.h:354]:DDSSubSerializationListener: embosa state is shutdown, topic: /odom/base_link
[2026-09-29 16:19:57.435 thread:93476 info dds_sub_serialization_listener.h:354]:DDSSubSerializationListener: embosa state is shutdown, topic: singorix/wbcs/error
[2026-09-29 16:19:57.439 thread:93492 info dds_sub_serialization_listener.h:354]:DDSSubSerializationListener: embosa state is shutdown, topic: /embosa_tf
[2026-09-29 16:19:57.442 thread:93476 info dds_sub_serialization_listener.h:354]:DDSSubSerializationListener: embosa state is shutdown, topic: singorix/wbcs/sensor
[2026-09-29 16:19:57.442 thread:93492 info dds_sub_serialization_listener.h:354]:DDSSubSerializationListener: embosa state is shutdown, topic: /embosa_tf
[2026-09-29 16:19:57.442 thread:93476 info dds_sub_serialization_listener.h:354]:DDSSubSerializationListener: embosa state is shutdown, topic: singorix/wbcs/wbc_info
[2026-09-29 16:19:57.442 thread:93476 info dds_sub_serialization_listener.h:354]:DDSSubSerializationListener: embosa state is shutdown, topic: singorix/wbcs/error
[2026-09-29 16:19:57.444 thread:93476 info dds_sub_serialization_listener.h:354]:DDSSubSerializationListener: embosa state is shutdown, topic: /odom/base_link
[2026-09-29 16:19:57.450 thread:93476 info dds_sub_serialization_listener.h:354]:DDSSubSerializationListener: embosa state is shutdown, topic: singorix/wbcs/sensor
[2026-09-29 16:19:57.450 thread:93476 info dds_sub_serialization_listener.h:354]:DDSSubSerializationListener: embosa state is shutdown, topic: singorix/wbcs/error
[2026-09-29 16:19:57.455 thread:93476 info dds_sub_serialization_listener.h:354]:DDSSubSerializationListener: embosa state is shutdown, topic: /odom/base_link
[2026-09-29 16:19:57.457 thread:93476 info dds_sub_serialization_listener.h:354]:DDSSubSerializationListener: embosa state is shutdown, topic: singorix/wbcs/sensor
[2026-09-29 16:19:57.458 thread:93476 info dds_sub_serialization_listener.h:354]:DDSSubSerializationListener: embosa state is shutdown, topic: singorix/wbcs/wbc_info
[2026-09-29 16:19:57.458 thread:93476 info dds_sub_serialization_listener.h:354]:DDSSubSerializationListener: embosa state is shutdown, topic: singorix/wbcs/error
[2026-09-29 16:19:57.460 thread:93492 info dds_sub_serialization_listener.h:354]:DDSSubSerializationListener: embosa state is shutdown, topic: /embosa_tf
[2026-09-29 16:19:57.465 thread:93476 info dds_sub_serialization_listener.h:354]:DDSSubSerializationListener: embosa state is shutdown, topic: /odom/base_link
[2026-09-29 16:19:57.465 thread:93476 info dds_sub_serialization_listener.h:354]:DDSSubSerializationListener: embosa state is shutdown, topic: singorix/wbcs/sensor
[2026-09-29 16:19:57.465 thread:93492 info dds_sub_serialization_listener.h:354]:DDSSubSerializationListener: embosa state is shutdown, topic: /embosa_tf
[2026-09-29 16:19:57.466 thread:93476 info dds_sub_serialization_listener.h:354]:DDSSubSerializationListener: embosa state is shutdown, topic: singorix/wbcs/error
[2026-09-29 16:19:57.473 thread:93476 info dds_sub_serialization_listener.h:354]:DDSSubSerializationListener: embosa state is shutdown, topic: singorix/wbcs/sensor
[2026-09-29 16:19:57.474 thread:93476 info dds_sub_serialization_listener.h:354]:DDSSubSerializationListener: embosa state is shutdown, topic: singorix/wbcs/wbc_info
[2026-09-29 16:19:57.474 thread:93476 info dds_sub_serialization_listener.h:354]:DDSSubSerializationListener: embosa state is shutdown, topic: /odom/base_link
[2026-09-29 16:19:57.474 thread:93476 info dds_sub_serialization_listener.h:354]:DDSSubSerializationListener: embosa state is shutdown, topic: singorix/wbcs/error
[2026-09-29 16:19:57.479 thread:93492 info dds_sub_serialization_listener.h:354]:DDSSubSerializationListener: embosa state is shutdown, topic: /embosa_tf
[2026-09-29 16:19:57.481 thread:93476 info dds_sub_serialization_listener.h:354]:DDSSubSerializationListener: embosa state is shutdown, topic: singorix/wbcs/sensor
[2026-09-29 16:19:57.481 thread:93476 info dds_sub_serialization_listener.h:354]:DDSSubSerializationListener: embosa state is shutdown, topic: singorix/wbcs/error
[2026-09-29 16:19:57.485 thread:93476 info dds_sub_serialization_listener.h:354]:DDSSubSerializationListener: embosa state is shutdown, topic: /odom/base_link
[2026-09-29 16:19:57.489 thread:93476 info dds_sub_serialization_listener.h:354]:DDSSubSerializationListener: embosa state is shutdown, topic: singorix/wbcs/sensor
[2026-09-29 16:19:57.489 thread:93476 info dds_sub_serialization_listener.h:354]:DDSSubSerializationListener: embosa state is shutdown, topic: singorix/wbcs/wbc_info
[2026-09-29 16:19:57.490 thread:93476 info dds_sub_serialization_listener.h:354]:DDSSubSerializationListener: embosa state is shutdown, topic: singorix/wbcs/error
[2026-09-29 16:19:57.490 thread:93492 info dds_sub_serialization_listener.h:354]:DDSSubSerializationListener: embosa state is shutdown, topic: /embosa_tf
[2026-09-29 16:19:57.495 thread:93476 info dds_sub_serialization_listener.h:354]:DDSSubSerializationListener: embosa state is shutdown, topic: /odom/base_link
[2026-09-29 16:19:57.497 thread:93476 info dds_sub_serialization_listener.h:354]:DDSSubSerializationListener: embosa state is shutdown, topic: singorix/wbcs/sensor
[2026-09-29 16:19:57.497 thread:93476 info dds_sub_serialization_listener.h:354]:DDSSubSerializationListener: embosa state is shutdown, topic: singorix/wbcs/error
[2026-09-29 16:19:57.500 thread:93492 info dds_sub_serialization_listener.h:354]:DDSSubSerializationListener: embosa state is shutdown, topic: /embosa_tf
[2026-09-29 16:19:57.505 thread:93476 info dds_sub_serialization_listener.h:354]:DDSSubSerializationListener: embosa state is shutdown, topic: singorix/wbcs/sensor
[2026-09-29 16:19:57.505 thread:93476 info dds_sub_serialization_listener.h:354]:DDSSubSerializationListener: embosa state is shutdown, topic: /odom/base_link
[2026-09-29 16:19:57.506 thread:93548 info dds_sub_serialization_listener.h:354]:DDSSubSerializationListener: embosa state is shutdown, topic: /galbot/mic
[2026-09-29 16:19:57.506 thread:93476 info dds_sub_serialization_listener.h:354]:DDSSubSerializationListener: embosa state is shutdown, topic: singorix/wbcs/wbc_info
[2026-09-29 16:19:57.506 thread:93476 info dds_sub_serialization_listener.h:354]:DDSSubSerializationListener: embosa state is shutdown, topic: singorix/wbcs/error
[2026-09-29 16:19:57.513 thread:93476 info dds_sub_serialization_listener.h:354]:DDSSubSerializationListener: embosa state is shutdown, topic: singorix/wbcs/sensor
[2026-09-29 16:19:57.513 thread:93476 info dds_sub_serialization_listener.h:354]:DDSSubSerializationListener: embosa state is shutdown, topic: singorix/wbcs/error
[2026-09-29 16:19:57.515 thread:93492 info dds_sub_serialization_listener.h:354]:DDSSubSerializationListener: embosa state is shutdown, topic: /embosa_tf
[2026-09-29 16:19:57.515 thread:93476 info dds_sub_serialization_listener.h:354]:DDSSubSerializationListener: embosa state is shutdown, topic: /odom/base_link
[2026-09-29 16:19:57.520 thread:93492 info dds_sub_serialization_listener.h:354]:DDSSubSerializationListener: embosa state is shutdown, topic: /embosa_tf
[2026-09-29 16:19:57.521 thread:93476 info dds_sub_serialization_listener.h:354]:DDSSubSerializationListener: embosa state is shutdown, topic: singorix/wbcs/sensor
[2026-09-29 16:19:57.522 thread:93476 info dds_sub_serialization_listener.h:354]:DDSSubSerializationListener: embosa state is shutdown, topic: singorix/wbcs/wbc_info
[2026-09-29 16:19:57.522 thread:93476 info dds_sub_serialization_listener.h:354]:DDSSubSerializationListener: embosa state is shutdown, topic: singorix/wbcs/error
[2026-09-29 16:19:57.526 thread:93476 info dds_sub_serialization_listener.h:354]:DDSSubSerializationListener: embosa state is shutdown, topic: /odom/base_link
[2026-09-29 16:19:57.529 thread:93476 info dds_sub_serialization_listener.h:354]:DDSSubSerializationListener: embosa state is shutdown, topic: singorix/wbcs/sensor
[2026-09-29 16:19:57.530 thread:93476 info dds_sub_serialization_listener.h:354]:DDSSubSerializationListener: embosa state is shutdown, topic: singorix/wbcs/error
[2026-09-29 16:19:57.536 thread:93476 info dds_sub_serialization_listener.h:354]:DDSSubSerializationListener: embosa state is shutdown, topic: /odom/base_link
[2026-09-29 16:19:57.537 thread:93476 info dds_sub_serialization_listener.h:354]:DDSSubSerializationListener: embosa state is shutdown, topic: singorix/wbcs/sensor
[2026-09-29 16:19:57.538 thread:93492 info dds_sub_serialization_listener.h:354]:DDSSubSerializationListener: embosa state is shutdown, topic: /embosa_tf
[2026-09-29 16:19:57.538 thread:93476 info dds_sub_serialization_listener.h:354]:DDSSubSerializationListener: embosa state is shutdown, topic: singorix/wbcs/wbc_info
[2026-09-29 16:19:57.538 thread:93476 info dds_sub_serialization_listener.h:354]:DDSSubSerializationListener: embosa state is shutdown, topic: singorix/wbcs/error
[2026-09-29 16:19:57.540 thread:93492 info dds_sub_serialization_listener.h:354]:DDSSubSerializationListener: embosa state is shutdown, topic: /embosa_tf
[2026-09-29 16:19:57.544 thread:93476 info dds_sub_serialization_listener.h:354]:DDSSubSerializationListener: embosa state is shutdown, topic: /odom/base_link
[2026-09-29 16:19:57.545 thread:93476 info dds_sub_serialization_listener.h:354]:DDSSubSerializationListener: embosa state is shutdown, topic: singorix/wbcs/sensor
[2026-09-29 16:19:57.545 thread:93476 info dds_sub_serialization_listener.h:354]:DDSSubSerializationListener: embosa state is shutdown, topic: singorix/wbcs/error
[2026-09-29 16:19:57.553 thread:93476 info dds_sub_serialization_listener.h:354]:DDSSubSerializationListener: embosa state is shutdown, topic: singorix/wbcs/sensor
[2026-09-29 16:19:57.554 thread:93476 info dds_sub_serialization_listener.h:354]:DDSSubSerializationListener: embosa state is shutdown, topic: singorix/wbcs/wbc_info
[2026-09-29 16:19:57.554 thread:93476 info dds_sub_serialization_listener.h:354]:DDSSubSerializationListener: embosa state is shutdown, topic: singorix/wbcs/error
[2026-09-29 16:19:57.556 thread:93476 info dds_sub_serialization_listener.h:354]:DDSSubSerializationListener: embosa state is shutdown, topic: /odom/base_link
[2026-09-29 16:19:57.560 thread:93492 info dds_sub_serialization_listener.h:354]:DDSSubSerializationListener: embosa state is shutdown, topic: /embosa_tf
[2026-09-29 16:19:57.563 thread:93476 info dds_sub_serialization_listener.h:354]:DDSSubSerializationListener: embosa state is shutdown, topic: singorix/wbcs/sensor
[2026-09-29 16:19:57.564 thread:93492 info dds_sub_serialization_listener.h:354]:DDSSubSerializationListener: embosa state is shutdown, topic: /embosa_tf
[2026-09-29 16:19:57.565 thread:93476 info dds_sub_serialization_listener.h:354]:DDSSubSerializationListener: embosa state is shutdown, topic: /odom/base_link
[2026-09-29 16:19:57.565 thread:93476 info dds_sub_serialization_listener.h:354]:DDSSubSerializationListener: embosa state is shutdown, topic: singorix/wbcs/error
[2026-09-29 16:19:57.568 thread:93548 info dds_sub_serialization_listener.h:354]:DDSSubSerializationListener: embosa state is shutdown, topic: /galbot/mic
[2026-09-29 16:19:57.569 thread:93476 info dds_sub_serialization_listener.h:354]:DDSSubSerializationListener: embosa state is shutdown, topic: singorix/wbcs/sensor
[2026-09-29 16:19:57.570 thread:93476 info dds_sub_serialization_listener.h:354]:DDSSubSerializationListener: embosa state is shutdown, topic: singorix/wbcs/wbc_info
[2026-09-29 16:19:57.570 thread:93476 info dds_sub_serialization_listener.h:354]:DDSSubSerializationListener: embosa state is shutdown, topic: singorix/wbcs/error
[2026-09-29 16:19:57.576 thread:93476 info dds_sub_serialization_listener.h:354]:DDSSubSerializationListener: embosa state is shutdown, topic: /odom/base_link
[2026-09-29 16:19:57.578 thread:93476 info dds_sub_serialization_listener.h:354]:DDSSubSerializationListener: embosa state is shutdown, topic: singorix/wbcs/sensor
[2026-09-29 16:19:57.579 thread:93476 info dds_sub_serialization_listener.h:354]:DDSSubSerializationListener: embosa state is shutdown, topic: singorix/wbcs/error
[2026-09-29 16:19:57.580 thread:93492 info dds_sub_serialization_listener.h:354]:DDSSubSerializationListener: embosa state is shutdown, topic: /embosa_tf
[2026-09-29 16:19:57.585 thread:93476 info dds_sub_serialization_listener.h:354]:DDSSubSerializationListener: embosa state is shutdown, topic: /odom/base_link
[2026-09-29 16:19:57.587 thread:93492 info dds_sub_serialization_listener.h:354]:DDSSubSerializationListener: embosa state is shutdown, topic: /embosa_tf
[2026-09-29 16:19:57.587 thread:93492 info dds_sub_serialization_listener.h:354]:DDSSubSerializationListener: embosa state is shutdown, topic: /embosa_tf
[2026-09-29 16:19:57.588 thread:93492 info dds_sub_serialization_listener.h:354]:DDSSubSerializationListener: embosa state is shutdown, topic: /embosa_tf
[2026-09-29 16:19:57.588 thread:93476 info dds_sub_serialization_listener.h:354]:DDSSubSerializationListener: embosa state is shutdown, topic: singorix/wbcs/sensor
[2026-09-29 16:19:57.589 thread:93476 info dds_sub_serialization_listener.h:354]:DDSSubSerializationListener: embosa state is shutdown, topic: singorix/wbcs/wbc_info
[2026-09-29 16:19:57.590 thread:93476 info dds_sub_serialization_listener.h:354]:DDSSubSerializationListener: embosa state is shutdown, topic: singorix/wbcs/error
[2026-09-29 16:19:57.593 thread:93476 info dds_sub_serialization_listener.h:354]:DDSSubSerializationListener: embosa state is shutdown, topic: singorix/wbcs/sensor
[2026-09-29 16:19:57.593 thread:93476 info dds_sub_serialization_listener.h:354]:DDSSubSerializationListener: embosa state is shutdown, topic: singorix/wbcs/error
[2026-09-29 16:19:57.595 thread:93476 info dds_sub_serialization_listener.h:354]:DDSSubSerializationListener: embosa state is shutdown, topic: /odom/base_link
[2026-09-29 16:19:57.600 thread:93492 info dds_sub_serialization_listener.h:354]:DDSSubSerializationListener: embosa state is shutdown, topic: /embosa_tf
[2026-09-29 16:19:57.602 thread:93476 info dds_sub_serialization_listener.h:354]:DDSSubSerializationListener: embosa state is shutdown, topic: singorix/wbcs/sensor
[2026-09-29 16:19:57.602 thread:93476 info dds_sub_serialization_listener.h:354]:DDSSubSerializationListener: embosa state is shutdown, topic: singorix/wbcs/wbc_info
[2026-09-29 16:19:57.603 thread:93476 info dds_sub_serialization_listener.h:354]:DDSSubSerializationListener: embosa state is shutdown, topic: singorix/wbcs/error
[2026-09-29 16:19:57.605 thread:93476 info dds_sub_serialization_listener.h:354]:DDSSubSerializationListener: embosa state is shutdown, topic: /odom/base_link
[2026-09-29 16:19:57.611 thread:93476 info dds_sub_serialization_listener.h:354]:DDSSubSerializationListener: embosa state is shutdown, topic: singorix/wbcs/sensor
[2026-09-29 16:19:57.611 thread:93492 info dds_sub_serialization_listener.h:354]:DDSSubSerializationListener: embosa state is shutdown, topic: /embosa_tf
[2026-09-29 16:19:57.611 thread:93476 info dds_sub_serialization_listener.h:354]:DDSSubSerializationListener: embosa state is shutdown, topic: singorix/wbcs/error
[2026-09-29 16:19:57.614 thread:93428 info dds_sub_serialization_listener.h:565]:DDSSubSerializationListener: embosa state is shutdown, topic: embosa_node_change_broadcast
[2026-09-29 16:19:57.615 thread:93428 info dds_node_factory.cpp:1179]:DeleteWriterUnlock: Writer and associated resources successfully removed
[2026-09-29 16:19:57.615 thread:93428 info dds_node_factory.cpp:75]:All writers cleared successfully
[2026-09-29 16:19:57.615 thread:93428 info dds_node_factory.cpp:81]:Clearing all readers from reader_map_
[2026-09-29 16:19:57.615 thread:93476 info dds_sub_serialization_listener.h:354]:DDSSubSerializationListener: embosa state is shutdown, topic: /odom/base_link
[2026-09-29 16:19:57.616 thread:93428 info dds_node_factory.cpp:1322]:DeleteReaderUnlock: Reader and associated resources successfully removed
[2026-09-29 16:19:57.617 thread:93428 info dds_node_factory.cpp:1322]:DeleteReaderUnlock: Reader and associated resources successfully removed
[2026-09-29 16:19:57.619 thread:93428 info dds_node_factory.cpp:1322]:DeleteReaderUnlock: Reader and associated resources successfully removed
[2026-09-29 16:19:57.620 thread:93428 info dds_node_factory.cpp:1322]:DeleteReaderUnlock: Reader and associated resources successfully removed
[2026-09-29 16:19:57.621 thread:93428 info dds_node_factory.cpp:1322]:DeleteReaderUnlock: Reader and associated resources successfully removed
[2026-09-29 16:19:57.623 thread:93476 info dds_sub_serialization_listener.h:354]:DDSSubSerializationListener: embosa state is shutdown, topic: singorix/wbcs/sensor
[2026-09-29 16:19:57.624 thread:93492 info dds_sub_serialization_listener.h:354]:DDSSubSerializationListener: embosa state is shutdown, topic: /embosa_tf
[2026-09-29 16:19:57.624 thread:93428 info dds_node_factory.cpp:1322]:DeleteReaderUnlock: Reader and associated resources successfully removed
[2026-09-29 16:19:57.625 thread:93428 info dds_node_factory.cpp:1322]:DeleteReaderUnlock: Reader and associated resources successfully removed
[2026-09-29 16:19:57.626 thread:93428 info dds_node_factory.cpp:1322]:DeleteReaderUnlock: Reader and associated resources successfully removed
[2026-09-29 16:19:57.626 thread:93428 info dds_node_factory.cpp:1322]:DeleteReaderUnlock: Reader and associated resources successfully removed
[2026-09-29 16:19:57.627 thread:93428 info dds_node_factory.cpp:1322]:DeleteReaderUnlock: Reader and associated resources successfully removed
[2026-09-29 16:19:57.628 thread:93428 info dds_node_factory.cpp:1322]:DeleteReaderUnlock: Reader and associated resources successfully removed
[2026-09-29 16:19:57.630 thread:93476 info dds_sub_serialization_listener.h:354]:DDSSubSerializationListener: embosa state is shutdown, topic: singorix/wbcs/wbc_info
[2026-09-29 16:19:57.630 thread:93428 info dds_node_factory.cpp:1322]:DeleteReaderUnlock: Reader and associated resources successfully removed
[2026-09-29 16:19:57.631 thread:93428 info dds_node_factory.cpp:1322]:DeleteReaderUnlock: Reader and associated resources successfully removed
[2026-09-29 16:19:57.632 thread:93469 warning RTPS_MSG_IN:676]:DDS (ID:281472258781664) Data received when NO readers are listening
[2026-09-29 16:19:57.632 thread:93428 info dds_node_factory.cpp:1322]:DeleteReaderUnlock: Reader and associated resources successfully removed
[2026-09-29 16:19:57.632 thread:93428 info dds_node_factory.cpp:107]:All readers cleared successfully
[2026-09-29 16:19:57.640 thread:93428 info threadpool.cpp:99]:threadpool release
